#
# A fatal error has been detected by the Java Runtime Environment:
#
#  EXCEPTION_ACCESS_VIOLATION (0xc0000005) at pc=0x0000023bab16e4c3, pid=12672, tid=18660
#
# JRE version: OpenJDK Runtime Environment Microsoft-8035246 (17.0.8+7) (build 17.0.8+7-LTS)
# Java VM: OpenJDK 64-Bit Server VM Microsoft-8035246 (17.0.8+7-LTS, mixed mode, tiered, compressed oops, compressed class ptrs, g1 gc, windows-amd64)
# Problematic frame:
# J 62398 c2 top.leonx.irisflw.vertex.block.ExtendedBlockWriterUnsafe.writeVertex(Lcom/jozufozu/flywheel/api/vertex/VertexList;I)V irisflw@1.1.4 (525 bytes) @ 0x0000023bab16e4c3 [0x0000023bab16e3e0+0x00000000000000e3]
#
# No core dump will be written. Minidumps are not enabled by default on client versions of Windows
#
# If you would like to submit a bug report, please visit:
#   https://aka.ms/minecraftjavacrashes
#

---------------  S U M M A R Y ------------

Command Line: -XX:HeapDumpPath=MojangTricksIntelDriversForPerformance_javaw.exe_minecraft.exe.heapdump -Xss1M -Djava.library.path=\curseforge\minecraft\Install\bin\2567d7e973f5d76f3d773bd5df2b62bb43bb5d0a -Djna.tmpdir=\curseforge\minecraft\Install\bin\2567d7e973f5d76f3d773bd5df2b62bb43bb5d0a -Dorg.lwjgl.system.SharedLibraryExtractPath=\curseforge\minecraft\Install\bin\2567d7e973f5d76f3d773bd5df2b62bb43bb5d0a -Dio.netty.native.workdir=\curseforge\minecraft\Install\bin\2567d7e973f5d76f3d773bd5df2b62bb43bb5d0a -Dminecraft.launcher.brand=minecraft-launcher -Dminecraft.launcher.version=3.6.2 -Djava.net.preferIPv6Addresses=system -DignoreList=bootstraplauncher,securejarhandler,asm-commons,asm-util,asm-analysis,asm-tree,asm,JarJarFileSystems,client-extra,fmlcore,javafmllanguage,lowcodelanguage,mclanguage,forge-,forge-47.3.12.jar,forge-47.3.12 -DmergeModules=jna-5.10.0.jar,jna-platform-5.10.0.jar -DlibraryDirectory=\curseforge\minecraft\Install\libraries --module-path=\curseforge\minecraft\Install\libraries/cpw/mods/bootstraplauncher/1.1.2/bootstraplauncher-1.1.2.jar;\curseforge\minecraft\Install\libraries/cpw/mods/securejarhandler/2.1.10/securejarhandler-2.1.10.jar;\curseforge\minecraft\Install\libraries/org/ow2/asm/asm-commons/9.7.1/asm-commons-9.7.1.jar;\curseforge\minecraft\Install\libraries/org/ow2/asm/asm-util/9.7.1/asm-util-9.7.1.jar;\curseforge\minecraft\Install\libraries/org/ow2/asm/asm-analysis/9.7.1/asm-analysis-9.7.1.jar;\curseforge\minecraft\Install\libraries/org/ow2/asm/asm-tree/9.7.1/asm-tree-9.7.1.jar;\curseforge\minecraft\Install\libraries/org/ow2/asm/asm/9.7.1/asm-9.7.1.jar;\curseforge\minecraft\Install\libraries/net/minecraftforge/JarJarFileSystems/0.3.19/JarJarFileSystems-0.3.19.jar --add-modules=ALL-MODULE-PATH --add-opens=java.base/java.util.jar=cpw.mods.securejarhandler --add-opens=java.base/java.lang.invoke=cpw.mods.securejarhandler --add-exports=java.base/sun.security.util=cpw.mods.securejarhandler --add-exports=jdk.naming.dns/com.sun.jndi.dns=java.naming -Xmx16384m -Xms256m -Dminecraft.applet.TargetDirectory=\curseforge\minecraft\Instances\CSMP 4 -Dfml.ignorePatchDiscrepancies=true -Dfml.ignoreInvalidMinecraftCertificates=true -Duser.language=en -Duser.country=US -DlibraryDirectory=\curseforge\minecraft\Install\libraries -Dlog4j.configurationFile=\curseforge\minecraft\Install\assets\log_configs\client-1.12.xml cpw.mods.bootstraplauncher.BootstrapLauncher --username Caiki --version forge-47.3.12 --gameDir \curseforge\minecraft\Instances\CSMP 4 --assetsDir \curseforge\minecraft\Install\assets --assetIndex 5 --uuid 2bdc9bafa3d6459583d95656b291e8fd -LZQ2f3iA5y8yx3g_zdhz0QbPssFBNH2nIdBwgo --clientId MDIxMGVjZGEtMTg0OS00YmI5LWEzYzQtODU4MjJlYTYzYTUz --xuid 2535410982947856 --userType msa --versionType release --width 1024 --height 768 --quickPlayPath \curseforge\minecraft\Install\quickPlay\java\1735666831529.json --launchTarget forgeclient --fml.forgeVersion 47.3.12 --fml.mcVersion 1.20.1 --fml.forgeGroup net.minecraftforge --fml.mcpVersion 20230612.114412

Host: Intel(R) Core(TM) i9-10900 CPU @ 2.80GHz, 20 cores, 31G,  Windows 11 , 64 bit Build 22621 (10.0.22621.4391)
Time: Tue Dec 31 14:44:03 2024 Hora oficial do Brasil elapsed time: 211.573911 seconds (0d 0h 3m 31s)

---------------  T H R E A D  ---------------

Current thread (0x0000023b9cc49200):  JavaThread "Render thread" [_thread_in_Java, id=18660, stack(0x0000009bec400000,0x0000009bec500000)]

Stack: [0x0000009bec400000,0x0000009bec500000],  sp=0x0000009bec4fc830,  free space=1010k
Native frames: (J=compiled Java code, j=interpreted, Vv=VM code, C=native code)
C  0x0000023bab16e4c3


siginfo: EXCEPTION_ACCESS_VIOLATION (0xc0000005), reading address 0x0000023c3fcd300e


Register to memory mapping:

RIP=0x0000023bab16e4c3 is at entry_point+227 in (nmethod*)0x0000023bab16e190
RAX=2764192918 is a compressed pointer to object: [I 
{0x000000052611e4b0} - klass: {type array int}
 - length: 10
RBX=0x0000023c3fcd2ff0 points into unknown readable memory: 0x000000000000000a | 0a 00 00 00 00 00 00 00
RCX=0x0000000000000009 is an unknown value
RDX=0x000000052619fe48 is an oop: top.leonx.irisflw.vertex.block.ExtendedBlockWriterUnsafe 
{0x000000052619fe48} - klass: 'top/leonx/irisflw/vertex/block/ExtendedBlockWriterUnsafe'
 - ---- fields (total size 5 words):
 - private 'totalVertices' 'I' @12  260 (104)
 - protected 'ptr' 'J' @16  2460894547920 (f8becfd0 23c)
 - private 'writeVertex' 'I' @24  260 (104)
 - public final 'type' 'Lcom/jozufozu/flywheel/api/vertex/VertexType;' @28  a 'top/leonx/irisflw/vertex/block/ExtendedBlockVertex'{0x000000051ab3cbd8} (a356797b)
 - protected final 'buffer' 'Ljava/nio/ByteBuffer;' @32  a 'java/nio/DirectByteBuffer'{0x000000052619fde0} (a4c33fbc)
RSP=0x0000009bec4fc830 is pointing into the stack for thread: 0x0000023b9cc49200
RBP=0x0000009bec4fc970 is pointing into the stack for thread: 0x0000023b9cc49200
RSI=0x00000000000000ec is an unknown value
RDI=0x000000052611e3c8 is an oop: top.leonx.irisflw.vertex.IrisBlockVertexListUnsafe$Shaded 
{0x000000052611e3c8} - klass: 'top/leonx/irisflw/vertex/IrisBlockVertexListUnsafe$Shaded'
 - ---- fields (total size 5 words):
 - protected final 'vertexCount' 'I' @12  344 (158)
 - protected final 'base' 'J' @16  2460997320704 (fedf0000 23c)
 - protected final 'contents' 'Ljava/nio/ByteBuffer;' @24  a 'java/nio/DirectByteBuffer'{0x000000052611e3f0} (a4c23c7e)
 - private final 'unshadedStartVertex' 'I' @28  344 (158)
 - private 'impl' 'Ltop/leonx/irisflw/vertex/IrisBlockVertexReaderImpl;' @32  a 'top/leonx/irisflw/vertex/IrisBlockVertexReaderImpl'{0x000000052611e430} (a4c23c86)
R8 =2764192902 is a compressed pointer to object: top.leonx.irisflw.vertex.IrisBlockVertexReaderImpl 
{0x000000052611e430} - klass: 'top/leonx/irisflw/vertex/IrisBlockVertexReaderImpl'
 - ---- fields (total size 5 words):
 - protected final 'vertexCount' 'I' @12  344 (158)
 - protected final 'base' 'J' @16  2457791692800 (3fcd0000 23c)
 - protected final 'contents' 'Ljava/nio/ByteBuffer;' @24  a 'java/nio/DirectByteBuffer'{0x000000052611e458} (a4c23c8b)
 - private final 'vertexSize' 'I' @28  52 (34)
 - private final 'offsets' 'Lit/unimi/dsi/fastutil/ints/IntList;' @32  a 'it/unimi/dsi/fastutil/ints/IntArrayList'{0x000000052611e498} (a4c23c93)
R9 =0x0000023c3fcd2ff0 points into unknown readable memory: 0x000000000000000a | 0a 00 00 00 00 00 00 00
R10=0x000000000000001c is an unknown value
R11=0x0000023c3fcd300c is an unknown value
R12=0x0 is NULL
R13=0x000000052611e498 is an oop: it.unimi.dsi.fastutil.ints.IntArrayList 
{0x000000052611e498} - klass: 'it/unimi/dsi/fastutil/ints/IntArrayList'
 - ---- fields (total size 3 words):
 - protected 'size' 'I' @12  9
 - protected transient 'a' '[I' @16  [I{0x000000052611e4b0} (a4c23c96)
R14=0x0000000000000009 is an unknown value
R15=0x0000023b9cc49200 is a thread


Registers:
RAX=0x00000000a4c23c96, RBX=0x0000023c3fcd2ff0, RCX=0x0000000000000009, RDX=0x000000052619fe48
RSP=0x0000009bec4fc830, RBP=0x0000009bec4fc970, RSI=0x00000000000000ec, RDI=0x000000052611e3c8
R8 =0x00000000a4c23c86, R9 =0x0000023c3fcd2ff0, R10=0x000000000000001c, R11=0x0000023c3fcd300c
R12=0x0000000000000000, R13=0x000000052611e498, R14=0x0000000000000009, R15=0x0000023b9cc49200
RIP=0x0000023bab16e4c3, EFLAGS=0x0000000000010206

Top of Stack: (sp=0x0000009bec4fc830)
0x0000009bec4fc830:   0000009bec4fc848 0000009bec4fc898
0x0000009bec4fc840:   0000023ba7829a76 00000000000000ec
0x0000009bec4fc850:   0000009bec4fc850 0000023c28275c19
0x0000009bec4fc860:   0000009bec4fc8b0 0000023d65f879c8
0x0000009bec4fc870:   0000000000000000 0000000491b92f88
0x0000009bec4fc880:   0000023c28275c40 0000000000000000
0x0000009bec4fc890:   0000009bec4fc908 0000023ba78295cd
0x0000009bec4fc8a0:   0000009bec4fc970 0000023ba55ff26c
0x0000009bec4fc8b0:   000000052619fde0 000000052619fe48
0x0000009bec4fc8c0:   0000009bec4fc8c0 0000023d65f8ea14
0x0000009bec4fc8d0:   0000009bec4fc920 0000023d661f7370
0x0000009bec4fc8e0:   00000000000000ec 000000052619fe48
0x0000009bec4fc8f0:   000000052611e3c8 0000000000000000
0x0000009bec4fc900:   0000009bec4fc970 0000023ba7829962
0x0000009bec4fc910:   0000023ba7829962 000000052611e3c8
0x0000009bec4fc920:   000000052619fe48 0000009bec4fc928 

Instructions: (pc=0x0000023bab16e4c3)
0x0000023bab16e3c3:   42 00 00 80 3f 04 02 01 3c 00 00 00 40 00 00 80
0x0000023bab16e3d3:   42 00 00 80 3c f4 f4 f4 f4 f4 f4 f4 f4 44 8b 52
0x0000023bab16e3e3:   08 49 bb 00 00 00 00 08 00 00 00 4d 03 d3 49 3b
0x0000023bab16e3f3:   c2 0f 85 86 2c 70 fc 66 90 0f 1f 40 00 89 84 24
0x0000023bab16e403:   00 90 ff ff 55 48 83 ec 70 c4 61 f9 6e da 44 89
0x0000023bab16e413:   4c 24 18 45 8b 58 08 66 0f 1f 44 00 00 41 81 fb
0x0000023bab16e423:   00 80 80 06 0f 85 00 05 00 00 c4 41 f9 6e e8 45
0x0000023bab16e433:   8b 40 20 66 66 0f 1f 84 00 00 00 00 00 47 8b 54
0x0000023bab16e443:   c4 20 47 8b 5c d4 08 4b 63 4c c4 1c 4d 63 c9 4c
0x0000023bab16e453:   0f af c9 4f 03 4c c4 10 0f 1f 44 00 00 41 81 fb
0x0000023bab16e463:   e8 dc b4 00 0f 85 db 04 00 00 4f 8d 2c d4 41 8b
0x0000023bab16e473:   4d 0c 85 c9 0f 8e 23 05 00 00 41 8b 45 10 45 8b
0x0000023bab16e483:   54 c4 0c 41 83 fa 08 0f 86 d8 04 00 00 4d 63 54
0x0000023bab16e493:   c4 10 49 8b d9 4c 8b db 4d 03 da c4 c1 7a 10 73
0x0000023bab16e4a3:   08 c4 c1 7a 10 6b 04 c4 41 7a 10 03 83 f9 04 0f
0x0000023bab16e4b3:   8e 1c 05 00 00 4d 63 54 c4 20 4c 8b db 4d 03 da
0x0000023bab16e4c3:   45 0f be 53 02 45 0f be 43 01 45 0f be 1b c4 c1
0x0000023bab16e4d3:   72 2a ca c4 c1 7a 2a c3 c4 c1 5a 2a e0 c5 7a 5e
0x0000023bab16e4e3:   0d d8 fe ff ff c5 f2 5e 1d d0 fe ff ff c5 da 5e
0x0000023bab16e4f3:   0d c8 fe ff ff 83 f9 02 0f 1f 44 00 00 0f 8e 16
0x0000023bab16e503:   05 00 00 4d 63 54 c4 18 4c 8b db 4d 03 da c4 c1
0x0000023bab16e513:   7a 10 7b 04 c4 41 7a 10 13 0f 1f 40 00 83 f9 01
0x0000023bab16e523:   0f 8e 4b 05 00 00 4d 63 54 c4 14 48 8b fb 49 03
0x0000023bab16e533:   fa 44 0f be 57 03 44 0f be 47 02 44 0f be 5f 01
0x0000023bab16e543:   0f be 2f 83 f9 03 0f 8e 89 05 00 00 c4 41 79 6e
0x0000023bab16e553:   e3 c4 c1 79 6e d0 c4 c1 79 6e c2 44 8b f1 49 8b
0x0000023bab16e563:   c9 c5 e2 59 25 54 fe ff ff c5 b2 59 1d 4c fe ff
0x0000023bab16e573:   ff c5 f2 59 0d 44 fe ff ff 48 8b 7a 10 45 8b 4c
0x0000023bab16e583:   c4 1c c5 7a 2c d4 41 81 fa 00 00 00 80 75 10 48
0x0000023bab16e593:   83 ec 08 c5 fa 11 24 24 e8 53 2b 6b fc 41 5a c5
0x0000023bab16e5a3:   7a 2c c1 41 81 f8 00 00 00 80 75 10 48 83 ec 08
0x0000023bab16e5b3:   c5 fa 11 0c 24 e8 36 2b 6b fc 41 58 c5 7a 2c db 


Stack slot to memory mapping:
stack at sp + 0 slots: 0x0000009bec4fc848 is pointing into the stack for thread: 0x0000023b9cc49200
stack at sp + 1 slots: 0x0000009bec4fc898 is pointing into the stack for thread: 0x0000023b9cc49200
stack at sp + 2 slots: 0x0000023ba7829a76 is at code_begin+2518 in an Interpreter codelet
return entry points  [0x0000023ba78290a0, 0x0000023ba7829ba0]  2816 bytes
stack at sp + 3 slots: 0x00000000000000ec is an unknown value
stack at sp + 4 slots: 0x0000009bec4fc850 is pointing into the stack for thread: 0x0000023b9cc49200
stack at sp + 5 slots: 0x0000023c28275c19 is pointing into metadata
stack at sp + 6 slots: 0x0000009bec4fc8b0 is pointing into the stack for thread: 0x0000023b9cc49200
stack at sp + 7 slots: 0x0000023d65f879c8 is pointing into metadata

--------------------------------------------------------------------------------

[Constant Pool]
             Address          hex4                    hex8      
  0x0000023bab16e3c0:   0x42fe0000      0x3f80000042fe0000      
  0x0000023bab16e3c4:   0x3f800000                              
  0x0000023bab16e3c8:   0x3c010204      0x400000003c010204      
  0x0000023bab16e3cc:   0x40000000                              
  0x0000023bab16e3d0:   0x42800000      0x3c80000042800000      
  0x0000023bab16e3d4:   0x3c800000                              
  0x0000023bab16e3d8:   0xf4f4f4f4      0xf4f4f4f4f4f4f4f4      
  0x0000023bab16e3dc:   0xf4f4f4f4                              

--------------------------------------------------------------------------------

[MachCode]
  0x0000023bab16e3e0: 448b 5208 | 49bb 0000 | 0000 0800 | 0000 4d03 | d349 3bc2 | 0f85 862c | 70fc 6690 | 0f1f 4000 
  0x0000023bab16e400: 8984 2400 | 90ff ff55 | 4883 ec70 | c461 f96e | da44 894c | 2418 458b | 5808 660f | 1f44 0000 
  0x0000023bab16e420: 4181 fb00 | 8080 060f | 8500 0500 | 00c4 41f9 | 6ee8 458b | 4020 6666 | 0f1f 8400 | 0000 0000 
  0x0000023bab16e440: 478b 54c4 | 2047 8b5c | d408 4b63 | 4cc4 1c4d | 63c9 4c0f | afc9 4f03 | 4cc4 100f | 1f44 0000 
  0x0000023bab16e460: 4181 fbe8 | dcb4 000f | 85db 0400 | 004f 8d2c | d441 8b4d | 0c85 c90f | 8e23 0500 | 0041 8b45 
  0x0000023bab16e480: 1045 8b54 | c40c 4183 | fa08 0f86 | d804 0000 | 4d63 54c4 | 1049 8bd9 | 4c8b db4d | 03da c4c1 
  0x0000023bab16e4a0: 7a10 7308 | c4c1 7a10 | 6b04 c441 | 7a10 0383 | f904 0f8e | 1c05 0000 | 4d63 54c4 | 204c 8bdb 
  0x0000023bab16e4c0: 4d03 da45 | 0fbe 5302 | 450f be43 | 0145 0fbe | 1bc4 c172 | 2aca c4c1 | 7a2a c3c4 | c15a 2ae0 
  0x0000023bab16e4e0: c57a 5e0d | d8fe ffff | c5f2 5e1d | d0fe ffff | c5da 5e0d | c8fe ffff | 83f9 020f | 1f44 0000 
  0x0000023bab16e500: 0f8e 1605 | 0000 4d63 | 54c4 184c | 8bdb 4d03 | dac4 c17a | 107b 04c4 | 417a 1013 | 0f1f 4000 
  0x0000023bab16e520: 83f9 010f | 8e4b 0500 | 004d 6354 | c414 488b | fb49 03fa | 440f be57 | 0344 0fbe | 4702 440f 
  0x0000023bab16e540: be5f 010f | be2f 83f9 | 030f 8e89 | 0500 00c4 | 4179 6ee3 | c4c1 796e | d0c4 c179 | 6ec2 448b 
  0x0000023bab16e560: f149 8bc9 | c5e2 5925 | 54fe ffff | c5b2 591d | 4cfe ffff | c5f2 590d | 44fe ffff | 488b 7a10 
  0x0000023bab16e580: 458b 4cc4 | 1cc5 7a2c | d441 81fa | 0000 0080 | 7510 4883 | ec08 c5fa | 1124 24e8 | 532b 6bfc 
  0x0000023bab16e5a0: 415a c57a | 2cc1 4181 | f800 0000 | 8075 1048 | 83ec 08c5 | fa11 0c24 | e836 2b6b | fc41 58c5 
  0x0000023bab16e5c0: 7a2c db41 | 81fb 0000 | 0080 7510 | 4883 ec08 | c5fa 111c | 24e8 192b | 6bfc 415b | 4d63 c942 
  0x0000023bab16e5e0: 8b34 0b48 | 8bd7 c57a | 1102 c5fa | 116a 04c5 | fa11 7208 | 4088 6a0c | c441 797e | e144 884a 
  0x0000023bab16e600: 0dc4 c179 | 7ed1 4488 | 4a0e c4c1 | 797e c144 | 884a 0fc5 | 7a11 5210 | c5fa 117a | 14c1 e608 
  0x0000023bab16e620: 8972 1844 | 885a 1c44 | 8842 1d44 | 8852 1e41 | 83fe 060f | 8e13 0500 | 004d 6354 | c428 4c8b 
  0x0000023bab16e640: db4d 03da | c4c1 7a10 | 5304 c4c1 | 7a10 2345 | 8bd6 4183 | fa07 0f8e | 2805 0000 | 8be8 458b 
  0x0000023bab16e660: 5cc4 2c4d | 63d3 468b | 0413 450f | bed0 458b | d841 c1fb | 18c4 c172 | 2aca c5f2 | 591d 46fd 
  0x0000023bab16e680: ffff c5e2 | 580d 3afd | ffff c5f2 | 592d 2efd | ffff c4c1 | 622a dbc5 | e259 0d29 | fdff ffc5 
  0x0000023bab16e6a0: f258 1d1d | fdff ffc5 | e259 1d11 | fdff ffc5 | 7a2c dd41 | 81fb 0000 | 0080 7510 | 4883 ec08 
  0x0000023bab16e6c0: c5fa 112c | 24e8 292a | 6bfc 415b | c57a 2cd3 | 4181 fa00 | 0000 8075 | 1048 83ec | 08c5 fa11 
  0x0000023bab16e6e0: 1c24 e80c | 2a6b fc41 | 5a45 0fb6 | db41 8bc3 | 41c1 e218 | 458b c841 | c1e9 1041 | c1e8 0845 
  0x0000023bab16e700: 0fbe d945 | 0fbe c8c4 | c162 2adb | c5e2 590d | b4fc ffff | c5f2 581d | a8fc ffff | c5e2 592d 
  0x0000023bab16e720: 9cfc ffff | c4c1 722a | c9c5 f259 | 1d97 fcff | ffc5 e258 | 1d8b fcff | ffc5 e259 | 0d7f fcff 
  0x0000023bab16e740: ffc5 7a2c | c541 81f8 | 0000 0080 | 7510 4883 | ec08 c5fa | 112c 24e8 | 9729 6bfc | 4158 c57a 
  0x0000023bab16e760: 2cd9 4181 | fb00 0000 | 8075 1048 | 83ec 08c5 | fa11 0c24 | e87a 296b | fc41 5b45 | 0fb6 c045 
  0x0000023bab16e780: 0fb6 db41 | c1e0 1041 | c1e3 0844 | 8bc8 450b | cb45 0bc8 | 450b cac4 | c179 6ec9 | 0f1f 4000 
  0x0000023bab16e7a0: 4183 fe08 | 0f8e 1e04 | 0000 458b | 54ec 304d | 63d2 468b | 0413 458b | d045 0fb6 | d245 8bc8 
  0x0000023bab16e7c0: 4181 e100 | 0000 ffc4 | c162 2ada | c5e2 592d | 00fc ffff | c5d2 581d | f0fb ffff | c5e2 592d 
  0x0000023bab16e7e0: ecfb ffff | 458b d841 | c1eb 10c5 | fa2c f581 | fe00 0000 | 8075 0f48 | 83ec 08c5 | fa11 2c24 
  0x0000023bab16e800: e8ee 286b | fc5e 450f | b6db 400f | b6f6 c4c1 | 622a dbc5 | e259 2db9 | fbff ffc5 | d258 1da9 
  0x0000023bab16e820: fbff ffc5 | e259 2da5 | fbff ff41 | c1e8 08c5 | fa2c c581 | f800 0000 | 8075 0f48 | 83ec 08c5 
  0x0000023bab16e840: fa11 2c24 | e8aa 286b | fc58 450f | b6c0 0fb6 | c0c4 c162 | 2ad8 c5e2 | 592d 76fb | ffff c5d2 
  0x0000023bab16e860: 581d 66fb | ffff c5e2 | 592d 62fb | ffff c1e0 | 10c5 7a2c | d541 81fa | 0000 0080 | 7510 4883 
  0x0000023bab16e880: ec08 c5fa | 112c 24e8 | 6728 6bfc | 415a 450f | b6d2 41c1 | e208 410b | f20b f041 | 0bf1 6690 
  0x0000023bab16e8a0: 4183 fe05 | 0f8e 6603 | 0000 c441 | f97e da45 | 8b52 184d | 635c ec24 | 4903 dbc4 | 41f9 7edb 
  0x0000023bab16e8c0: 458b 5b0c | 440f bf0b | 0fbf 5b02 | c5fa 1162 | 20c5 fa11 | 5224 c4c1 | 797e c844 | 8942 2889 
  0x0000023bab16e8e0: 722c 6644 | 894a 3066 | 895a 3241 | ffc2 c441 | f97e d845 | 8950 1849 | b8c0 c9b3 | 1a05 0000 
  0x0000023bab16e900: 004d 6340 | 104c 03c7 | c441 f97e | d94d 8941 | 1045 3bd3 | 7e72 4589 | 510c 4883 | c470 5d49 
  0x0000023bab16e920: 3ba7 4803 | 0000 0f87 | 6803 0000 | c3ba deff | ffff c461 | f97e dd4c | 8944 2410 | 4489 4c24 
  0x0000023bab16e940: 0c66 90e8 | b87f 70fc | bade ffff | ffc4 61f9 | 7edd c57b | 112c 244c | 894c 2410 | 4489 5424 
  0x0000023bab16e960: 0c66 90e8 | 987f 70fc | bae4 ffff | ffc4 61f9 | 7edd c57b | 112c 244c | 894c 2410 | 8944 240c 
  0x0000023bab16e980: 6666 90e8 | 787f 70fc | ba45 ffff | ff49 8be9 | 4489 1424 | 4489 5c24 | 0466 90e8 | 607f 70fc 
  0x0000023bab16e9a0: ba45 ffff | ffc4 61f9 | 7edd c57b | 112c 2448 | 8944 24f8 | 8b44 2418 | 8944 2408 | 488b 4424 
  0x0000023bab16e9c0: f84c 894c | 2410 4c89 | 6c24 1889 | 4c24 0ce8 | 2c7f 70fc | ba45 ffff | ffc4 61f9 | 7edd c57b 
  0x0000023bab16e9e0: 112c 2448 | 8944 24f8 | 8b44 2418 | 8944 2408 | 488b 4424 | f8c5 7a11 | 4424 0cc5 | fa11 6c24 
  0x0000023bab16ea00: 10c5 fa11 | 7424 144c | 894c 2418 | 4c89 6c24 | 2089 4c24 | 2866 90e8 | e47e 70fc | ba45 ffff 
  0x0000023bab16ea20: ffc4 61f9 | 7edd c57b | 112c 2448 | 8944 24f8 | 8b44 2418 | 8944 2408 | 488b 4424 | f8c5 7a11 
  0x0000023bab16ea40: 4424 0cc5 | fa11 6c24 | 10c5 fa11 | 7424 14c5 | 7a11 4c24 | 18c5 fa11 | 4c24 1cc5 | fa11 5c24 
  0x0000023bab16ea60: 204c 894c | 2428 4c89 | 6c24 3089 | 4c24 24e8 | 8c7e 70fc | ba45 ffff | ffc4 61f9 | 7edd c57b 
  0x0000023bab16ea80: 112c 2448 | 8944 24f8 | 8b44 2418 | 8944 2408 | 488b 4424 | f8c5 7a11 | 4424 0cc5 | fa11 6c24 
  0x0000023bab16eaa0: 10c5 fa11 | 7424 14c5 | 7a11 4c24 | 18c5 fa11 | 4c24 1cc5 | fa11 5c24 | 20c5 7a11 | 5424 24c5 
  0x0000023bab16eac0: fa11 7c24 | 284c 894c | 2430 4c89 | 6c24 3889 | 4c24 2ce8 | 287e 70fc | ba45 ffff | ffc5 7b11 
  0x0000023bab16eae0: 1c24 c57b | 116c 2408 | 4889 4424 | f88b 4424 | 1889 4424 | 1048 8b44 | 24f8 c57a | 1144 2414 
  0x0000023bab16eb00: c5fa 116c | 2418 c5fa | 1174 241c | c57a 114c | 2420 c5fa | 114c 2424 | c5fa 115c | 2428 c57a 
  0x0000023bab16eb20: 1154 242c | c5fa 117c | 2430 4489 | 5c24 3444 | 8944 2438 | 4489 5424 | 3c4c 894c | 2440 4c89 
  0x0000023bab16eb40: 6c24 4889 | 4c24 50e8 | b47d 70fc | ba45 ffff | ffc4 61f9 | 7edd 4889 | 4424 f88b | 4424 1889 
  0x0000023bab16eb60: 0424 488b | 4424 f8c5 | 7b11 6c24 | 0848 894c | 2410 4c89 | 6c24 1844 | 8974 2404 | 6666 90e8 
  0x0000023bab16eb80: 7c7d 70fc | ba45 ffff | ffc4 61f9 | 7edd 4889 | 4424 f88b | 4424 1889 | 0424 488b | 4424 f8c5 
  0x0000023bab16eba0: 7b11 6c24 | 08c5 fa11 | 6424 04c5 | fa11 5424 | 1048 894c | 2418 4c89 | 6c24 2044 | 8954 2414 
  0x0000023bab16ebc0: 6666 90e8 | 387d 70fc | ba45 ffff | ffc4 61f9 | 7edd 4889 | 4424 f88b | 4424 1889 | 0424 488b 
  0x0000023bab16ebe0: 4424 f8c5 | 7b11 6c24 | 08c5 fa11 | 6424 04c5 | fa11 5424 | 1044 894c | 2414 4889 | 4c24 184c 
  0x0000023bab16ec00: 896c 2420 | 4489 7424 | 2866 90e8 | f07c 70fc | ba45 ffff | ffc4 61f9 | 7edd 4889 | 4424 f88b 
  0x0000023bab16ec20: 4424 1889 | 0424 488b | 4424 f8c5 | 7b11 6c24 | 08c5 fa11 | 6424 04c5 | fa11 5424 | 10c5 fa11 
  0x0000023bab16ec40: 4c24 1489 | 7424 1848 | 894c 2420 | 4c89 6c24 | 2844 8974 | 241c 90e8 | a47c 70fc | baf6 ffff 
  0x0000023bab16ec60: ff41 8be9 | 6666 90e8 | 947c 70fc | baf6 ffff | ff41 8be9 | 6666 90e8 | 847c 70fc | baf6 ffff 
  0x0000023bab16ec80: ff66 90e8 | 787c 70fc | baf6 ffff | ff66 90e8 | 6c7c 70fc | 49ba 1fe9 | 16ab 3b02 | 0000 4d89 
  0x0000023bab16eca0: 9760 0300 | 00e9 568d | 70fc f4f4 | f4f4 f4f4 | f4f4 f4f4 | f4f4 f4f4 | f4f4 f4f4 | f4f4 f4f4 
  0x0000023bab16ecc0: e9bb 537a | fce8 0000 | 0000 4883 | 2c24 05e9 | cc7f 70fc | f4f4 f4f4 
[/MachCode]
--------------------------------------------------------------------------------


---------------  P R O C E S S  ---------------

Threads class SMR info:
_java_thread_list=0x0000023cec8862d0, length=194, elements={
0x0000023b9cc49200, 0x0000023bd92ac8b0, 0x0000023bd92aeed0, 0x0000023bd92ffd40,
0x0000023bd9301620, 0x0000023bd9302690, 0x0000023bd9303700, 0x0000023bd9308260,
0x0000023bd9309be0, 0x0000023bd930ac90, 0x0000023bd93b4090, 0x0000023bd9751fe0,
0x0000023be0b249e0, 0x0000023bed2b70f0, 0x0000023bed2b61c0, 0x0000023bed2ba8a0,
0x0000023bed2bb2c0, 0x0000023bed2bb7d0, 0x0000023bed2b4870, 0x0000023bed2bc1f0,
0x0000023bed2b4d80, 0x0000023be0b27c80, 0x0000023bdee19450, 0x0000023bdee1e550,
0x0000023bdee1cc00, 0x0000023bdee19960, 0x0000023bdee17b00, 0x0000023bdee175f0,
0x0000023bdee18010, 0x0000023bdee1d110, 0x0000023bdee1ada0, 0x0000023bdee18a30,
0x0000023bdee1d620, 0x0000023bdee1a380, 0x0000023bdee1e040, 0x0000023bdee1a890,
0x0000023bf3059d50, 0x0000023bf305a260, 0x0000023bf30574d0, 0x0000023bf3058e20,
0x0000023bf03bd4d0, 0x0000023bf03bcfc0, 0x0000023bf03bac50, 0x0000023bf03bc5a0,
0x0000023bf03bcab0, 0x0000023bf03bb160, 0x0000023bf03b79b0, 0x0000023bf03b6060,
0x0000023bf03bd9e0, 0x0000023bf03b9810, 0x0000023bf03b6a80, 0x0000023bf03bb670,
0x0000023bf03bbb80, 0x0000023bf03bc090, 0x0000023bf305ac80, 0x0000023bf3055b80,
0x0000023bf3058400, 0x0000023be0b25910, 0x0000023beee81980, 0x0000023beee7e1d0,
0x0000023bfb6dec90, 0x0000023be3e78e60, 0x0000023bf38fbe00, 0x0000023bf1d1b1b0,
0x0000023bf1d1a280, 0x0000023bed88c880, 0x0000023bed88cd90, 0x0000023bff5aacb0,
0x0000023bed39dfb0, 0x0000023bfc1ce580, 0x0000023bfc1ce070, 0x0000023bf2bdbd30,
0x0000023bff1fa580, 0x0000023bff1faa90, 0x0000023be3e78950, 0x0000023bff3afa70,
0x0000023bff3b22f0, 0x0000023b8419a9f0, 0x0000023bff1fa070, 0x0000023bff665570,
0x0000023bff6669b0, 0x0000023be296e3d0, 0x0000023be3e78440, 0x0000023bfc1cefa0,
0x0000023bfc799220, 0x0000023bfc43bec0, 0x0000023bf0314d20, 0x0000023bfc135360,
0x0000023bfb6df6b0, 0x0000023bf38fc310, 0x0000023bfb6de780, 0x0000023be3e79370,
0x0000023bff665060, 0x0000023be296e8e0, 0x0000023bfb6de270, 0x0000023be3e79880,
0x0000023bd97da8d0, 0x0000023bed39e9d0, 0x0000023bf38fb8f0, 0x0000023b8419a4e0,
0x0000023b8419b410, 0x0000023bfb6df1a0, 0x0000023bff5ab6d0, 0x0000023bff5ab1c0,
0x0000023be3e77f30, 0x0000023bee4a2a80, 0x0000023bff3b0490, 0x0000023beee7e6e0,
0x0000023bfc43b9b0, 0x0000023b8419af00, 0x0000023bff5aa7a0, 0x0000023bfbbad060,
0x0000023beee81470, 0x0000023bf3635780, 0x0000023beee7af30, 0x0000023bfbbabc20,
0x0000023bf3635c90, 0x0000023bf2bdb820, 0x0000023bff665a80, 0x0000023bf2bda8f0,
0x0000023beee7fb20, 0x0000023bf3638510, 0x0000023bf36375e0, 0x0000023bf3634d60,
0x0000023bf0880bd0, 0x0000023bf1d1b6c0, 0x0000023bfc1cea90, 0x0000023bfc1cf4b0,
0x0000023bd97dade0, 0x0000023c24dfa6c0, 0x0000023bf36361a0, 0x0000023beee7b440,
0x0000023b8c24d3b0, 0x0000023bd97db2f0, 0x0000023bd97db800, 0x0000023c24df9ca0,
0x0000023bff3b1de0, 0x0000023bff3b0eb0, 0x0000023bed88c370, 0x0000023be06028f0,
0x0000023be06014b0, 0x0000023be0602e00, 0x0000023be0603310, 0x0000023be0600fa0,
0x0000023be0601ed0, 0x0000023be0600580, 0x0000023b8c24d8c0, 0x0000023b8c24c990,
0x0000023bfc43c3d0, 0x0000023c25a0cf40, 0x0000023ced0b1690, 0x0000023ced0b1ba0,
0x0000023bf304c4a0, 0x0000023bf304c9b0, 0x0000023c1eebf9c0, 0x0000023c1eebfed0,
0x0000023bfbbac640, 0x0000023bfbbab200, 0x0000023bd97dbd10, 0x0000023bfbbaa2d0,
0x0000023bf3637af0, 0x0000023bfc7982f0, 0x0000023bee4a48e0, 0x0000023cebc01ef0,
0x0000023bee4a3ec0, 0x0000023be296d4a0, 0x0000023cf9febc90, 0x0000023bf0315c50,
0x0000023ceb6fa9b0, 0x0000023c2b27e9d0, 0x0000023c25a0ca30, 0x0000023c25a0de70,
0x0000023c2b27d080, 0x0000023bee4a2570, 0x0000023ceb6fb3d0, 0x0000023ced0b34f0,
0x0000023b8a0c2390, 0x0000023cf9fead60, 0x0000023c2b280830, 0x0000023bf304e810,
0x0000023bee4a34a0, 0x0000023bf08801b0, 0x0000023ced0b1180, 0x0000023ced201d10,
0x0000023cee2b0660, 0x0000023cee2af220, 0x0000023cee2adde0, 0x0000023cee2b1080,
0x0000023cee2ae2f0, 0x0000023cee2ae800, 0x0000023cee2b0b70, 0x0000023cee2b1590,
0x0000023cee2af730, 0x0000023cf5e08500
}

Java Threads: ( => current thread )
=>0x0000023b9cc49200 JavaThread "Render thread" [_thread_in_Java, id=18660, stack(0x0000009bec400000,0x0000009bec500000)]
  0x0000023bd92ac8b0 JavaThread "Reference Handler" daemon [_thread_blocked, id=1340, stack(0x0000009becb00000,0x0000009becc00000)]
  0x0000023bd92aeed0 JavaThread "Finalizer" daemon [_thread_blocked, id=14380, stack(0x0000009becc00000,0x0000009becd00000)]
  0x0000023bd92ffd40 JavaThread "Signal Dispatcher" daemon [_thread_blocked, id=9832, stack(0x0000009becd00000,0x0000009bece00000)]
  0x0000023bd9301620 JavaThread "Attach Listener" daemon [_thread_blocked, id=9860, stack(0x0000009bece00000,0x0000009becf00000)]
  0x0000023bd9302690 JavaThread "Service Thread" daemon [_thread_blocked, id=18740, stack(0x0000009becf00000,0x0000009bed000000)]
  0x0000023bd9303700 JavaThread "Monitor Deflation Thread" daemon [_thread_blocked, id=12924, stack(0x0000009bed000000,0x0000009bed100000)]
  0x0000023bd9308260 JavaThread "C2 CompilerThread0" daemon [_thread_blocked, id=20072, stack(0x0000009bed100000,0x0000009bed200000)]
  0x0000023bd9309be0 JavaThread "C1 CompilerThread0" daemon [_thread_blocked, id=22260, stack(0x0000009bed200000,0x0000009bed300000)]
  0x0000023bd930ac90 JavaThread "Sweeper thread" daemon [_thread_blocked, id=12968, stack(0x0000009bed300000,0x0000009bed400000)]
  0x0000023bd93b4090 JavaThread "Common-Cleaner" daemon [_thread_blocked, id=10288, stack(0x0000009bed400000,0x0000009bed500000)]
  0x0000023bd9751fe0 JavaThread "Notification Thread" daemon [_thread_blocked, id=17372, stack(0x0000009bed900000,0x0000009beda00000)]
  0x0000023be0b249e0 JavaThread "pool-2-thread-1" daemon [_thread_blocked, id=3964, stack(0x0000009bee300000,0x0000009bee400000)]
  0x0000023bed2b70f0 JavaThread "Thread-0" daemon [_thread_blocked, id=23768, stack(0x0000009bef700000,0x0000009bef800000)]
  0x0000023bed2b61c0 JavaThread "JNA Cleaner" daemon [_thread_blocked, id=4060, stack(0x0000009befa00000,0x0000009befb00000)]
  0x0000023bed2ba8a0 JavaThread "Thread-2" daemon [_thread_in_native, id=24448, stack(0x0000009befd00000,0x0000009befe00000)]
  0x0000023bed2bb2c0 JavaThread "Thread-3" daemon [_thread_in_native, id=9612, stack(0x0000009befe00000,0x0000009beff00000)]
  0x0000023bed2bb7d0 JavaThread "Thread-4" daemon [_thread_in_native, id=14524, stack(0x0000009beff00000,0x0000009bf0000000)]
  0x0000023bed2b4870 JavaThread "Thread-5" daemon [_thread_in_native, id=1164, stack(0x0000009bf0000000,0x0000009bf0100000)]
  0x0000023bed2bc1f0 JavaThread "Thread-6" daemon [_thread_in_native, id=21804, stack(0x0000009bf0100000,0x0000009bf0200000)]
  0x0000023bed2b4d80 JavaThread "Thread-7" daemon [_thread_in_native, id=24216, stack(0x0000009bf0200000,0x0000009bf0300000)]
  0x0000023be0b27c80 JavaThread "Thread-8" daemon [_thread_in_native, id=18976, stack(0x0000009bf0300000,0x0000009bf0400000)]
  0x0000023bdee19450 JavaThread "Thread-9" daemon [_thread_in_native, id=22664, stack(0x0000009bf0400000,0x0000009bf0500000)]
  0x0000023bdee1e550 JavaThread "Thread-10" daemon [_thread_in_native, id=7036, stack(0x0000009bf0500000,0x0000009bf0600000)]
  0x0000023bdee1cc00 JavaThread "Thread-11" daemon [_thread_in_native, id=21956, stack(0x0000009bf0600000,0x0000009bf0700000)]
  0x0000023bdee19960 JavaThread "Thread-12" daemon [_thread_in_native, id=8984, stack(0x0000009bf0700000,0x0000009bf0800000)]
  0x0000023bdee17b00 JavaThread "Thread-13" daemon [_thread_in_native, id=20852, stack(0x0000009bf0800000,0x0000009bf0900000)]
  0x0000023bdee175f0 JavaThread "Thread-14" daemon [_thread_in_native, id=4968, stack(0x0000009bf0900000,0x0000009bf0a00000)]
  0x0000023bdee18010 JavaThread "Thread-15" daemon [_thread_in_native, id=3224, stack(0x0000009bf0a00000,0x0000009bf0b00000)]
  0x0000023bdee1d110 JavaThread "Thread-16" daemon [_thread_in_native, id=4108, stack(0x0000009bf0b00000,0x0000009bf0c00000)]
  0x0000023bdee1ada0 JavaThread "Thread-17" daemon [_thread_in_native, id=19588, stack(0x0000009bf0c00000,0x0000009bf0d00000)]
  0x0000023bdee18a30 JavaThread "Thread-18" daemon [_thread_in_native, id=22872, stack(0x0000009bf0d00000,0x0000009bf0e00000)]
  0x0000023bdee1d620 JavaThread "Thread-19" daemon [_thread_in_native, id=6052, stack(0x0000009bf0e00000,0x0000009bf0f00000)]
  0x0000023bdee1a380 JavaThread "Thread-20" daemon [_thread_in_native, id=8240, stack(0x0000009bf0f00000,0x0000009bf1000000)]
  0x0000023bdee1e040 JavaThread "Thread-21" daemon [_thread_in_native, id=22492, stack(0x0000009bf1000000,0x0000009bf1100000)]
  0x0000023bdee1a890 JavaThread "Thread-22" daemon [_thread_in_native, id=7364, stack(0x0000009bf1100000,0x0000009bf1200000)]
  0x0000023bf3059d50 JavaThread "Timer hack thread" daemon [_thread_blocked, id=20344, stack(0x0000009bef400000,0x0000009bef500000)]
  0x0000023bf305a260 JavaThread "Yggdrasil Key Fetcher" daemon [_thread_blocked, id=20392, stack(0x0000009bf1b00000,0x0000009bf1c00000)]
  0x0000023bf30574d0 JavaThread "FileSystemWatchService" daemon [_thread_in_native, id=22496, stack(0x0000009bef800000,0x0000009bef900000)]
  0x0000023bf3058e20 JavaThread "DFU cleaning thread" daemon [_thread_blocked, id=22104, stack(0x0000009bf1700000,0x0000009bf1800000)]
  0x0000023bf03bd4d0 JavaThread "modloading-worker-0" daemon [_thread_blocked, id=20520, stack(0x0000009bef000000,0x0000009bef100000)]
  0x0000023bf03bcfc0 JavaThread "modloading-worker-0" daemon [_thread_blocked, id=11008, stack(0x0000009bef900000,0x0000009befa00000)]
  0x0000023bf03bac50 JavaThread "modloading-worker-0" daemon [_thread_blocked, id=22996, stack(0x0000009bf1800000,0x0000009bf1900000)]
  0x0000023bf03bc5a0 JavaThread "modloading-worker-0" daemon [_thread_blocked, id=3052, stack(0x0000009bf1900000,0x0000009bf1a00000)]
  0x0000023bf03bcab0 JavaThread "modloading-worker-0" daemon [_thread_blocked, id=23476, stack(0x0000009bf1d00000,0x0000009bf1e00000)]
  0x0000023bf03bb160 JavaThread "modloading-worker-0" daemon [_thread_blocked, id=11216, stack(0x0000009bf2100000,0x0000009bf2200000)]
  0x0000023bf03b79b0 JavaThread "modloading-worker-0" daemon [_thread_blocked, id=2564, stack(0x0000009bf2200000,0x0000009bf2300000)]
  0x0000023bf03b6060 JavaThread "modloading-worker-0" daemon [_thread_blocked, id=14248, stack(0x0000009bf2300000,0x0000009bf2400000)]
  0x0000023bf03bd9e0 JavaThread "modloading-worker-0" daemon [_thread_blocked, id=5748, stack(0x0000009bf2500000,0x0000009bf2600000)]
  0x0000023bf03b9810 JavaThread "modloading-worker-0" daemon [_thread_blocked, id=18648, stack(0x0000009bf2700000,0x0000009bf2800000)]
  0x0000023bf03b6a80 JavaThread "modloading-worker-0" daemon [_thread_blocked, id=21580, stack(0x0000009bf2800000,0x0000009bf2900000)]
  0x0000023bf03bb670 JavaThread "modloading-worker-0" daemon [_thread_blocked, id=24500, stack(0x0000009bf2900000,0x0000009bf2a00000)]
  0x0000023bf03bbb80 JavaThread "modloading-worker-0" daemon [_thread_blocked, id=5976, stack(0x0000009bf2a00000,0x0000009bf2b00000)]
  0x0000023bf03bc090 JavaThread "modloading-worker-0" daemon [_thread_blocked, id=2428, stack(0x0000009bf2b00000,0x0000009bf2c00000)]
  0x0000023bf305ac80 JavaThread "modloading-worker-0" daemon [_thread_blocked, id=12484, stack(0x0000009bf2c00000,0x0000009bf2d00000)]
  0x0000023bf3055b80 JavaThread "modloading-worker-0" daemon [_thread_blocked, id=24192, stack(0x0000009bf2d00000,0x0000009bf2e00000)]
  0x0000023bf3058400 JavaThread "modloading-worker-0" daemon [_thread_blocked, id=10516, stack(0x0000009bf2e00000,0x0000009bf2f00000)]
  0x0000023be0b25910 JavaThread "modloading-worker-0" daemon [_thread_blocked, id=24340, stack(0x0000009bf2f00000,0x0000009bf3000000)]
  0x0000023beee81980 JavaThread "Java2D Disposer" daemon [_thread_blocked, id=23188, stack(0x0000009bf3900000,0x0000009bf3a00000)]
  0x0000023beee7e1d0 JavaThread "FileSystemWatchService" daemon [_thread_in_native, id=20672, stack(0x0000009bf3500000,0x0000009bf3600000)]
  0x0000023bfb6dec90 JavaThread "JEI Config File Watcher" daemon [_thread_blocked, id=12016, stack(0x0000009bf3800000,0x0000009bf3900000)]
  0x0000023be3e78e60 JavaThread "IO-Worker-1" daemon [_thread_blocked, id=22296, stack(0x0000009bf3a00000,0x0000009bf3b00000)]
  0x0000023bf38fbe00 JavaThread "HttpClient-2-SelectorManager" daemon [_thread_in_native, id=7784, stack(0x0000009bf3c00000,0x0000009bf3d00000)]
  0x0000023bf1d1b1b0 JavaThread "FileSystemWatchService" daemon [_thread_in_native, id=22508, stack(0x0000009bf3f00000,0x0000009bf4000000)]
  0x0000023bf1d1a280 JavaThread "Config Lib config file watcher" daemon [_thread_blocked, id=15332, stack(0x0000009bf4000000,0x0000009bf4100000)]
  0x0000023bed88c880 JavaThread "FileSystemWatchService" daemon [_thread_in_native, id=14532, stack(0x0000009bf4100000,0x0000009bf4200000)]
  0x0000023bed88cd90 JavaThread "FTB Backups Config Watcher 0" daemon [_thread_blocked, id=21492, stack(0x0000009bf2000000,0x0000009bf2100000)]
  0x0000023bff5aacb0 JavaThread "FileSystemWatchService" daemon [_thread_in_native, id=7492, stack(0x0000009bf4200000,0x0000009bf4300000)]
  0x0000023bed39dfb0 JavaThread "FTB Backups scheduled executor 0" daemon [_thread_blocked, id=7112, stack(0x0000009bf4300000,0x0000009bf4400000)]
  0x0000023bfc1ce580 JavaThread "ftbbackups2_Worker-1" daemon [_thread_blocked, id=2596, stack(0x0000009bf4400000,0x0000009bf4500000)]
  0x0000023bfc1ce070 JavaThread "ftbbackups2_QuartzSchedulerThread" daemon [_thread_blocked, id=5860, stack(0x0000009bf4500000,0x0000009bf4600000)]
  0x0000023bf2bdbd30 JavaThread "Timer-0" daemon [_thread_blocked, id=24012, stack(0x0000009bf4600000,0x0000009bf4700000)]
  0x0000023bff1fa580 JavaThread "Thread-34" daemon [_thread_blocked, id=21748, stack(0x0000009bf4700000,0x0000009bf4800000)]
  0x0000023bff1faa90 JavaThread "FileSystemWatchService" daemon [_thread_in_native, id=9596, stack(0x0000009bf4800000,0x0000009bf4900000)]
  0x0000023be3e78950 JavaThread "ForkJoinPool.commonPool-worker-2" daemon [_thread_blocked, id=11772, stack(0x0000009bf4c00000,0x0000009bf4d00000)]
  0x0000023bff3afa70 JavaThread "Worker-Main-2" daemon [_thread_blocked, id=20180, stack(0x0000009bed600000,0x0000009bed700000)]
  0x0000023bff3b22f0 JavaThread "Worker-Main-3" daemon [_thread_blocked, id=5360, stack(0x0000009bf1a00000,0x0000009bf1b00000)]
  0x0000023b8419a9f0 JavaThread "Worker-Main-4" daemon [_thread_blocked, id=15920, stack(0x0000009bf3000000,0x0000009bf3100000)]
  0x0000023bff1fa070 JavaThread "Worker-ResourceReload-0" daemon [_thread_blocked, id=2060, stack(0x0000009bf3400000,0x0000009bf3500000)]
  0x0000023bff665570 JavaThread "Worker-ResourceReload-1" daemon [_thread_blocked, id=22960, stack(0x0000009bf3b00000,0x0000009bf3c00000)]
  0x0000023bff6669b0 JavaThread "Worker-ResourceReload-2" daemon [_thread_blocked, id=21012, stack(0x0000009bf4900000,0x0000009bf4a00000)]
  0x0000023be296e3d0 JavaThread "Worker-ResourceReload-3" daemon [_thread_blocked, id=12748, stack(0x0000009bf4b00000,0x0000009bf4c00000)]
  0x0000023be3e78440 JavaThread "Worker-ResourceReload-4" daemon [_thread_blocked, id=21212, stack(0x0000009bf4d00000,0x0000009bf4e00000)]
  0x0000023bfc1cefa0 JavaThread "Worker-ResourceReload-5" daemon [_thread_blocked, id=19996, stack(0x0000009bf4e00000,0x0000009bf4f00000)]
  0x0000023bfc799220 JavaThread "Worker-ResourceReload-6" daemon [_thread_blocked, id=24220, stack(0x0000009bf4f00000,0x0000009bf5000000)]
  0x0000023bfc43bec0 JavaThread "Worker-ResourceReload-7" daemon [_thread_blocked, id=8100, stack(0x0000009bf5000000,0x0000009bf5100000)]
  0x0000023bf0314d20 JavaThread "Worker-ResourceReload-10" daemon [_thread_blocked, id=22708, stack(0x0000009bf5300000,0x0000009bf5400000)]
  0x0000023bfc135360 JavaThread "Worker-ResourceReload-11" daemon [_thread_blocked, id=3840, stack(0x0000009bf5400000,0x0000009bf5500000)]
  0x0000023bfb6df6b0 JavaThread "Worker-ResourceReload-12" daemon [_thread_blocked, id=9676, stack(0x0000009bf5500000,0x0000009bf5600000)]
  0x0000023bf38fc310 JavaThread "Worker-ResourceReload-13" daemon [_thread_blocked, id=4680, stack(0x0000009bf5600000,0x0000009bf5700000)]
  0x0000023bfb6de780 JavaThread "FileSystemWatchService" daemon [_thread_in_native, id=6540, stack(0x0000009bf5700000,0x0000009bf5800000)]
  0x0000023be3e79370 JavaThread "Worker-ResourceReload-14" daemon [_thread_blocked, id=18668, stack(0x0000009bf5c00000,0x0000009bf5d00000)]
  0x0000023bff665060 JavaThread "Worker-ResourceReload-15" daemon [_thread_blocked, id=22932, stack(0x0000009bf5d00000,0x0000009bf5e00000)]
  0x0000023be296e8e0 JavaThread "Worker-ResourceReload-16" daemon [_thread_blocked, id=4392, stack(0x0000009bf5e00000,0x0000009bf5f00000)]
  0x0000023bfb6de270 JavaThread "Worker-ResourceReload-17" daemon [_thread_blocked, id=12648, stack(0x0000009bf5f00000,0x0000009bf6000000)]
  0x0000023be3e79880 JavaThread "Worker-ResourceReload-18" daemon [_thread_blocked, id=6968, stack(0x0000009bf6000000,0x0000009bf6100000)]
  0x0000023bd97da8d0 JavaThread "FileSystemWatchService" daemon [_thread_in_native, id=9084, stack(0x0000009bf6100000,0x0000009bf6200000)]
  0x0000023bed39e9d0 JavaThread "FileSystemWatchService" daemon [_thread_in_native, id=1528, stack(0x0000009bf6300000,0x0000009bf6400000)]
  0x0000023bf38fb8f0 JavaThread "FileSystemWatchService" daemon [_thread_in_native, id=24292, stack(0x0000009bf6400000,0x0000009bf6500000)]
  0x0000023b8419a4e0 JavaThread "FileSystemWatchService" daemon [_thread_in_native, id=6212, stack(0x0000009bf6500000,0x0000009bf6600000)]
  0x0000023b8419b410 JavaThread "FileSystemWatchService" daemon [_thread_in_native, id=23660, stack(0x0000009bf6600000,0x0000009bf6700000)]
  0x0000023bfb6df1a0 JavaThread "Thread-39" [_thread_blocked, id=17648, stack(0x0000009bf6700000,0x0000009bf6800000)]
  0x0000023bff5ab6d0 JavaThread "FileSystemWatchService" daemon [_thread_in_native, id=21680, stack(0x0000009bf6800000,0x0000009bf6900000)]
  0x0000023bff5ab1c0 JavaThread "Worker-Main-5" daemon [_thread_blocked, id=15924, stack(0x0000009bf6900000,0x0000009bf6a00000)]
  0x0000023be3e77f30 JavaThread "Worker-Main-6" daemon [_thread_blocked, id=11624, stack(0x0000009bf6a00000,0x0000009bf6b00000)]
  0x0000023bee4a2a80 JavaThread "Worker-Main-7" daemon [_thread_blocked, id=22300, stack(0x0000009bf6b00000,0x0000009bf6c00000)]
  0x0000023bff3b0490 JavaThread "Worker-Main-8" daemon [_thread_blocked, id=1264, stack(0x0000009bf6c00000,0x0000009bf6d00000)]
  0x0000023beee7e6e0 JavaThread "Worker-Main-9" daemon [_thread_blocked, id=6568, stack(0x0000009bf6d00000,0x0000009bf6e00000)]
  0x0000023bfc43b9b0 JavaThread "Worker-Main-12" daemon [_thread_blocked, id=22632, stack(0x0000009bf6e00000,0x0000009bf6f00000)]
  0x0000023b8419af00 JavaThread "Worker-Main-13" daemon [_thread_blocked, id=21252, stack(0x0000009bf6f00000,0x0000009bf7000000)]
  0x0000023bff5aa7a0 JavaThread "Worker-Main-10" daemon [_thread_blocked, id=23656, stack(0x0000009bf7000000,0x0000009bf7100000)]
  0x0000023bfbbad060 JavaThread "Worker-Main-15" daemon [_thread_blocked, id=23512, stack(0x0000009bf7100000,0x0000009bf7200000)]
  0x0000023beee81470 JavaThread "Worker-Main-16" daemon [_thread_blocked, id=11816, stack(0x0000009bf7200000,0x0000009bf7300000)]
  0x0000023bf3635780 JavaThread "Worker-Main-11" daemon [_thread_blocked, id=19804, stack(0x0000009bf7300000,0x0000009bf7400000)]
  0x0000023beee7af30 JavaThread "Worker-Main-18" daemon [_thread_blocked, id=23524, stack(0x0000009bf7400000,0x0000009bf7500000)]
  0x0000023bfbbabc20 JavaThread "Worker-Main-17" daemon [_thread_blocked, id=3832, stack(0x0000009bf7500000,0x0000009bf7600000)]
  0x0000023bf3635c90 JavaThread "Worker-Main-19" daemon [_thread_blocked, id=8360, stack(0x0000009bf7600000,0x0000009bf7700000)]
  0x0000023bf2bdb820 JavaThread "Worker-Main-20" daemon [_thread_blocked, id=4460, stack(0x0000009bf7700000,0x0000009bf7800000)]
  0x0000023bff665a80 JavaThread "Worker-Main-14" daemon [_thread_blocked, id=6084, stack(0x0000009bf7800000,0x0000009bf7900000)]
  0x0000023bf2bda8f0 JavaThread "FileSystemWatchService" daemon [_thread_in_native, id=4396, stack(0x0000009bf7900000,0x0000009bf7a00000)]
  0x0000023beee7fb20 JavaThread "FileSystemWatchService" daemon [_thread_in_native, id=23288, stack(0x0000009bf7a00000,0x0000009bf7b00000)]
  0x0000023bf3638510 JavaThread "FileSystemWatchService" daemon [_thread_in_native, id=13240, stack(0x0000009bf7b00000,0x0000009bf7c00000)]
  0x0000023bf36375e0 JavaThread "HttpClient-4-SelectorManager" daemon [_thread_in_native, id=24412, stack(0x0000009bf7d00000,0x0000009bf7e00000)]
  0x0000023bf3634d60 JavaThread "ConfigSaver" daemon [_thread_blocked, id=5384, stack(0x0000009bf8000000,0x0000009bf8100000)]
  0x0000023bf0880bd0 JavaThread "ConfigSaver" daemon [_thread_blocked, id=22796, stack(0x0000009bf8100000,0x0000009bf8200000)]
  0x0000023bf1d1b6c0 JavaThread "Timer-1" daemon [_thread_blocked, id=9680, stack(0x0000009bf8200000,0x0000009bf8300000)]
  0x0000023bfc1cea90 JavaThread "Thread-44" daemon [_thread_blocked, id=24444, stack(0x0000009bf8500000,0x0000009bf8600000)]
  0x0000023bfc1cf4b0 JavaThread "HttpClient-5-SelectorManager" daemon [_thread_in_native, id=4048, stack(0x0000009bf8600000,0x0000009bf8700000)]
  0x0000023bd97dade0 JavaThread "spark-monitoring-thread" daemon [_thread_blocked, id=8856, stack(0x0000009bf8800000,0x0000009bf8900000)]
  0x0000023c24dfa6c0 JavaThread "spark-worker-pool-1-thread-1" daemon [_thread_blocked, id=21052, stack(0x0000009bf8e00000,0x0000009bf8f00000)]
  0x0000023bf36361a0 JavaThread "HttpClient-6-SelectorManager" daemon [_thread_in_native, id=16464, stack(0x0000009bf8700000,0x0000009bf8800000)]
  0x0000023beee7b440 JavaThread "Thread-45" daemon [_thread_blocked, id=2944, stack(0x0000009bed500000,0x0000009bed600000)]
  0x0000023b8c24d3b0 JavaThread "AWT-Windows" daemon [_thread_in_native, id=6116, stack(0x0000009bf8a00000,0x0000009bf8b00000)]
  0x0000023bd97db2f0 JavaThread "Thread-50" daemon [_thread_in_native, id=6380, stack(0x0000009befc00000,0x0000009befd00000)]
  0x0000023bd97db800 JavaThread "Netty Client IO #0" daemon [_thread_in_native, id=12900, stack(0x0000009bf3e00000,0x0000009bf3f00000)]
  0x0000023c24df9ca0 JavaThread "Sound engine" daemon [_thread_blocked, id=12744, stack(0x0000009bf8900000,0x0000009bf8a00000)]
  0x0000023bff3b1de0 JavaThread "Flywheel 0" [_thread_blocked, id=11016, stack(0x0000009bec200000,0x0000009bec300000)]
  0x0000023bff3b0eb0 JavaThread "Flywheel 1" [_thread_blocked, id=8056, stack(0x0000009bf7f00000,0x0000009bf8000000)]
  0x0000023bed88c370 JavaThread "Flywheel 2" [_thread_blocked, id=4456, stack(0x0000009bf8300000,0x0000009bf8400000)]
  0x0000023be06028f0 JavaThread "Flywheel 3" [_thread_blocked, id=6032, stack(0x0000009bf8400000,0x0000009bf8500000)]
  0x0000023be06014b0 JavaThread "Flywheel 4" [_thread_blocked, id=11188, stack(0x0000009bf9c00000,0x0000009bf9d00000)]
  0x0000023be0602e00 JavaThread "Flywheel 5" [_thread_blocked, id=10384, stack(0x0000009bf9d00000,0x0000009bf9e00000)]
  0x0000023be0603310 JavaThread "Flywheel 6" [_thread_blocked, id=23320, stack(0x0000009bf9e00000,0x0000009bf9f00000)]
  0x0000023be0600fa0 JavaThread "Flywheel 7" [_thread_blocked, id=2992, stack(0x0000009bf9f00000,0x0000009bfa000000)]
  0x0000023be0601ed0 JavaThread "Flywheel 8" [_thread_blocked, id=19380, stack(0x0000009bfa000000,0x0000009bfa100000)]
  0x0000023be0600580 JavaThread "Flywheel 9" [_thread_blocked, id=9696, stack(0x0000009bfa100000,0x0000009bfa200000)]
  0x0000023b8c24d8c0 JavaThread "VoiceChatAuthenticationThread" daemon [_thread_blocked, id=17104, stack(0x0000009bfb200000,0x0000009bfb300000)]
  0x0000023b8c24c990 JavaThread "VoiceChatConnectionThread" daemon [_thread_in_native, id=22956, stack(0x0000009bfb300000,0x0000009bfb400000)]
  0x0000023bfc43c3d0 JavaThread "FastSuite Recipe Lookup Thread: 1" daemon [_thread_blocked, id=7680, stack(0x0000009bf5a00000,0x0000009bf5b00000)]
  0x0000023c25a0cf40 JavaThread "FastSuite Recipe Lookup Thread: 2" daemon [_thread_blocked, id=11824, stack(0x0000009bf5b00000,0x0000009bf5c00000)]
  0x0000023ced0b1690 JavaThread "FastSuite Recipe Lookup Thread: 3" daemon [_thread_blocked, id=4876, stack(0x0000009bf8b00000,0x0000009bf8c00000)]
  0x0000023ced0b1ba0 JavaThread "FastSuite Recipe Lookup Thread: 4" daemon [_thread_blocked, id=8556, stack(0x0000009bfaf00000,0x0000009bfb000000)]
  0x0000023bf304c4a0 JavaThread "FastSuite Recipe Lookup Thread: 5" daemon [_thread_blocked, id=9136, stack(0x0000009bfb000000,0x0000009bfb100000)]
  0x0000023bf304c9b0 JavaThread "FastSuite Recipe Lookup Thread: 6" daemon [_thread_blocked, id=4316, stack(0x0000009bfb100000,0x0000009bfb200000)]
  0x0000023c1eebf9c0 JavaThread "FastSuite Recipe Lookup Thread: 7" daemon [_thread_blocked, id=14552, stack(0x0000009bfb400000,0x0000009bfb500000)]
  0x0000023c1eebfed0 JavaThread "FastSuite Recipe Lookup Thread: 8" daemon [_thread_blocked, id=6224, stack(0x0000009bfb500000,0x0000009bfb600000)]
  0x0000023bfbbac640 JavaThread "FastSuite Recipe Lookup Thread: 9" daemon [_thread_blocked, id=2772, stack(0x0000009bfb600000,0x0000009bfb700000)]
  0x0000023bfbbab200 JavaThread "FastSuite Recipe Lookup Thread: 10" daemon [_thread_blocked, id=20692, stack(0x0000009bfb700000,0x0000009bfb800000)]
  0x0000023bd97dbd10 JavaThread "FastSuite Recipe Lookup Thread: 11" daemon [_thread_blocked, id=4636, stack(0x0000009bfb800000,0x0000009bfb900000)]
  0x0000023bfbbaa2d0 JavaThread "FastSuite Recipe Lookup Thread: 12" daemon [_thread_blocked, id=21232, stack(0x0000009bfb900000,0x0000009bfba00000)]
  0x0000023bf3637af0 JavaThread "FastSuite Recipe Lookup Thread: 13" daemon [_thread_blocked, id=19108, stack(0x0000009bfba00000,0x0000009bfbb00000)]
  0x0000023bfc7982f0 JavaThread "FastSuite Recipe Lookup Thread: 14" daemon [_thread_blocked, id=14612, stack(0x0000009bfbb00000,0x0000009bfbc00000)]
  0x0000023bee4a48e0 JavaThread "FastSuite Recipe Lookup Thread: 15" daemon [_thread_blocked, id=3456, stack(0x0000009bfbc00000,0x0000009bfbd00000)]
  0x0000023cebc01ef0 JavaThread "FastSuite Recipe Lookup Thread: 16" daemon [_thread_blocked, id=19868, stack(0x0000009bfbd00000,0x0000009bfbe00000)]
  0x0000023bee4a3ec0 JavaThread "Keep-Alive-Timer" daemon [_thread_blocked, id=19136, stack(0x0000009bed800000,0x0000009bed900000)]
  0x0000023be296d4a0 JavaThread "ForkJoinPool.commonPool-worker-3" daemon [_thread_blocked, id=3384, stack(0x0000009bf3d00000,0x0000009bf3e00000)]
  0x0000023cf9febc90 JavaThread "ForkJoinPool.commonPool-worker-4" daemon [_thread_blocked, id=20352, stack(0x0000009bf4a00000,0x0000009bf4b00000)]
  0x0000023bf0315c50 JavaThread "ForkJoinPool.commonPool-worker-5" daemon [_thread_blocked, id=6460, stack(0x0000009bf5200000,0x0000009bf5300000)]
  0x0000023ceb6fa9b0 JavaThread "ForkJoinPool.commonPool-worker-6" daemon [_thread_blocked, id=21864, stack(0x0000009bfae00000,0x0000009bfaf00000)]
  0x0000023c2b27e9d0 JavaThread "ForkJoinPool.commonPool-worker-7" daemon [_thread_blocked, id=20576, stack(0x0000009bfbe00000,0x0000009bfbf00000)]
  0x0000023c25a0ca30 JavaThread "ForkJoinPool.commonPool-worker-8" daemon [_thread_blocked, id=9088, stack(0x0000009bfbf00000,0x0000009bfc000000)]
  0x0000023c25a0de70 JavaThread "ForkJoinPool.commonPool-worker-9" daemon [_thread_blocked, id=17000, stack(0x0000009bfc200000,0x0000009bfc300000)]
  0x0000023c2b27d080 JavaThread "ForkJoinPool.commonPool-worker-10" daemon [_thread_blocked, id=952, stack(0x0000009bfc300000,0x0000009bfc400000)]
  0x0000023bee4a2570 JavaThread "ForkJoinPool.commonPool-worker-11" daemon [_thread_blocked, id=22488, stack(0x0000009bfc400000,0x0000009bfc500000)]
  0x0000023ceb6fb3d0 JavaThread "ForkJoinPool.commonPool-worker-12" daemon [_thread_blocked, id=23764, stack(0x0000009bfc500000,0x0000009bfc600000)]
  0x0000023ced0b34f0 JavaThread "ForkJoinPool.commonPool-worker-13" daemon [_thread_blocked, id=3596, stack(0x0000009bfc600000,0x0000009bfc700000)]
  0x0000023b8a0c2390 JavaThread "ForkJoinPool.commonPool-worker-14" daemon [_thread_blocked, id=20736, stack(0x0000009bfc700000,0x0000009bfc800000)]
  0x0000023cf9fead60 JavaThread "ForkJoinPool.commonPool-worker-15" daemon [_thread_blocked, id=21108, stack(0x0000009bfc800000,0x0000009bfc900000)]
  0x0000023c2b280830 JavaThread "ForkJoinPool.commonPool-worker-16" daemon [_thread_blocked, id=21060, stack(0x0000009bfc900000,0x0000009bfca00000)]
  0x0000023bf304e810 JavaThread "ForkJoinPool.commonPool-worker-17" daemon [_thread_blocked, id=5060, stack(0x0000009bfca00000,0x0000009bfcb00000)]
  0x0000023bee4a34a0 JavaThread "ForkJoinPool.commonPool-worker-18" daemon [_thread_blocked, id=4284, stack(0x0000009bfcb00000,0x0000009bfcc00000)]
  0x0000023bf08801b0 JavaThread "ForkJoinPool.commonPool-worker-19" daemon [_thread_blocked, id=22684, stack(0x0000009bfcc00000,0x0000009bfcd00000)]
  0x0000023ced0b1180 JavaThread "ForkJoinPool.commonPool-worker-20" daemon [_thread_blocked, id=21796, stack(0x0000009bfcd00000,0x0000009bfce00000)]
  0x0000023ced201d10 JavaThread "C2 CompilerThread1" daemon [_thread_blocked, id=19356, stack(0x0000009bed700000,0x0000009bed800000)]
  0x0000023cee2b0660 JavaThread "Chunk Render Task Executor #0" [_thread_blocked, id=14376, stack(0x0000009bf2400000,0x0000009bf2500000)]
  0x0000023cee2af220 JavaThread "Chunk Render Task Executor #1" [_thread_blocked, id=8464, stack(0x0000009bf2600000,0x0000009bf2700000)]
  0x0000023cee2adde0 JavaThread "Chunk Render Task Executor #2" [_thread_blocked, id=18644, stack(0x0000009bf5100000,0x0000009bf5200000)]
  0x0000023cee2b1080 JavaThread "Chunk Render Task Executor #3" [_thread_blocked, id=24052, stack(0x0000009bf5800000,0x0000009bf5900000)]
  0x0000023cee2ae2f0 JavaThread "Chunk Render Task Executor #4" [_thread_blocked, id=22728, stack(0x0000009bfa300000,0x0000009bfa400000)]
  0x0000023cee2ae800 JavaThread "Chunk Render Task Executor #5" [_thread_blocked, id=13060, stack(0x0000009bfa600000,0x0000009bfa700000)]
  0x0000023cee2b0b70 JavaThread "Chunk Render Task Executor #6" [_thread_blocked, id=14140, stack(0x0000009bfa400000,0x0000009bfa500000)]
  0x0000023cee2b1590 JavaThread "Chunk Render Task Executor #7" [_thread_blocked, id=15348, stack(0x0000009bfa200000,0x0000009bfa300000)]
  0x0000023cee2af730 JavaThread "Chunk Render Task Executor #8" [_thread_blocked, id=7312, stack(0x0000009bfa500000,0x0000009bfa600000)]
  0x0000023cf5e08500 JavaThread "Chunk Render Task Executor #9" [_thread_blocked, id=3172, stack(0x0000009bfa700000,0x0000009bfa800000)]

Other Threads:
  0x0000023bb006ecc0 VMThread "VM Thread" [stack: 0x0000009beca00000,0x0000009becb00000] [id=19004]
  0x0000023baff17ae0 WatcherThread [stack: 0x0000009beda00000,0x0000009bedb00000] [id=17596]
  0x0000023b9ccb6650 GCTaskThread "GC Thread#0" [stack: 0x0000009bec500000,0x0000009bec600000] [id=17160]
  0x0000023bd9924010 GCTaskThread "GC Thread#1" [stack: 0x0000009bedb00000,0x0000009bedc00000] [id=3816]
  0x0000023bd94c37f0 GCTaskThread "GC Thread#2" [stack: 0x0000009bedc00000,0x0000009bedd00000] [id=15748]
  0x0000023bd9a930e0 GCTaskThread "GC Thread#3" [stack: 0x0000009bedd00000,0x0000009bede00000] [id=23324]
  0x0000023bd9a933a0 GCTaskThread "GC Thread#4" [stack: 0x0000009bede00000,0x0000009bedf00000] [id=4548]
  0x0000023bd9a93660 GCTaskThread "GC Thread#5" [stack: 0x0000009bedf00000,0x0000009bee000000] [id=23064]
  0x0000023be31bd010 GCTaskThread "GC Thread#6" [stack: 0x0000009bee400000,0x0000009bee500000] [id=10540]
  0x0000023be289db40 GCTaskThread "GC Thread#7" [stack: 0x0000009bee500000,0x0000009bee600000] [id=8292]
  0x0000023be1a69140 GCTaskThread "GC Thread#8" [stack: 0x0000009bee600000,0x0000009bee700000] [id=8568]
  0x0000023be2bb0fb0 GCTaskThread "GC Thread#9" [stack: 0x0000009bee700000,0x0000009bee800000] [id=21180]
  0x0000023be289c100 GCTaskThread "GC Thread#10" [stack: 0x0000009bee800000,0x0000009bee900000] [id=4616]
  0x0000023be289d700 GCTaskThread "GC Thread#11" [stack: 0x0000009beec00000,0x0000009beed00000] [id=16356]
  0x0000023be289c3c0 GCTaskThread "GC Thread#12" [stack: 0x0000009bef100000,0x0000009bef200000] [id=4488]
  0x0000023be289c940 GCTaskThread "GC Thread#13" [stack: 0x0000009bef200000,0x0000009bef300000] [id=14340]
  0x0000023be289cc00 GCTaskThread "GC Thread#14" [stack: 0x0000009bef300000,0x0000009bef400000] [id=6412]
  0x0000023b9ccc73b0 ConcurrentGCThread "G1 Main Marker" [stack: 0x0000009bec600000,0x0000009bec700000] [id=14684]
  0x0000023b9ccc8370 ConcurrentGCThread "G1 Conc#0" [stack: 0x0000009bec700000,0x0000009bec800000] [id=14836]
  0x0000023be289bb80 ConcurrentGCThread "G1 Conc#1" [stack: 0x0000009bee900000,0x0000009beea00000] [id=3968]
  0x0000023be289d180 ConcurrentGCThread "G1 Conc#2" [stack: 0x0000009beea00000,0x0000009beeb00000] [id=18984]
  0x0000023be289be40 ConcurrentGCThread "G1 Conc#3" [stack: 0x0000009beeb00000,0x0000009beec00000] [id=12044]
  0x0000023b9ccdebf0 ConcurrentGCThread "G1 Refine#0" [stack: 0x0000009bec800000,0x0000009bec900000] [id=11180]
  0x0000023bf2a1a8e0 ConcurrentGCThread "G1 Refine#1" [stack: 0x0000009bf1200000,0x0000009bf1300000] [id=1500]
  0x0000023bf2a1c930 ConcurrentGCThread "G1 Refine#2" [stack: 0x0000009bf1300000,0x0000009bf1400000] [id=2744]
  0x0000023bf2a1a300 ConcurrentGCThread "G1 Refine#3" [stack: 0x0000009bf1400000,0x0000009bf1500000] [id=23860]
  0x0000023bf2a1abd0 ConcurrentGCThread "G1 Refine#4" [stack: 0x0000009bef500000,0x0000009bef600000] [id=19560]
  0x0000023bf2a1d4f0 ConcurrentGCThread "G1 Refine#5" [stack: 0x0000009bef600000,0x0000009bef700000] [id=21676]
  0x0000023bf2a1d7e0 ConcurrentGCThread "G1 Refine#6" [stack: 0x0000009bf1500000,0x0000009bf1600000] [id=1448]
  0x0000023bf2a1b1b0 ConcurrentGCThread "G1 Refine#7" [stack: 0x0000009bf1600000,0x0000009bf1700000] [id=5544]
  0x0000023bf11c5060 ConcurrentGCThread "G1 Refine#8" [stack: 0x0000009bf1e00000,0x0000009bf1f00000] [id=20976]
  0x0000023bf11c5350 ConcurrentGCThread "G1 Refine#9" [stack: 0x0000009bf1f00000,0x0000009bf2000000] [id=13280]
  0x0000023b8b469100 ConcurrentGCThread "G1 Refine#10" [stack: 0x0000009bf3300000,0x0000009bf3400000] [id=22904]
  0x0000023b8b469fb0 ConcurrentGCThread "G1 Refine#11" [stack: 0x0000009bf5900000,0x0000009bf5a00000] [id=12612]
  0x0000023b8b46bd10 ConcurrentGCThread "G1 Refine#12" [stack: 0x0000009bf3200000,0x0000009bf3300000] [id=14780]
  0x0000023b8b46ba20 ConcurrentGCThread "G1 Refine#13" [stack: 0x0000009bec300000,0x0000009bec400000] [id=20060]
  0x0000023bdf5e5080 ConcurrentGCThread "G1 Refine#14" [stack: 0x0000009bf3100000,0x0000009bf3200000] [id=23756]
  0x0000023baffe3a90 ConcurrentGCThread "G1 Service" [stack: 0x0000009bec900000,0x0000009beca00000] [id=5012]

Threads with active compile tasks:

VM state: not at safepoint (normal execution)

VM Mutex/Monitor currently owned by a thread: None

Heap address: 0x0000000400000000, size: 16384 MB, Compressed Oops mode: Zero based, Oop shift amount: 3

CDS archive(s) not mapped
Compressed class space mapped at: 0x0000000800000000-0x0000000840000000, reserved size: 1073741824
Narrow klass base: 0x0000000800000000, Narrow klass shift: 0, Narrow klass range: 0x40000000

GC Precious Log:
 CPUs: 20 total, 20 available
 Memory: 32592M
 Large Page Support: Disabled
 NUMA Support: Disabled
 Compressed Oops: Enabled (Zero based)
 Heap Region Size: 8M
 Heap Min Capacity: 256M
 Heap Initial Capacity: 256M
 Heap Max Capacity: 16G
 Pre-touch: Disabled
 Parallel Workers: 15
 Concurrent Workers: 4
 Concurrent Refinement Workers: 15
 Periodic GC: Disabled

Heap:
 garbage-first heap   total 8036352K, used 6625212K [0x0000000400000000, 0x0000000800000000)
  region size 8192K, 422 young (3457024K), 30 survivors (245760K)
 Metaspace       used 539107K, committed 542656K, reserved 1507328K
  class space    used 105423K, committed 107008K, reserved 1048576K

Heap Regions: E=young(eden), S=young(survivor), O=old, HS=humongous(starts), HC=humongous(continues), CS=collection set, F=free, OA=open archive, CA=closed archive, TAMS=top-at-mark-start (previous, next)
|   0|0x0000000400000000, 0x0000000400800000, 0x0000000400800000|100%| O|  |TAMS 0x0000000400800000, 0x0000000400000000| Untracked 
|   1|0x0000000400800000, 0x0000000401000000, 0x0000000401000000|100%| O|  |TAMS 0x0000000401000000, 0x0000000400800000| Untracked 
|   2|0x0000000401000000, 0x0000000401800000, 0x0000000401800000|100%| O|  |TAMS 0x0000000401800000, 0x0000000401000000| Untracked 
|   3|0x0000000401800000, 0x0000000402000000, 0x0000000402000000|100%| O|  |TAMS 0x0000000402000000, 0x0000000401800000| Untracked 
|   4|0x0000000402000000, 0x0000000402800000, 0x0000000402800000|100%| O|  |TAMS 0x0000000402800000, 0x0000000402000000| Untracked 
|   5|0x0000000402800000, 0x0000000403000000, 0x0000000403000000|100%| O|  |TAMS 0x0000000403000000, 0x0000000402800000| Untracked 
|   6|0x0000000403000000, 0x0000000403800000, 0x0000000403800000|100%| O|  |TAMS 0x0000000403800000, 0x0000000403000000| Untracked 
|   7|0x0000000403800000, 0x0000000404000000, 0x0000000404000000|100%| O|  |TAMS 0x0000000404000000, 0x0000000403800000| Untracked 
|   8|0x0000000404000000, 0x0000000404800000, 0x0000000404800000|100%| O|  |TAMS 0x0000000404800000, 0x0000000404000000| Untracked 
|   9|0x0000000404800000, 0x0000000405000000, 0x0000000405000000|100%| O|  |TAMS 0x0000000405000000, 0x0000000404800000| Untracked 
|  10|0x0000000405000000, 0x0000000405800000, 0x0000000405800000|100%| O|  |TAMS 0x0000000405800000, 0x0000000405000000| Untracked 
|  11|0x0000000405800000, 0x0000000406000000, 0x0000000406000000|100%| O|  |TAMS 0x0000000406000000, 0x0000000405800000| Untracked 
|  12|0x0000000406000000, 0x0000000406800000, 0x0000000406800000|100%| O|  |TAMS 0x0000000406800000, 0x0000000406000000| Untracked 
|  13|0x0000000406800000, 0x0000000407000000, 0x0000000407000000|100%| O|  |TAMS 0x0000000407000000, 0x0000000406800000| Untracked 
|  14|0x0000000407000000, 0x0000000407800000, 0x0000000407800000|100%| O|  |TAMS 0x0000000407800000, 0x0000000407000000| Untracked 
|  15|0x0000000407800000, 0x0000000408000000, 0x0000000408000000|100%| O|  |TAMS 0x0000000408000000, 0x0000000407800000| Untracked 
|  16|0x0000000408000000, 0x0000000408800000, 0x0000000408800000|100%| O|  |TAMS 0x0000000408800000, 0x0000000408000000| Untracked 
|  17|0x0000000408800000, 0x0000000409000000, 0x0000000409000000|100%| O|  |TAMS 0x0000000409000000, 0x0000000408800000| Untracked 
|  18|0x0000000409000000, 0x0000000409800000, 0x0000000409800000|100%| O|  |TAMS 0x0000000409800000, 0x0000000409000000| Untracked 
|  19|0x0000000409800000, 0x000000040a000000, 0x000000040a000000|100%| O|  |TAMS 0x000000040a000000, 0x0000000409800000| Untracked 
|  20|0x000000040a000000, 0x000000040a800000, 0x000000040a800000|100%| O|  |TAMS 0x000000040a800000, 0x000000040a000000| Untracked 
|  21|0x000000040a800000, 0x000000040b000000, 0x000000040b000000|100%| O|  |TAMS 0x000000040b000000, 0x000000040a800000| Untracked 
|  22|0x000000040b000000, 0x000000040b800000, 0x000000040b800000|100%| O|  |TAMS 0x000000040b800000, 0x000000040b000000| Untracked 
|  23|0x000000040b800000, 0x000000040c000000, 0x000000040c000000|100%| O|  |TAMS 0x000000040b800000, 0x000000040b800000| Untracked 
|  24|0x000000040c000000, 0x000000040c800000, 0x000000040c800000|100%| O|  |TAMS 0x000000040c800000, 0x000000040c000000| Untracked 
|  25|0x000000040c800000, 0x000000040d000000, 0x000000040d000000|100%| O|  |TAMS 0x000000040d000000, 0x000000040c800000| Untracked 
|  26|0x000000040d000000, 0x000000040d800000, 0x000000040d800000|100%| O|  |TAMS 0x000000040d800000, 0x000000040d000000| Untracked 
|  27|0x000000040d800000, 0x000000040e000000, 0x000000040e000000|100%|HS|  |TAMS 0x000000040e000000, 0x000000040d800000| Complete 
|  28|0x000000040e000000, 0x000000040e800000, 0x000000040e800000|100%|HS|  |TAMS 0x000000040e800000, 0x000000040e000000| Complete 
|  29|0x000000040e800000, 0x000000040f000000, 0x000000040f000000|100%| O|  |TAMS 0x000000040f000000, 0x000000040e800000| Untracked 
|  30|0x000000040f000000, 0x000000040f800000, 0x000000040f800000|100%| O|  |TAMS 0x000000040f800000, 0x000000040f000000| Untracked 
|  31|0x000000040f800000, 0x0000000410000000, 0x0000000410000000|100%| O|  |TAMS 0x0000000410000000, 0x000000040f800000| Untracked 
|  32|0x0000000410000000, 0x0000000410800000, 0x0000000410800000|100%| O|  |TAMS 0x0000000410800000, 0x0000000410000000| Untracked 
|  33|0x0000000410800000, 0x0000000411000000, 0x0000000411000000|100%| O|  |TAMS 0x0000000411000000, 0x0000000410800000| Untracked 
|  34|0x0000000411000000, 0x0000000411800000, 0x0000000411800000|100%| O|  |TAMS 0x0000000411800000, 0x0000000411000000| Untracked 
|  35|0x0000000411800000, 0x0000000412000000, 0x0000000412000000|100%|HS|  |TAMS 0x0000000412000000, 0x0000000411800000| Complete 
|  36|0x0000000412000000, 0x0000000412800000, 0x0000000412800000|100%| O|  |TAMS 0x0000000412800000, 0x0000000412000000| Untracked 
|  37|0x0000000412800000, 0x0000000413000000, 0x0000000413000000|100%| O|  |TAMS 0x0000000413000000, 0x0000000412800000| Untracked 
|  38|0x0000000413000000, 0x0000000413800000, 0x0000000413800000|100%| O|  |TAMS 0x0000000413800000, 0x0000000413000000| Untracked 
|  39|0x0000000413800000, 0x0000000414000000, 0x0000000414000000|100%| O|  |TAMS 0x0000000414000000, 0x0000000413800000| Untracked 
|  40|0x0000000414000000, 0x0000000414800000, 0x0000000414800000|100%| O|  |TAMS 0x0000000414800000, 0x0000000414000000| Untracked 
|  41|0x0000000414800000, 0x0000000415000000, 0x0000000415000000|100%| O|  |TAMS 0x0000000415000000, 0x0000000414800000| Untracked 
|  42|0x0000000415000000, 0x0000000415800000, 0x0000000415800000|100%| O|  |TAMS 0x0000000415800000, 0x0000000415000000| Untracked 
|  43|0x0000000415800000, 0x0000000416000000, 0x0000000416000000|100%| O|  |TAMS 0x0000000416000000, 0x0000000415800000| Untracked 
|  44|0x0000000416000000, 0x0000000416800000, 0x0000000416800000|100%| O|  |TAMS 0x0000000416800000, 0x0000000416000000| Untracked 
|  45|0x0000000416800000, 0x0000000417000000, 0x0000000417000000|100%| O|  |TAMS 0x0000000417000000, 0x0000000416800000| Untracked 
|  46|0x0000000417000000, 0x0000000417800000, 0x0000000417800000|100%| O|  |TAMS 0x0000000417800000, 0x0000000417000000| Untracked 
|  47|0x0000000417800000, 0x0000000418000000, 0x0000000418000000|100%| O|  |TAMS 0x0000000418000000, 0x0000000417800000| Untracked 
|  48|0x0000000418000000, 0x0000000418800000, 0x0000000418800000|100%| O|  |TAMS 0x0000000418800000, 0x0000000418000000| Untracked 
|  49|0x0000000418800000, 0x0000000419000000, 0x0000000419000000|100%| O|  |TAMS 0x0000000419000000, 0x0000000418800000| Untracked 
|  50|0x0000000419000000, 0x0000000419800000, 0x0000000419800000|100%| O|  |TAMS 0x0000000419800000, 0x0000000419000000| Untracked 
|  51|0x0000000419800000, 0x000000041a000000, 0x000000041a000000|100%| O|  |TAMS 0x000000041a000000, 0x0000000419800000| Untracked 
|  52|0x000000041a000000, 0x000000041a800000, 0x000000041a800000|100%| O|  |TAMS 0x000000041a800000, 0x000000041a000000| Untracked 
|  53|0x000000041a800000, 0x000000041b000000, 0x000000041b000000|100%| O|  |TAMS 0x000000041b000000, 0x000000041a800000| Untracked 
|  54|0x000000041b000000, 0x000000041b800000, 0x000000041b800000|100%| O|  |TAMS 0x000000041b800000, 0x000000041b000000| Untracked 
|  55|0x000000041b800000, 0x000000041c000000, 0x000000041c000000|100%| O|  |TAMS 0x000000041c000000, 0x000000041b800000| Untracked 
|  56|0x000000041c000000, 0x000000041c800000, 0x000000041c800000|100%| O|  |TAMS 0x000000041c800000, 0x000000041c000000| Untracked 
|  57|0x000000041c800000, 0x000000041d000000, 0x000000041d000000|100%| O|  |TAMS 0x000000041d000000, 0x000000041c800000| Untracked 
|  58|0x000000041d000000, 0x000000041d800000, 0x000000041d800000|100%| O|  |TAMS 0x000000041d800000, 0x000000041d000000| Untracked 
|  59|0x000000041d800000, 0x000000041e000000, 0x000000041e000000|100%| O|  |TAMS 0x000000041e000000, 0x000000041d800000| Untracked 
|  60|0x000000041e000000, 0x000000041e800000, 0x000000041e800000|100%| O|  |TAMS 0x000000041e800000, 0x000000041e000000| Untracked 
|  61|0x000000041e800000, 0x000000041f000000, 0x000000041f000000|100%| O|  |TAMS 0x000000041f000000, 0x000000041e800000| Untracked 
|  62|0x000000041f000000, 0x000000041f800000, 0x000000041f800000|100%| O|  |TAMS 0x000000041f800000, 0x000000041f000000| Untracked 
|  63|0x000000041f800000, 0x0000000420000000, 0x0000000420000000|100%| O|  |TAMS 0x0000000420000000, 0x000000041f800000| Untracked 
|  64|0x0000000420000000, 0x0000000420800000, 0x0000000420800000|100%| O|  |TAMS 0x0000000420800000, 0x0000000420000000| Untracked 
|  65|0x0000000420800000, 0x0000000421000000, 0x0000000421000000|100%| O|  |TAMS 0x0000000421000000, 0x0000000420800000| Untracked 
|  66|0x0000000421000000, 0x0000000421800000, 0x0000000421800000|100%| O|  |TAMS 0x0000000421800000, 0x0000000421000000| Untracked 
|  67|0x0000000421800000, 0x0000000422000000, 0x0000000422000000|100%| O|  |TAMS 0x0000000422000000, 0x0000000421800000| Untracked 
|  68|0x0000000422000000, 0x0000000422800000, 0x0000000422800000|100%| O|  |TAMS 0x0000000422800000, 0x0000000422000000| Untracked 
|  69|0x0000000422800000, 0x0000000423000000, 0x0000000423000000|100%| O|  |TAMS 0x0000000423000000, 0x0000000422800000| Untracked 
|  70|0x0000000423000000, 0x0000000423800000, 0x0000000423800000|100%| O|  |TAMS 0x0000000423800000, 0x0000000423000000| Untracked 
|  71|0x0000000423800000, 0x0000000424000000, 0x0000000424000000|100%| O|  |TAMS 0x0000000424000000, 0x0000000423800000| Untracked 
|  72|0x0000000424000000, 0x0000000424800000, 0x0000000424800000|100%| O|  |TAMS 0x0000000424800000, 0x0000000424000000| Untracked 
|  73|0x0000000424800000, 0x0000000425000000, 0x0000000425000000|100%| O|  |TAMS 0x0000000425000000, 0x0000000424800000| Untracked 
|  74|0x0000000425000000, 0x0000000425800000, 0x0000000425800000|100%| O|  |TAMS 0x0000000425800000, 0x0000000425000000| Untracked 
|  75|0x0000000425800000, 0x0000000426000000, 0x0000000426000000|100%| O|  |TAMS 0x0000000426000000, 0x0000000425800000| Untracked 
|  76|0x0000000426000000, 0x0000000426800000, 0x0000000426800000|100%| O|  |TAMS 0x0000000426800000, 0x0000000426000000| Untracked 
|  77|0x0000000426800000, 0x0000000427000000, 0x0000000427000000|100%| O|  |TAMS 0x0000000426800000, 0x0000000426800000| Untracked 
|  78|0x0000000427000000, 0x0000000427800000, 0x0000000427800000|100%| O|  |TAMS 0x0000000427800000, 0x0000000427000000| Untracked 
|  79|0x0000000427800000, 0x0000000428000000, 0x0000000428000000|100%| O|  |TAMS 0x0000000428000000, 0x0000000427800000| Untracked 
|  80|0x0000000428000000, 0x0000000428800000, 0x0000000428800000|100%| O|  |TAMS 0x0000000428800000, 0x0000000428000000| Untracked 
|  81|0x0000000428800000, 0x0000000429000000, 0x0000000429000000|100%| O|  |TAMS 0x0000000429000000, 0x0000000428800000| Untracked 
|  82|0x0000000429000000, 0x0000000429800000, 0x0000000429800000|100%| O|  |TAMS 0x0000000429800000, 0x0000000429000000| Untracked 
|  83|0x0000000429800000, 0x000000042a000000, 0x000000042a000000|100%| O|  |TAMS 0x000000042a000000, 0x0000000429800000| Untracked 
|  84|0x000000042a000000, 0x000000042a800000, 0x000000042a800000|100%| O|  |TAMS 0x000000042a800000, 0x000000042a000000| Untracked 
|  85|0x000000042a800000, 0x000000042b000000, 0x000000042b000000|100%| O|  |TAMS 0x000000042b000000, 0x000000042a800000| Untracked 
|  86|0x000000042b000000, 0x000000042b800000, 0x000000042b800000|100%| O|  |TAMS 0x000000042b800000, 0x000000042b000000| Untracked 
|  87|0x000000042b800000, 0x000000042c000000, 0x000000042c000000|100%| O|  |TAMS 0x000000042c000000, 0x000000042b800000| Untracked 
|  88|0x000000042c000000, 0x000000042c800000, 0x000000042c800000|100%| O|  |TAMS 0x000000042c800000, 0x000000042c000000| Untracked 
|  89|0x000000042c800000, 0x000000042d000000, 0x000000042d000000|100%| O|  |TAMS 0x000000042d000000, 0x000000042c800000| Untracked 
|  90|0x000000042d000000, 0x000000042d800000, 0x000000042d800000|100%| O|  |TAMS 0x000000042d800000, 0x000000042d000000| Untracked 
|  91|0x000000042d800000, 0x000000042e000000, 0x000000042e000000|100%| O|  |TAMS 0x000000042e000000, 0x000000042d800000| Untracked 
|  92|0x000000042e000000, 0x000000042e800000, 0x000000042e800000|100%| O|  |TAMS 0x000000042e800000, 0x000000042e000000| Untracked 
|  93|0x000000042e800000, 0x000000042f000000, 0x000000042f000000|100%| O|  |TAMS 0x000000042f000000, 0x000000042e800000| Untracked 
|  94|0x000000042f000000, 0x000000042f800000, 0x000000042f800000|100%| O|  |TAMS 0x000000042f800000, 0x000000042f000000| Untracked 
|  95|0x000000042f800000, 0x0000000430000000, 0x0000000430000000|100%| O|  |TAMS 0x0000000430000000, 0x000000042f800000| Untracked 
|  96|0x0000000430000000, 0x0000000430800000, 0x0000000430800000|100%| O|  |TAMS 0x0000000430800000, 0x0000000430000000| Untracked 
|  97|0x0000000430800000, 0x0000000431000000, 0x0000000431000000|100%| O|  |TAMS 0x0000000431000000, 0x0000000430800000| Untracked 
|  98|0x0000000431000000, 0x0000000431800000, 0x0000000431800000|100%| O|  |TAMS 0x0000000431800000, 0x0000000431000000| Untracked 
|  99|0x0000000431800000, 0x0000000432000000, 0x0000000432000000|100%| O|  |TAMS 0x0000000432000000, 0x0000000431800000| Untracked 
| 100|0x0000000432000000, 0x0000000432800000, 0x0000000432800000|100%| O|  |TAMS 0x0000000432800000, 0x0000000432000000| Untracked 
| 101|0x0000000432800000, 0x0000000433000000, 0x0000000433000000|100%| O|  |TAMS 0x0000000433000000, 0x0000000432800000| Untracked 
| 102|0x0000000433000000, 0x0000000433800000, 0x0000000433800000|100%| O|  |TAMS 0x0000000433800000, 0x0000000433000000| Untracked 
| 103|0x0000000433800000, 0x0000000434000000, 0x0000000434000000|100%| O|  |TAMS 0x0000000434000000, 0x0000000433800000| Untracked 
| 104|0x0000000434000000, 0x0000000434800000, 0x0000000434800000|100%| O|  |TAMS 0x0000000434800000, 0x0000000434000000| Untracked 
| 105|0x0000000434800000, 0x0000000435000000, 0x0000000435000000|100%| O|  |TAMS 0x0000000435000000, 0x0000000434800000| Untracked 
| 106|0x0000000435000000, 0x0000000435800000, 0x0000000435800000|100%| O|  |TAMS 0x0000000435800000, 0x0000000435000000| Untracked 
| 107|0x0000000435800000, 0x0000000436000000, 0x0000000436000000|100%| O|  |TAMS 0x0000000436000000, 0x0000000435800000| Untracked 
| 108|0x0000000436000000, 0x0000000436800000, 0x0000000436800000|100%| O|  |TAMS 0x0000000436800000, 0x0000000436000000| Untracked 
| 109|0x0000000436800000, 0x0000000437000000, 0x0000000437000000|100%| O|  |TAMS 0x0000000436c38200, 0x0000000436800000| Untracked 
| 110|0x0000000437000000, 0x0000000437800000, 0x0000000437800000|100%| O|  |TAMS 0x0000000437000000, 0x0000000437000000| Untracked 
| 111|0x0000000437800000, 0x0000000438000000, 0x0000000438000000|100%| O|  |TAMS 0x0000000437800000, 0x0000000437800000| Untracked 
| 112|0x0000000438000000, 0x0000000438800000, 0x0000000438800000|100%| O|  |TAMS 0x0000000438000000, 0x0000000438000000| Untracked 
| 113|0x0000000438800000, 0x0000000439000000, 0x0000000439000000|100%| O|  |TAMS 0x0000000438800000, 0x0000000438800000| Untracked 
| 114|0x0000000439000000, 0x0000000439800000, 0x0000000439800000|100%| O|  |TAMS 0x0000000439000000, 0x0000000439000000| Untracked 
| 115|0x0000000439800000, 0x000000043a000000, 0x000000043a000000|100%| O|  |TAMS 0x0000000439800000, 0x0000000439800000| Untracked 
| 116|0x000000043a000000, 0x000000043a800000, 0x000000043a800000|100%| O|  |TAMS 0x000000043a000000, 0x000000043a000000| Untracked 
| 117|0x000000043a800000, 0x000000043b000000, 0x000000043b000000|100%| O|  |TAMS 0x000000043a800000, 0x000000043a800000| Untracked 
| 118|0x000000043b000000, 0x000000043b800000, 0x000000043b800000|100%| O|  |TAMS 0x000000043b000000, 0x000000043b000000| Untracked 
| 119|0x000000043b800000, 0x000000043c000000, 0x000000043c000000|100%| O|  |TAMS 0x000000043b800000, 0x000000043b800000| Untracked 
| 120|0x000000043c000000, 0x000000043c800000, 0x000000043c800000|100%| O|  |TAMS 0x000000043c000000, 0x000000043c000000| Untracked 
| 121|0x000000043c800000, 0x000000043d000000, 0x000000043d000000|100%| O|  |TAMS 0x000000043c800000, 0x000000043c800000| Untracked 
| 122|0x000000043d000000, 0x000000043d800000, 0x000000043d800000|100%| O|  |TAMS 0x000000043d000000, 0x000000043d000000| Untracked 
| 123|0x000000043d800000, 0x000000043e000000, 0x000000043e000000|100%| O|  |TAMS 0x000000043d800000, 0x000000043d800000| Untracked 
| 124|0x000000043e000000, 0x000000043e800000, 0x000000043e800000|100%| O|  |TAMS 0x000000043e000000, 0x000000043e000000| Untracked 
| 125|0x000000043e800000, 0x000000043f000000, 0x000000043f000000|100%| O|  |TAMS 0x000000043e800000, 0x000000043e800000| Untracked 
| 126|0x000000043f000000, 0x000000043f800000, 0x000000043f800000|100%| O|  |TAMS 0x000000043f000000, 0x000000043f000000| Untracked 
| 127|0x000000043f800000, 0x0000000440000000, 0x0000000440000000|100%| O|  |TAMS 0x000000043f800000, 0x000000043f800000| Untracked 
| 128|0x0000000440000000, 0x0000000440800000, 0x0000000440800000|100%| O|  |TAMS 0x0000000440000000, 0x0000000440000000| Untracked 
| 129|0x0000000440800000, 0x0000000441000000, 0x0000000441000000|100%| O|  |TAMS 0x0000000440800000, 0x0000000440800000| Untracked 
| 130|0x0000000441000000, 0x0000000441800000, 0x0000000441800000|100%| O|  |TAMS 0x0000000441000000, 0x0000000441000000| Untracked 
| 131|0x0000000441800000, 0x0000000442000000, 0x0000000442000000|100%| O|  |TAMS 0x0000000441800000, 0x0000000441800000| Untracked 
| 132|0x0000000442000000, 0x0000000442800000, 0x0000000442800000|100%| O|  |TAMS 0x0000000442000000, 0x0000000442000000| Untracked 
| 133|0x0000000442800000, 0x0000000443000000, 0x0000000443000000|100%| O|  |TAMS 0x0000000442800000, 0x0000000442800000| Untracked 
| 134|0x0000000443000000, 0x0000000443800000, 0x0000000443800000|100%| O|  |TAMS 0x0000000443000000, 0x0000000443000000| Untracked 
| 135|0x0000000443800000, 0x0000000444000000, 0x0000000444000000|100%| O|  |TAMS 0x0000000443800000, 0x0000000443800000| Untracked 
| 136|0x0000000444000000, 0x0000000444800000, 0x0000000444800000|100%| O|  |TAMS 0x0000000444000000, 0x0000000444000000| Untracked 
| 137|0x0000000444800000, 0x0000000445000000, 0x0000000445000000|100%| O|  |TAMS 0x0000000444800000, 0x0000000444800000| Untracked 
| 138|0x0000000445000000, 0x0000000445800000, 0x0000000445800000|100%| O|  |TAMS 0x0000000445000000, 0x0000000445000000| Untracked 
| 139|0x0000000445800000, 0x0000000446000000, 0x0000000446000000|100%| O|  |TAMS 0x0000000445800000, 0x0000000445800000| Untracked 
| 140|0x0000000446000000, 0x0000000446800000, 0x0000000446800000|100%| O|  |TAMS 0x0000000446000000, 0x0000000446000000| Untracked 
| 141|0x0000000446800000, 0x0000000447000000, 0x0000000447000000|100%| O|  |TAMS 0x0000000446800000, 0x0000000446800000| Untracked 
| 142|0x0000000447000000, 0x0000000447800000, 0x0000000447800000|100%| O|  |TAMS 0x0000000447000000, 0x0000000447000000| Untracked 
| 143|0x0000000447800000, 0x0000000448000000, 0x0000000448000000|100%| O|  |TAMS 0x0000000447800000, 0x0000000447800000| Untracked 
| 144|0x0000000448000000, 0x0000000448800000, 0x0000000448800000|100%| O|  |TAMS 0x0000000448000000, 0x0000000448000000| Untracked 
| 145|0x0000000448800000, 0x0000000449000000, 0x0000000449000000|100%| O|  |TAMS 0x0000000448800000, 0x0000000448800000| Untracked 
| 146|0x0000000449000000, 0x0000000449800000, 0x0000000449800000|100%| O|  |TAMS 0x0000000449000000, 0x0000000449000000| Untracked 
| 147|0x0000000449800000, 0x000000044a000000, 0x000000044a000000|100%| O|  |TAMS 0x0000000449800000, 0x0000000449800000| Untracked 
| 148|0x000000044a000000, 0x000000044a800000, 0x000000044a800000|100%| O|  |TAMS 0x000000044a000000, 0x000000044a000000| Untracked 
| 149|0x000000044a800000, 0x000000044b000000, 0x000000044b000000|100%| O|  |TAMS 0x000000044a800000, 0x000000044a800000| Untracked 
| 150|0x000000044b000000, 0x000000044b800000, 0x000000044b800000|100%| O|  |TAMS 0x000000044b000000, 0x000000044b000000| Untracked 
| 151|0x000000044b800000, 0x000000044c000000, 0x000000044c000000|100%| O|  |TAMS 0x000000044b800000, 0x000000044b800000| Untracked 
| 152|0x000000044c000000, 0x000000044c800000, 0x000000044c800000|100%| O|  |TAMS 0x000000044c000000, 0x000000044c000000| Untracked 
| 153|0x000000044c800000, 0x000000044d000000, 0x000000044d000000|100%| O|  |TAMS 0x000000044c800000, 0x000000044c800000| Untracked 
| 154|0x000000044d000000, 0x000000044d800000, 0x000000044d800000|100%| O|  |TAMS 0x000000044d000000, 0x000000044d000000| Untracked 
| 155|0x000000044d800000, 0x000000044e000000, 0x000000044e000000|100%| O|  |TAMS 0x000000044d800000, 0x000000044d800000| Untracked 
| 156|0x000000044e000000, 0x000000044e800000, 0x000000044e800000|100%| O|  |TAMS 0x000000044e000000, 0x000000044e000000| Untracked 
| 157|0x000000044e800000, 0x000000044f000000, 0x000000044f000000|100%| O|  |TAMS 0x000000044e800000, 0x000000044e800000| Untracked 
| 158|0x000000044f000000, 0x000000044f800000, 0x000000044f800000|100%|HS|  |TAMS 0x000000044f000000, 0x000000044f000000| Complete 
| 159|0x000000044f800000, 0x0000000450000000, 0x0000000450000000|100%|HS|  |TAMS 0x000000044f800000, 0x000000044f800000| Complete 
| 160|0x0000000450000000, 0x0000000450800000, 0x0000000450800000|100%|HS|  |TAMS 0x0000000450000000, 0x0000000450000000| Complete 
| 161|0x0000000450800000, 0x0000000451000000, 0x0000000451000000|100%|HS|  |TAMS 0x0000000450800000, 0x0000000450800000| Complete 
| 162|0x0000000451000000, 0x0000000451800000, 0x0000000451800000|100%|HS|  |TAMS 0x0000000451000000, 0x0000000451000000| Complete 
| 163|0x0000000451800000, 0x0000000452000000, 0x0000000452000000|100%|HS|  |TAMS 0x0000000451800000, 0x0000000451800000| Complete 
| 164|0x0000000452000000, 0x0000000452800000, 0x0000000452800000|100%|HC|  |TAMS 0x0000000452000000, 0x0000000452000000| Complete 
| 165|0x0000000452800000, 0x0000000453000000, 0x0000000453000000|100%|HS|  |TAMS 0x0000000452800000, 0x0000000452800000| Complete 
| 166|0x0000000453000000, 0x0000000453800000, 0x0000000453800000|100%|HS|  |TAMS 0x0000000453000000, 0x0000000453000000| Complete 
| 167|0x0000000453800000, 0x0000000454000000, 0x0000000454000000|100%| O|  |TAMS 0x0000000453800000, 0x0000000453800000| Untracked 
| 168|0x0000000454000000, 0x0000000454800000, 0x0000000454800000|100%| O|  |TAMS 0x0000000454000000, 0x0000000454000000| Untracked 
| 169|0x0000000454800000, 0x0000000455000000, 0x0000000455000000|100%| O|  |TAMS 0x0000000454800000, 0x0000000454800000| Untracked 
| 170|0x0000000455000000, 0x0000000455800000, 0x0000000455800000|100%| O|  |TAMS 0x0000000455000000, 0x0000000455000000| Untracked 
| 171|0x0000000455800000, 0x0000000456000000, 0x0000000456000000|100%| O|  |TAMS 0x0000000455800000, 0x0000000455800000| Untracked 
| 172|0x0000000456000000, 0x0000000456800000, 0x0000000456800000|100%| O|  |TAMS 0x0000000456000000, 0x0000000456000000| Untracked 
| 173|0x0000000456800000, 0x0000000457000000, 0x0000000457000000|100%| O|  |TAMS 0x0000000456800000, 0x0000000456800000| Untracked 
| 174|0x0000000457000000, 0x0000000457800000, 0x0000000457800000|100%| O|  |TAMS 0x0000000457000000, 0x0000000457000000| Untracked 
| 175|0x0000000457800000, 0x0000000458000000, 0x0000000458000000|100%| O|  |TAMS 0x0000000457800000, 0x0000000457800000| Untracked 
| 176|0x0000000458000000, 0x0000000458800000, 0x0000000458800000|100%| O|  |TAMS 0x0000000458000000, 0x0000000458000000| Untracked 
| 177|0x0000000458800000, 0x0000000459000000, 0x0000000459000000|100%| O|  |TAMS 0x0000000458800000, 0x0000000458800000| Untracked 
| 178|0x0000000459000000, 0x0000000459800000, 0x0000000459800000|100%| O|  |TAMS 0x0000000459000000, 0x0000000459000000| Untracked 
| 179|0x0000000459800000, 0x000000045a000000, 0x000000045a000000|100%| O|  |TAMS 0x0000000459800000, 0x0000000459800000| Untracked 
| 180|0x000000045a000000, 0x000000045a800000, 0x000000045a800000|100%| O|  |TAMS 0x000000045a000000, 0x000000045a000000| Untracked 
| 181|0x000000045a800000, 0x000000045b000000, 0x000000045b000000|100%| O|  |TAMS 0x000000045a800000, 0x000000045a800000| Untracked 
| 182|0x000000045b000000, 0x000000045b800000, 0x000000045b800000|100%| O|  |TAMS 0x000000045b000000, 0x000000045b000000| Untracked 
| 183|0x000000045b800000, 0x000000045c000000, 0x000000045c000000|100%| O|  |TAMS 0x000000045b800000, 0x000000045b800000| Untracked 
| 184|0x000000045c000000, 0x000000045c800000, 0x000000045c800000|100%| O|  |TAMS 0x000000045c000000, 0x000000045c000000| Untracked 
| 185|0x000000045c800000, 0x000000045d000000, 0x000000045d000000|100%| O|  |TAMS 0x000000045c800000, 0x000000045c800000| Untracked 
| 186|0x000000045d000000, 0x000000045d800000, 0x000000045d800000|100%| O|  |TAMS 0x000000045d000000, 0x000000045d000000| Untracked 
| 187|0x000000045d800000, 0x000000045e000000, 0x000000045e000000|100%| O|  |TAMS 0x000000045d800000, 0x000000045d800000| Untracked 
| 188|0x000000045e000000, 0x000000045e800000, 0x000000045e800000|100%| O|  |TAMS 0x000000045e000000, 0x000000045e000000| Untracked 
| 189|0x000000045e800000, 0x000000045f000000, 0x000000045f000000|100%| O|  |TAMS 0x000000045e800000, 0x000000045e800000| Untracked 
| 190|0x000000045f000000, 0x000000045f800000, 0x000000045f800000|100%| O|  |TAMS 0x000000045f000000, 0x000000045f000000| Untracked 
| 191|0x000000045f800000, 0x0000000460000000, 0x0000000460000000|100%| O|  |TAMS 0x000000045f800000, 0x000000045f800000| Untracked 
| 192|0x0000000460000000, 0x0000000460800000, 0x0000000460800000|100%| O|  |TAMS 0x0000000460000000, 0x0000000460000000| Untracked 
| 193|0x0000000460800000, 0x0000000461000000, 0x0000000461000000|100%| O|  |TAMS 0x0000000460800000, 0x0000000460800000| Untracked 
| 194|0x0000000461000000, 0x0000000461800000, 0x0000000461800000|100%| O|  |TAMS 0x0000000461000000, 0x0000000461000000| Untracked 
| 195|0x0000000461800000, 0x0000000462000000, 0x0000000462000000|100%| O|  |TAMS 0x0000000461800000, 0x0000000461800000| Untracked 
| 196|0x0000000462000000, 0x0000000462800000, 0x0000000462800000|100%| O|  |TAMS 0x0000000462000000, 0x0000000462000000| Untracked 
| 197|0x0000000462800000, 0x0000000463000000, 0x0000000463000000|100%| O|  |TAMS 0x0000000462800000, 0x0000000462800000| Untracked 
| 198|0x0000000463000000, 0x0000000463800000, 0x0000000463800000|100%| O|  |TAMS 0x0000000463000000, 0x0000000463000000| Untracked 
| 199|0x0000000463800000, 0x0000000464000000, 0x0000000464000000|100%| O|  |TAMS 0x0000000463800000, 0x0000000463800000| Untracked 
| 200|0x0000000464000000, 0x0000000464800000, 0x0000000464800000|100%| O|  |TAMS 0x0000000464000000, 0x0000000464000000| Untracked 
| 201|0x0000000464800000, 0x0000000465000000, 0x0000000465000000|100%| O|  |TAMS 0x0000000464800000, 0x0000000464800000| Untracked 
| 202|0x0000000465000000, 0x0000000465800000, 0x0000000465800000|100%| O|  |TAMS 0x0000000465000000, 0x0000000465000000| Untracked 
| 203|0x0000000465800000, 0x0000000466000000, 0x0000000466000000|100%| O|  |TAMS 0x0000000465800000, 0x0000000465800000| Untracked 
| 204|0x0000000466000000, 0x0000000466800000, 0x0000000466800000|100%| O|  |TAMS 0x0000000466000000, 0x0000000466000000| Untracked 
| 205|0x0000000466800000, 0x0000000467000000, 0x0000000467000000|100%| O|  |TAMS 0x0000000466800000, 0x0000000466800000| Untracked 
| 206|0x0000000467000000, 0x0000000467800000, 0x0000000467800000|100%| O|  |TAMS 0x0000000467000000, 0x0000000467000000| Untracked 
| 207|0x0000000467800000, 0x0000000468000000, 0x0000000468000000|100%| O|  |TAMS 0x0000000467800000, 0x0000000467800000| Untracked 
| 208|0x0000000468000000, 0x0000000468800000, 0x0000000468800000|100%| O|  |TAMS 0x0000000468000000, 0x0000000468000000| Untracked 
| 209|0x0000000468800000, 0x0000000469000000, 0x0000000469000000|100%| O|  |TAMS 0x0000000468800000, 0x0000000468800000| Untracked 
| 210|0x0000000469000000, 0x0000000469800000, 0x0000000469800000|100%| O|  |TAMS 0x0000000469000000, 0x0000000469000000| Untracked 
| 211|0x0000000469800000, 0x000000046a000000, 0x000000046a000000|100%| O|  |TAMS 0x0000000469800000, 0x0000000469800000| Untracked 
| 212|0x000000046a000000, 0x000000046a800000, 0x000000046a800000|100%| O|  |TAMS 0x000000046a000000, 0x000000046a000000| Untracked 
| 213|0x000000046a800000, 0x000000046b000000, 0x000000046b000000|100%| O|  |TAMS 0x000000046a800000, 0x000000046a800000| Untracked 
| 214|0x000000046b000000, 0x000000046b800000, 0x000000046b800000|100%| O|  |TAMS 0x000000046b000000, 0x000000046b000000| Untracked 
| 215|0x000000046b800000, 0x000000046c000000, 0x000000046c000000|100%| O|  |TAMS 0x000000046b800000, 0x000000046b800000| Untracked 
| 216|0x000000046c000000, 0x000000046c800000, 0x000000046c800000|100%| O|  |TAMS 0x000000046c000000, 0x000000046c000000| Untracked 
| 217|0x000000046c800000, 0x000000046d000000, 0x000000046d000000|100%| O|  |TAMS 0x000000046c800000, 0x000000046c800000| Untracked 
| 218|0x000000046d000000, 0x000000046d800000, 0x000000046d800000|100%| O|  |TAMS 0x000000046d000000, 0x000000046d000000| Untracked 
| 219|0x000000046d800000, 0x000000046e000000, 0x000000046e000000|100%| O|  |TAMS 0x000000046d800000, 0x000000046d800000| Untracked 
| 220|0x000000046e000000, 0x000000046e800000, 0x000000046e800000|100%| O|  |TAMS 0x000000046e000000, 0x000000046e000000| Untracked 
| 221|0x000000046e800000, 0x000000046f000000, 0x000000046f000000|100%| O|  |TAMS 0x000000046e800000, 0x000000046e800000| Untracked 
| 222|0x000000046f000000, 0x000000046f800000, 0x000000046f800000|100%| O|  |TAMS 0x000000046f000000, 0x000000046f000000| Untracked 
| 223|0x000000046f800000, 0x0000000470000000, 0x0000000470000000|100%| O|  |TAMS 0x000000046f800000, 0x000000046f800000| Untracked 
| 224|0x0000000470000000, 0x0000000470800000, 0x0000000470800000|100%| O|  |TAMS 0x0000000470000000, 0x0000000470000000| Untracked 
| 225|0x0000000470800000, 0x0000000471000000, 0x0000000471000000|100%| O|  |TAMS 0x0000000470800000, 0x0000000470800000| Untracked 
| 226|0x0000000471000000, 0x0000000471800000, 0x0000000471800000|100%| O|  |TAMS 0x0000000471000000, 0x0000000471000000| Untracked 
| 227|0x0000000471800000, 0x0000000472000000, 0x0000000472000000|100%| O|  |TAMS 0x0000000471800000, 0x0000000471800000| Untracked 
| 228|0x0000000472000000, 0x0000000472800000, 0x0000000472800000|100%| O|  |TAMS 0x0000000472000000, 0x0000000472000000| Untracked 
| 229|0x0000000472800000, 0x0000000473000000, 0x0000000473000000|100%| O|  |TAMS 0x0000000472800000, 0x0000000472800000| Untracked 
| 230|0x0000000473000000, 0x0000000473800000, 0x0000000473800000|100%| O|  |TAMS 0x0000000473000000, 0x0000000473000000| Untracked 
| 231|0x0000000473800000, 0x0000000474000000, 0x0000000474000000|100%| O|  |TAMS 0x0000000473800000, 0x0000000473800000| Untracked 
| 232|0x0000000474000000, 0x0000000474800000, 0x0000000474800000|100%| O|  |TAMS 0x0000000474000000, 0x0000000474000000| Untracked 
| 233|0x0000000474800000, 0x0000000475000000, 0x0000000475000000|100%| O|  |TAMS 0x0000000474800000, 0x0000000474800000| Untracked 
| 234|0x0000000475000000, 0x0000000475800000, 0x0000000475800000|100%| O|  |TAMS 0x0000000475000000, 0x0000000475000000| Untracked 
| 235|0x0000000475800000, 0x0000000476000000, 0x0000000476000000|100%| O|  |TAMS 0x0000000475800000, 0x0000000475800000| Untracked 
| 236|0x0000000476000000, 0x0000000476800000, 0x0000000476800000|100%| O|  |TAMS 0x0000000476000000, 0x0000000476000000| Untracked 
| 237|0x0000000476800000, 0x0000000477000000, 0x0000000477000000|100%| O|  |TAMS 0x0000000476800000, 0x0000000476800000| Untracked 
| 238|0x0000000477000000, 0x0000000477800000, 0x0000000477800000|100%| O|  |TAMS 0x0000000477000000, 0x0000000477000000| Untracked 
| 239|0x0000000477800000, 0x0000000478000000, 0x0000000478000000|100%| O|  |TAMS 0x0000000477800000, 0x0000000477800000| Untracked 
| 240|0x0000000478000000, 0x0000000478800000, 0x0000000478800000|100%| O|  |TAMS 0x0000000478000000, 0x0000000478000000| Untracked 
| 241|0x0000000478800000, 0x0000000479000000, 0x0000000479000000|100%| O|  |TAMS 0x0000000478800000, 0x0000000478800000| Untracked 
| 242|0x0000000479000000, 0x0000000479800000, 0x0000000479800000|100%| O|  |TAMS 0x0000000479000000, 0x0000000479000000| Untracked 
| 243|0x0000000479800000, 0x000000047a000000, 0x000000047a000000|100%| O|  |TAMS 0x0000000479800000, 0x0000000479800000| Untracked 
| 244|0x000000047a000000, 0x000000047a800000, 0x000000047a800000|100%| O|  |TAMS 0x000000047a000000, 0x000000047a000000| Untracked 
| 245|0x000000047a800000, 0x000000047b000000, 0x000000047b000000|100%| O|  |TAMS 0x000000047a800000, 0x000000047a800000| Untracked 
| 246|0x000000047b000000, 0x000000047b800000, 0x000000047b800000|100%| O|  |TAMS 0x000000047b000000, 0x000000047b000000| Untracked 
| 247|0x000000047b800000, 0x000000047c000000, 0x000000047c000000|100%| O|  |TAMS 0x000000047b800000, 0x000000047b800000| Untracked 
| 248|0x000000047c000000, 0x000000047c800000, 0x000000047c800000|100%| O|  |TAMS 0x000000047c000000, 0x000000047c000000| Untracked 
| 249|0x000000047c800000, 0x000000047d000000, 0x000000047d000000|100%| O|  |TAMS 0x000000047c800000, 0x000000047c800000| Untracked 
| 250|0x000000047d000000, 0x000000047d800000, 0x000000047d800000|100%| O|  |TAMS 0x000000047d000000, 0x000000047d000000| Untracked 
| 251|0x000000047d800000, 0x000000047e000000, 0x000000047e000000|100%| O|  |TAMS 0x000000047d800000, 0x000000047d800000| Untracked 
| 252|0x000000047e000000, 0x000000047e800000, 0x000000047e800000|100%| O|  |TAMS 0x000000047e000000, 0x000000047e000000| Untracked 
| 253|0x000000047e800000, 0x000000047f000000, 0x000000047f000000|100%| O|  |TAMS 0x000000047e800000, 0x000000047e800000| Untracked 
| 254|0x000000047f000000, 0x000000047f800000, 0x000000047f800000|100%| O|  |TAMS 0x000000047f000000, 0x000000047f000000| Untracked 
| 255|0x000000047f800000, 0x0000000480000000, 0x0000000480000000|100%| O|  |TAMS 0x000000047f800000, 0x000000047f800000| Untracked 
| 256|0x0000000480000000, 0x0000000480800000, 0x0000000480800000|100%| O|  |TAMS 0x0000000480000000, 0x0000000480000000| Untracked 
| 257|0x0000000480800000, 0x0000000481000000, 0x0000000481000000|100%| O|  |TAMS 0x0000000480800000, 0x0000000480800000| Untracked 
| 258|0x0000000481000000, 0x0000000481800000, 0x0000000481800000|100%| O|  |TAMS 0x0000000481000000, 0x0000000481000000| Untracked 
| 259|0x0000000481800000, 0x0000000482000000, 0x0000000482000000|100%|HS|  |TAMS 0x0000000481800000, 0x0000000481800000| Complete 
| 260|0x0000000482000000, 0x0000000482800000, 0x0000000482800000|100%|HS|  |TAMS 0x0000000482000000, 0x0000000482000000| Complete 
| 261|0x0000000482800000, 0x0000000483000000, 0x0000000483000000|100%|HS|  |TAMS 0x0000000482800000, 0x0000000482800000| Complete 
| 262|0x0000000483000000, 0x0000000483800000, 0x0000000483800000|100%|HC|  |TAMS 0x0000000483000000, 0x0000000483000000| Complete 
| 263|0x0000000483800000, 0x0000000484000000, 0x0000000484000000|100%|HS|  |TAMS 0x0000000483800000, 0x0000000483800000| Complete 
| 264|0x0000000484000000, 0x0000000484800000, 0x0000000484800000|100%|HC|  |TAMS 0x0000000484000000, 0x0000000484000000| Complete 
| 265|0x0000000484800000, 0x0000000485000000, 0x0000000485000000|100%|HS|  |TAMS 0x0000000484800000, 0x0000000484800000| Complete 
| 266|0x0000000485000000, 0x0000000485800000, 0x0000000485800000|100%|HS|  |TAMS 0x0000000485000000, 0x0000000485000000| Complete 
| 267|0x0000000485800000, 0x0000000486000000, 0x0000000486000000|100%|HS|  |TAMS 0x0000000485800000, 0x0000000485800000| Complete 
| 268|0x0000000486000000, 0x0000000486800000, 0x0000000486800000|100%|HS|  |TAMS 0x0000000486000000, 0x0000000486000000| Complete 
| 269|0x0000000486800000, 0x0000000487000000, 0x0000000487000000|100%|HC|  |TAMS 0x0000000486800000, 0x0000000486800000| Complete 
| 270|0x0000000487000000, 0x0000000487800000, 0x0000000487800000|100%| O|  |TAMS 0x0000000487000000, 0x0000000487000000| Untracked 
| 271|0x0000000487800000, 0x0000000488000000, 0x0000000488000000|100%| O|  |TAMS 0x0000000487800000, 0x0000000487800000| Untracked 
| 272|0x0000000488000000, 0x0000000488800000, 0x0000000488800000|100%| O|  |TAMS 0x0000000488000000, 0x0000000488000000| Untracked 
| 273|0x0000000488800000, 0x0000000489000000, 0x0000000489000000|100%| O|  |TAMS 0x0000000488800000, 0x0000000488800000| Untracked 
| 274|0x0000000489000000, 0x0000000489800000, 0x0000000489800000|100%| O|  |TAMS 0x0000000489000000, 0x0000000489000000| Untracked 
| 275|0x0000000489800000, 0x000000048a000000, 0x000000048a000000|100%| O|  |TAMS 0x0000000489800000, 0x0000000489800000| Untracked 
| 276|0x000000048a000000, 0x000000048a800000, 0x000000048a800000|100%| O|  |TAMS 0x000000048a000000, 0x000000048a000000| Untracked 
| 277|0x000000048a800000, 0x000000048b000000, 0x000000048b000000|100%| O|  |TAMS 0x000000048a800000, 0x000000048a800000| Untracked 
| 278|0x000000048b000000, 0x000000048b800000, 0x000000048b800000|100%| O|  |TAMS 0x000000048b000000, 0x000000048b000000| Untracked 
| 279|0x000000048b800000, 0x000000048c000000, 0x000000048c000000|100%| O|  |TAMS 0x000000048b800000, 0x000000048b800000| Untracked 
| 280|0x000000048c000000, 0x000000048c800000, 0x000000048c800000|100%| O|  |TAMS 0x000000048c000000, 0x000000048c000000| Untracked 
| 281|0x000000048c800000, 0x000000048d000000, 0x000000048d000000|100%| O|  |TAMS 0x000000048c800000, 0x000000048c800000| Untracked 
| 282|0x000000048d000000, 0x000000048d800000, 0x000000048d800000|100%| O|  |TAMS 0x000000048d000000, 0x000000048d000000| Untracked 
| 283|0x000000048d800000, 0x000000048e000000, 0x000000048e000000|100%| O|  |TAMS 0x000000048d800000, 0x000000048d800000| Untracked 
| 284|0x000000048e000000, 0x000000048e800000, 0x000000048e800000|100%| O|  |TAMS 0x000000048e000000, 0x000000048e000000| Untracked 
| 285|0x000000048e800000, 0x000000048f000000, 0x000000048f000000|100%| O|  |TAMS 0x000000048e800000, 0x000000048e800000| Untracked 
| 286|0x000000048f000000, 0x000000048f800000, 0x000000048f800000|100%| O|  |TAMS 0x000000048f000000, 0x000000048f000000| Untracked 
| 287|0x000000048f800000, 0x0000000490000000, 0x0000000490000000|100%| O|  |TAMS 0x000000048f800000, 0x000000048f800000| Untracked 
| 288|0x0000000490000000, 0x0000000490800000, 0x0000000490800000|100%| O|  |TAMS 0x0000000490000000, 0x0000000490000000| Untracked 
| 289|0x0000000490800000, 0x0000000491000000, 0x0000000491000000|100%| O|  |TAMS 0x0000000490800000, 0x0000000490800000| Untracked 
| 290|0x0000000491000000, 0x0000000491800000, 0x0000000491800000|100%| O|  |TAMS 0x0000000491000000, 0x0000000491000000| Untracked 
| 291|0x0000000491800000, 0x0000000492000000, 0x0000000492000000|100%| O|  |TAMS 0x0000000491800000, 0x0000000491800000| Untracked 
| 292|0x0000000492000000, 0x0000000492800000, 0x0000000492800000|100%| O|  |TAMS 0x0000000492000000, 0x0000000492000000| Untracked 
| 293|0x0000000492800000, 0x0000000493000000, 0x0000000493000000|100%| O|  |TAMS 0x0000000492800000, 0x0000000492800000| Untracked 
| 294|0x0000000493000000, 0x0000000493800000, 0x0000000493800000|100%| O|  |TAMS 0x0000000493000000, 0x0000000493000000| Untracked 
| 295|0x0000000493800000, 0x0000000494000000, 0x0000000494000000|100%| O|  |TAMS 0x0000000493800000, 0x0000000493800000| Untracked 
| 296|0x0000000494000000, 0x0000000494800000, 0x0000000494800000|100%| O|  |TAMS 0x0000000494000000, 0x0000000494000000| Untracked 
| 297|0x0000000494800000, 0x0000000495000000, 0x0000000495000000|100%| O|  |TAMS 0x0000000494800000, 0x0000000494800000| Untracked 
| 298|0x0000000495000000, 0x0000000495800000, 0x0000000495800000|100%| O|  |TAMS 0x0000000495000000, 0x0000000495000000| Untracked 
| 299|0x0000000495800000, 0x0000000496000000, 0x0000000496000000|100%| O|  |TAMS 0x0000000495800000, 0x0000000495800000| Untracked 
| 300|0x0000000496000000, 0x0000000496800000, 0x0000000496800000|100%| O|  |TAMS 0x0000000496000000, 0x0000000496000000| Untracked 
| 301|0x0000000496800000, 0x0000000497000000, 0x0000000497000000|100%| O|  |TAMS 0x0000000496800000, 0x0000000496800000| Untracked 
| 302|0x0000000497000000, 0x0000000497800000, 0x0000000497800000|100%| O|  |TAMS 0x0000000497000000, 0x0000000497000000| Untracked 
| 303|0x0000000497800000, 0x0000000498000000, 0x0000000498000000|100%| O|  |TAMS 0x0000000497800000, 0x0000000497800000| Untracked 
| 304|0x0000000498000000, 0x0000000498800000, 0x0000000498800000|100%| O|  |TAMS 0x0000000498000000, 0x0000000498000000| Untracked 
| 305|0x0000000498800000, 0x0000000499000000, 0x0000000499000000|100%| O|  |TAMS 0x0000000498800000, 0x0000000498800000| Untracked 
| 306|0x0000000499000000, 0x0000000499800000, 0x0000000499800000|100%| O|  |TAMS 0x0000000499000000, 0x0000000499000000| Untracked 
| 307|0x0000000499800000, 0x000000049a000000, 0x000000049a000000|100%| O|  |TAMS 0x0000000499800000, 0x0000000499800000| Untracked 
| 308|0x000000049a000000, 0x000000049a800000, 0x000000049a800000|100%| O|  |TAMS 0x000000049a000000, 0x000000049a000000| Untracked 
| 309|0x000000049a800000, 0x000000049b000000, 0x000000049b000000|100%| O|  |TAMS 0x000000049a800000, 0x000000049a800000| Untracked 
| 310|0x000000049b000000, 0x000000049b800000, 0x000000049b800000|100%| O|  |TAMS 0x000000049b000000, 0x000000049b000000| Untracked 
| 311|0x000000049b800000, 0x000000049c000000, 0x000000049c000000|100%| O|  |TAMS 0x000000049b800000, 0x000000049b800000| Untracked 
| 312|0x000000049c000000, 0x000000049c800000, 0x000000049c800000|100%| O|  |TAMS 0x000000049c000000, 0x000000049c000000| Untracked 
| 313|0x000000049c800000, 0x000000049d000000, 0x000000049d000000|100%| O|  |TAMS 0x000000049c800000, 0x000000049c800000| Untracked 
| 314|0x000000049d000000, 0x000000049d800000, 0x000000049d800000|100%| O|  |TAMS 0x000000049d000000, 0x000000049d000000| Untracked 
| 315|0x000000049d800000, 0x000000049e000000, 0x000000049e000000|100%| O|  |TAMS 0x000000049d800000, 0x000000049d800000| Untracked 
| 316|0x000000049e000000, 0x000000049e800000, 0x000000049e800000|100%| O|  |TAMS 0x000000049e000000, 0x000000049e000000| Untracked 
| 317|0x000000049e800000, 0x000000049f000000, 0x000000049f000000|100%| O|  |TAMS 0x000000049e800000, 0x000000049e800000| Untracked 
| 318|0x000000049f000000, 0x000000049f800000, 0x000000049f800000|100%| O|  |TAMS 0x000000049f000000, 0x000000049f000000| Untracked 
| 319|0x000000049f800000, 0x00000004a0000000, 0x00000004a0000000|100%| O|  |TAMS 0x000000049f800000, 0x000000049f800000| Untracked 
| 320|0x00000004a0000000, 0x00000004a0800000, 0x00000004a0800000|100%| O|  |TAMS 0x00000004a0000000, 0x00000004a0000000| Untracked 
| 321|0x00000004a0800000, 0x00000004a1000000, 0x00000004a1000000|100%| O|  |TAMS 0x00000004a0800000, 0x00000004a0800000| Untracked 
| 322|0x00000004a1000000, 0x00000004a1800000, 0x00000004a1800000|100%| O|  |TAMS 0x00000004a1000000, 0x00000004a1000000| Untracked 
| 323|0x00000004a1800000, 0x00000004a2000000, 0x00000004a2000000|100%| O|  |TAMS 0x00000004a1800000, 0x00000004a1800000| Untracked 
| 324|0x00000004a2000000, 0x00000004a2800000, 0x00000004a2800000|100%| O|  |TAMS 0x00000004a2000000, 0x00000004a2000000| Untracked 
| 325|0x00000004a2800000, 0x00000004a3000000, 0x00000004a3000000|100%| O|  |TAMS 0x00000004a2800000, 0x00000004a2800000| Untracked 
| 326|0x00000004a3000000, 0x00000004a3800000, 0x00000004a3800000|100%| O|  |TAMS 0x00000004a3000000, 0x00000004a3000000| Untracked 
| 327|0x00000004a3800000, 0x00000004a4000000, 0x00000004a4000000|100%| O|  |TAMS 0x00000004a3800000, 0x00000004a3800000| Untracked 
| 328|0x00000004a4000000, 0x00000004a4800000, 0x00000004a4800000|100%| O|  |TAMS 0x00000004a4000000, 0x00000004a4000000| Untracked 
| 329|0x00000004a4800000, 0x00000004a5000000, 0x00000004a5000000|100%| O|  |TAMS 0x00000004a4800000, 0x00000004a4800000| Untracked 
| 330|0x00000004a5000000, 0x00000004a5800000, 0x00000004a5800000|100%| O|  |TAMS 0x00000004a5000000, 0x00000004a5000000| Untracked 
| 331|0x00000004a5800000, 0x00000004a6000000, 0x00000004a6000000|100%| O|  |TAMS 0x00000004a5800000, 0x00000004a5800000| Untracked 
| 332|0x00000004a6000000, 0x00000004a6800000, 0x00000004a6800000|100%| O|  |TAMS 0x00000004a6000000, 0x00000004a6000000| Untracked 
| 333|0x00000004a6800000, 0x00000004a7000000, 0x00000004a7000000|100%| O|  |TAMS 0x00000004a6800000, 0x00000004a6800000| Untracked 
| 334|0x00000004a7000000, 0x00000004a7800000, 0x00000004a7800000|100%| O|  |TAMS 0x00000004a7000000, 0x00000004a7000000| Untracked 
| 335|0x00000004a7800000, 0x00000004a8000000, 0x00000004a8000000|100%| O|  |TAMS 0x00000004a7800000, 0x00000004a7800000| Untracked 
| 336|0x00000004a8000000, 0x00000004a8800000, 0x00000004a8800000|100%| O|  |TAMS 0x00000004a8000000, 0x00000004a8000000| Untracked 
| 337|0x00000004a8800000, 0x00000004a9000000, 0x00000004a9000000|100%| O|  |TAMS 0x00000004a8800000, 0x00000004a8800000| Untracked 
| 338|0x00000004a9000000, 0x00000004a9800000, 0x00000004a9800000|100%| O|  |TAMS 0x00000004a9000000, 0x00000004a9000000| Untracked 
| 339|0x00000004a9800000, 0x00000004aa000000, 0x00000004aa000000|100%| O|  |TAMS 0x00000004a9800000, 0x00000004a9800000| Untracked 
| 340|0x00000004aa000000, 0x00000004aa800000, 0x00000004aa800000|100%| O|  |TAMS 0x00000004aa000000, 0x00000004aa000000| Untracked 
| 341|0x00000004aa800000, 0x00000004ab000000, 0x00000004ab000000|100%| O|  |TAMS 0x00000004aa800000, 0x00000004aa800000| Untracked 
| 342|0x00000004ab000000, 0x00000004ab800000, 0x00000004ab800000|100%| O|  |TAMS 0x00000004ab000000, 0x00000004ab000000| Untracked 
| 343|0x00000004ab800000, 0x00000004ac000000, 0x00000004ac000000|100%| O|  |TAMS 0x00000004ab800000, 0x00000004ab800000| Untracked 
| 344|0x00000004ac000000, 0x00000004ac800000, 0x00000004ac800000|100%| O|  |TAMS 0x00000004ac000000, 0x00000004ac000000| Untracked 
| 345|0x00000004ac800000, 0x00000004ad000000, 0x00000004ad000000|100%| O|  |TAMS 0x00000004ac800000, 0x00000004ac800000| Untracked 
| 346|0x00000004ad000000, 0x00000004ad800000, 0x00000004ad800000|100%| O|  |TAMS 0x00000004ad000000, 0x00000004ad000000| Untracked 
| 347|0x00000004ad800000, 0x00000004ae000000, 0x00000004ae000000|100%| O|  |TAMS 0x00000004ad800000, 0x00000004ad800000| Untracked 
| 348|0x00000004ae000000, 0x00000004ae800000, 0x00000004ae800000|100%| O|  |TAMS 0x00000004ae000000, 0x00000004ae000000| Untracked 
| 349|0x00000004ae800000, 0x00000004af000000, 0x00000004af000000|100%| O|  |TAMS 0x00000004ae800000, 0x00000004ae800000| Untracked 
| 350|0x00000004af000000, 0x00000004af800000, 0x00000004af800000|100%| O|  |TAMS 0x00000004af000000, 0x00000004af000000| Untracked 
| 351|0x00000004af800000, 0x00000004b0000000, 0x00000004b0000000|100%| O|  |TAMS 0x00000004af800000, 0x00000004af800000| Untracked 
| 352|0x00000004b0000000, 0x00000004b0800000, 0x00000004b0800000|100%| O|  |TAMS 0x00000004b0000000, 0x00000004b0000000| Untracked 
| 353|0x00000004b0800000, 0x00000004b1000000, 0x00000004b1000000|100%| O|  |TAMS 0x00000004b0800000, 0x00000004b0800000| Untracked 
| 354|0x00000004b1000000, 0x00000004b1800000, 0x00000004b1800000|100%| O|  |TAMS 0x00000004b1000000, 0x00000004b1000000| Untracked 
| 355|0x00000004b1800000, 0x00000004b2000000, 0x00000004b2000000|100%| O|  |TAMS 0x00000004b1800000, 0x00000004b1800000| Untracked 
| 356|0x00000004b2000000, 0x00000004b2800000, 0x00000004b2800000|100%| O|  |TAMS 0x00000004b2000000, 0x00000004b2000000| Untracked 
| 357|0x00000004b2800000, 0x00000004b3000000, 0x00000004b3000000|100%| O|  |TAMS 0x00000004b2800000, 0x00000004b2800000| Untracked 
| 358|0x00000004b3000000, 0x00000004b3800000, 0x00000004b3800000|100%| O|  |TAMS 0x00000004b3000000, 0x00000004b3000000| Untracked 
| 359|0x00000004b3800000, 0x00000004b4000000, 0x00000004b4000000|100%| O|  |TAMS 0x00000004b3800000, 0x00000004b3800000| Untracked 
| 360|0x00000004b4000000, 0x00000004b4800000, 0x00000004b4800000|100%| O|  |TAMS 0x00000004b4000000, 0x00000004b4000000| Untracked 
| 361|0x00000004b4800000, 0x00000004b5000000, 0x00000004b5000000|100%| O|  |TAMS 0x00000004b4800000, 0x00000004b4800000| Untracked 
| 362|0x00000004b5000000, 0x00000004b5800000, 0x00000004b5800000|100%| O|  |TAMS 0x00000004b5000000, 0x00000004b5000000| Untracked 
| 363|0x00000004b5800000, 0x00000004b6000000, 0x00000004b6000000|100%| O|  |TAMS 0x00000004b5800000, 0x00000004b5800000| Untracked 
| 364|0x00000004b6000000, 0x00000004b6800000, 0x00000004b6800000|100%| O|  |TAMS 0x00000004b6000000, 0x00000004b6000000| Untracked 
| 365|0x00000004b6800000, 0x00000004b7000000, 0x00000004b7000000|100%| O|  |TAMS 0x00000004b6800000, 0x00000004b6800000| Untracked 
| 366|0x00000004b7000000, 0x00000004b7800000, 0x00000004b7800000|100%| O|  |TAMS 0x00000004b7000000, 0x00000004b7000000| Untracked 
| 367|0x00000004b7800000, 0x00000004b8000000, 0x00000004b8000000|100%| O|  |TAMS 0x00000004b7800000, 0x00000004b7800000| Untracked 
| 368|0x00000004b8000000, 0x00000004b8800000, 0x00000004b8800000|100%| O|  |TAMS 0x00000004b8000000, 0x00000004b8000000| Untracked 
| 369|0x00000004b8800000, 0x00000004b9000000, 0x00000004b9000000|100%| O|  |TAMS 0x00000004b8800000, 0x00000004b8800000| Untracked 
| 370|0x00000004b9000000, 0x00000004b9800000, 0x00000004b9800000|100%| O|  |TAMS 0x00000004b9000000, 0x00000004b9000000| Untracked 
| 371|0x00000004b9800000, 0x00000004ba000000, 0x00000004ba000000|100%| O|  |TAMS 0x00000004b9800000, 0x00000004b9800000| Untracked 
| 372|0x00000004ba000000, 0x00000004ba800000, 0x00000004ba800000|100%| O|  |TAMS 0x00000004ba000000, 0x00000004ba000000| Untracked 
| 373|0x00000004ba800000, 0x00000004bb000000, 0x00000004bb000000|100%| O|  |TAMS 0x00000004ba800000, 0x00000004ba800000| Untracked 
| 374|0x00000004bb000000, 0x00000004bb800000, 0x00000004bb800000|100%| O|  |TAMS 0x00000004bb000000, 0x00000004bb000000| Untracked 
| 375|0x00000004bb800000, 0x00000004bc000000, 0x00000004bc000000|100%| O|  |TAMS 0x00000004bb800000, 0x00000004bb800000| Untracked 
| 376|0x00000004bc000000, 0x00000004bc800000, 0x00000004bc800000|100%| O|  |TAMS 0x00000004bc000000, 0x00000004bc000000| Untracked 
| 377|0x00000004bc800000, 0x00000004bd000000, 0x00000004bd000000|100%| O|  |TAMS 0x00000004bc800000, 0x00000004bc800000| Untracked 
| 378|0x00000004bd000000, 0x00000004bd800000, 0x00000004bd800000|100%| O|  |TAMS 0x00000004bd000000, 0x00000004bd000000| Untracked 
| 379|0x00000004bd800000, 0x00000004be000000, 0x00000004be000000|100%| O|  |TAMS 0x00000004bd800000, 0x00000004bd800000| Untracked 
| 380|0x00000004be000000, 0x00000004be800000, 0x00000004be800000|100%| O|  |TAMS 0x00000004be000000, 0x00000004be000000| Untracked 
| 381|0x00000004be800000, 0x00000004bf000000, 0x00000004bf000000|100%| O|  |TAMS 0x00000004be800000, 0x00000004be800000| Untracked 
| 382|0x00000004bf000000, 0x00000004bf800000, 0x00000004bf800000|100%| O|  |TAMS 0x00000004bf000000, 0x00000004bf000000| Untracked 
| 383|0x00000004bf800000, 0x00000004c0000000, 0x00000004c0000000|100%| O|  |TAMS 0x00000004bf800000, 0x00000004bf800000| Untracked 
| 384|0x00000004c0000000, 0x00000004c0800000, 0x00000004c0800000|100%| O|  |TAMS 0x00000004c0000000, 0x00000004c0000000| Untracked 
| 385|0x00000004c0800000, 0x00000004c1000000, 0x00000004c1000000|100%| O|  |TAMS 0x00000004c0800000, 0x00000004c0800000| Untracked 
| 386|0x00000004c1000000, 0x00000004c1800000, 0x00000004c1800000|100%| O|  |TAMS 0x00000004c1000000, 0x00000004c1000000| Untracked 
| 387|0x00000004c1800000, 0x00000004c1b31600, 0x00000004c2000000| 39%| O|  |TAMS 0x00000004c1800000, 0x00000004c1800000| Untracked 
| 388|0x00000004c2000000, 0x00000004c2000000, 0x00000004c2800000|  0%| F|  |TAMS 0x00000004c2000000, 0x00000004c2000000| Untracked 
| 389|0x00000004c2800000, 0x00000004c2800000, 0x00000004c3000000|  0%| F|  |TAMS 0x00000004c2800000, 0x00000004c2800000| Untracked 
| 390|0x00000004c3000000, 0x00000004c3000000, 0x00000004c3800000|  0%| F|  |TAMS 0x00000004c3000000, 0x00000004c3000000| Untracked 
| 391|0x00000004c3800000, 0x00000004c3800000, 0x00000004c4000000|  0%| F|  |TAMS 0x00000004c3800000, 0x00000004c3800000| Untracked 
| 392|0x00000004c4000000, 0x00000004c4000000, 0x00000004c4800000|  0%| F|  |TAMS 0x00000004c4000000, 0x00000004c4000000| Untracked 
| 393|0x00000004c4800000, 0x00000004c4800000, 0x00000004c5000000|  0%| F|  |TAMS 0x00000004c4800000, 0x00000004c4800000| Untracked 
| 394|0x00000004c5000000, 0x00000004c5000000, 0x00000004c5800000|  0%| F|  |TAMS 0x00000004c5000000, 0x00000004c5000000| Untracked 
| 395|0x00000004c5800000, 0x00000004c5800000, 0x00000004c6000000|  0%| F|  |TAMS 0x00000004c5800000, 0x00000004c5800000| Untracked 
| 396|0x00000004c6000000, 0x00000004c6000000, 0x00000004c6800000|  0%| F|  |TAMS 0x00000004c6000000, 0x00000004c6000000| Untracked 
| 397|0x00000004c6800000, 0x00000004c6800000, 0x00000004c7000000|  0%| F|  |TAMS 0x00000004c6800000, 0x00000004c6800000| Untracked 
| 398|0x00000004c7000000, 0x00000004c7000000, 0x00000004c7800000|  0%| F|  |TAMS 0x00000004c7000000, 0x00000004c7000000| Untracked 
| 399|0x00000004c7800000, 0x00000004c7800000, 0x00000004c8000000|  0%| F|  |TAMS 0x00000004c7800000, 0x00000004c7800000| Untracked 
| 400|0x00000004c8000000, 0x00000004c8000000, 0x00000004c8800000|  0%| F|  |TAMS 0x00000004c8000000, 0x00000004c8000000| Untracked 
| 401|0x00000004c8800000, 0x00000004c8800000, 0x00000004c9000000|  0%| F|  |TAMS 0x00000004c8800000, 0x00000004c8800000| Untracked 
| 402|0x00000004c9000000, 0x00000004c9000000, 0x00000004c9800000|  0%| F|  |TAMS 0x00000004c9000000, 0x00000004c9000000| Untracked 
| 403|0x00000004c9800000, 0x00000004c9800000, 0x00000004ca000000|  0%| F|  |TAMS 0x00000004c9800000, 0x00000004c9800000| Untracked 
| 404|0x00000004ca000000, 0x00000004ca000000, 0x00000004ca800000|  0%| F|  |TAMS 0x00000004ca000000, 0x00000004ca000000| Untracked 
| 405|0x00000004ca800000, 0x00000004ca800000, 0x00000004cb000000|  0%| F|  |TAMS 0x00000004ca800000, 0x00000004ca800000| Untracked 
| 406|0x00000004cb000000, 0x00000004cb000000, 0x00000004cb800000|  0%| F|  |TAMS 0x00000004cb000000, 0x00000004cb000000| Untracked 
| 407|0x00000004cb800000, 0x00000004cb800000, 0x00000004cc000000|  0%| F|  |TAMS 0x00000004cb800000, 0x00000004cb800000| Untracked 
| 408|0x00000004cc000000, 0x00000004cc000000, 0x00000004cc800000|  0%| F|  |TAMS 0x00000004cc000000, 0x00000004cc000000| Untracked 
| 409|0x00000004cc800000, 0x00000004cc800000, 0x00000004cd000000|  0%| F|  |TAMS 0x00000004cc800000, 0x00000004cc800000| Untracked 
| 410|0x00000004cd000000, 0x00000004cd000000, 0x00000004cd800000|  0%| F|  |TAMS 0x00000004cd000000, 0x00000004cd000000| Untracked 
| 411|0x00000004cd800000, 0x00000004cd800000, 0x00000004ce000000|  0%| F|  |TAMS 0x00000004cd800000, 0x00000004cd800000| Untracked 
| 412|0x00000004ce000000, 0x00000004ce000000, 0x00000004ce800000|  0%| F|  |TAMS 0x00000004ce000000, 0x00000004ce000000| Untracked 
| 413|0x00000004ce800000, 0x00000004ce800000, 0x00000004cf000000|  0%| F|  |TAMS 0x00000004ce800000, 0x00000004ce800000| Untracked 
| 414|0x00000004cf000000, 0x00000004cf000000, 0x00000004cf800000|  0%| F|  |TAMS 0x00000004cf000000, 0x00000004cf000000| Untracked 
| 415|0x00000004cf800000, 0x00000004cf800000, 0x00000004d0000000|  0%| F|  |TAMS 0x00000004cf800000, 0x00000004cf800000| Untracked 
| 416|0x00000004d0000000, 0x00000004d0000000, 0x00000004d0800000|  0%| F|  |TAMS 0x00000004d0000000, 0x00000004d0000000| Untracked 
| 417|0x00000004d0800000, 0x00000004d0800000, 0x00000004d1000000|  0%| F|  |TAMS 0x00000004d0800000, 0x00000004d0800000| Untracked 
| 418|0x00000004d1000000, 0x00000004d1000000, 0x00000004d1800000|  0%| F|  |TAMS 0x00000004d1000000, 0x00000004d1000000| Untracked 
| 419|0x00000004d1800000, 0x00000004d1800000, 0x00000004d2000000|  0%| F|  |TAMS 0x00000004d1800000, 0x00000004d1800000| Untracked 
| 420|0x00000004d2000000, 0x00000004d2000000, 0x00000004d2800000|  0%| F|  |TAMS 0x00000004d2000000, 0x00000004d2000000| Untracked 
| 421|0x00000004d2800000, 0x00000004d2800000, 0x00000004d3000000|  0%| F|  |TAMS 0x00000004d2800000, 0x00000004d2800000| Untracked 
| 422|0x00000004d3000000, 0x00000004d3000000, 0x00000004d3800000|  0%| F|  |TAMS 0x00000004d3000000, 0x00000004d3000000| Untracked 
| 423|0x00000004d3800000, 0x00000004d3800000, 0x00000004d4000000|  0%| F|  |TAMS 0x00000004d3800000, 0x00000004d3800000| Untracked 
| 424|0x00000004d4000000, 0x00000004d4000000, 0x00000004d4800000|  0%| F|  |TAMS 0x00000004d4000000, 0x00000004d4000000| Untracked 
| 425|0x00000004d4800000, 0x00000004d4800000, 0x00000004d5000000|  0%| F|  |TAMS 0x00000004d4800000, 0x00000004d4800000| Untracked 
| 426|0x00000004d5000000, 0x00000004d5000000, 0x00000004d5800000|  0%| F|  |TAMS 0x00000004d5000000, 0x00000004d5000000| Untracked 
| 427|0x00000004d5800000, 0x00000004d5800000, 0x00000004d6000000|  0%| F|  |TAMS 0x00000004d5800000, 0x00000004d5800000| Untracked 
| 428|0x00000004d6000000, 0x00000004d6000000, 0x00000004d6800000|  0%| F|  |TAMS 0x00000004d6000000, 0x00000004d6000000| Untracked 
| 429|0x00000004d6800000, 0x00000004d6800000, 0x00000004d7000000|  0%| F|  |TAMS 0x00000004d6800000, 0x00000004d6800000| Untracked 
| 430|0x00000004d7000000, 0x00000004d7000000, 0x00000004d7800000|  0%| F|  |TAMS 0x00000004d7000000, 0x00000004d7000000| Untracked 
| 431|0x00000004d7800000, 0x00000004d7800000, 0x00000004d8000000|  0%| F|  |TAMS 0x00000004d7800000, 0x00000004d7800000| Untracked 
| 432|0x00000004d8000000, 0x00000004d8000000, 0x00000004d8800000|  0%| F|  |TAMS 0x00000004d8000000, 0x00000004d8000000| Untracked 
| 433|0x00000004d8800000, 0x00000004d8800000, 0x00000004d9000000|  0%| F|  |TAMS 0x00000004d8800000, 0x00000004d8800000| Untracked 
| 434|0x00000004d9000000, 0x00000004d9000000, 0x00000004d9800000|  0%| F|  |TAMS 0x00000004d9000000, 0x00000004d9000000| Untracked 
| 435|0x00000004d9800000, 0x00000004d9800000, 0x00000004da000000|  0%| F|  |TAMS 0x00000004d9800000, 0x00000004d9800000| Untracked 
| 436|0x00000004da000000, 0x00000004da000000, 0x00000004da800000|  0%| F|  |TAMS 0x00000004da000000, 0x00000004da000000| Untracked 
| 437|0x00000004da800000, 0x00000004da800000, 0x00000004db000000|  0%| F|  |TAMS 0x00000004da800000, 0x00000004da800000| Untracked 
| 438|0x00000004db000000, 0x00000004db000000, 0x00000004db800000|  0%| F|  |TAMS 0x00000004db000000, 0x00000004db000000| Untracked 
| 439|0x00000004db800000, 0x00000004db800000, 0x00000004dc000000|  0%| F|  |TAMS 0x00000004db800000, 0x00000004db800000| Untracked 
| 440|0x00000004dc000000, 0x00000004dc000000, 0x00000004dc800000|  0%| F|  |TAMS 0x00000004dc000000, 0x00000004dc000000| Untracked 
| 441|0x00000004dc800000, 0x00000004dc800000, 0x00000004dd000000|  0%| F|  |TAMS 0x00000004dc800000, 0x00000004dc800000| Untracked 
| 442|0x00000004dd000000, 0x00000004dd000000, 0x00000004dd800000|  0%| F|  |TAMS 0x00000004dd000000, 0x00000004dd000000| Untracked 
| 443|0x00000004dd800000, 0x00000004dd800000, 0x00000004de000000|  0%| F|  |TAMS 0x00000004dd800000, 0x00000004dd800000| Untracked 
| 444|0x00000004de000000, 0x00000004de000000, 0x00000004de800000|  0%| F|  |TAMS 0x00000004de000000, 0x00000004de000000| Untracked 
| 445|0x00000004de800000, 0x00000004de800000, 0x00000004df000000|  0%| F|  |TAMS 0x00000004de800000, 0x00000004de800000| Untracked 
| 446|0x00000004df000000, 0x00000004df000000, 0x00000004df800000|  0%| F|  |TAMS 0x00000004df000000, 0x00000004df000000| Untracked 
| 447|0x00000004df800000, 0x00000004df800000, 0x00000004e0000000|  0%| F|  |TAMS 0x00000004df800000, 0x00000004df800000| Untracked 
| 448|0x00000004e0000000, 0x00000004e0000000, 0x00000004e0800000|  0%| F|  |TAMS 0x00000004e0000000, 0x00000004e0000000| Untracked 
| 449|0x00000004e0800000, 0x00000004e0800000, 0x00000004e1000000|  0%| F|  |TAMS 0x00000004e0800000, 0x00000004e0800000| Untracked 
| 450|0x00000004e1000000, 0x00000004e1000000, 0x00000004e1800000|  0%| F|  |TAMS 0x00000004e1000000, 0x00000004e1000000| Untracked 
| 451|0x00000004e1800000, 0x00000004e1800000, 0x00000004e2000000|  0%| F|  |TAMS 0x00000004e1800000, 0x00000004e1800000| Untracked 
| 452|0x00000004e2000000, 0x00000004e2000000, 0x00000004e2800000|  0%| F|  |TAMS 0x00000004e2000000, 0x00000004e2000000| Untracked 
| 453|0x00000004e2800000, 0x00000004e2800000, 0x00000004e3000000|  0%| F|  |TAMS 0x00000004e2800000, 0x00000004e2800000| Untracked 
| 454|0x00000004e3000000, 0x00000004e3000000, 0x00000004e3800000|  0%| F|  |TAMS 0x00000004e3000000, 0x00000004e3000000| Untracked 
| 455|0x00000004e3800000, 0x00000004e3800000, 0x00000004e4000000|  0%| F|  |TAMS 0x00000004e3800000, 0x00000004e3800000| Untracked 
| 456|0x00000004e4000000, 0x00000004e4000000, 0x00000004e4800000|  0%| F|  |TAMS 0x00000004e4000000, 0x00000004e4000000| Untracked 
| 457|0x00000004e4800000, 0x00000004e4800000, 0x00000004e5000000|  0%| F|  |TAMS 0x00000004e4800000, 0x00000004e4800000| Untracked 
| 458|0x00000004e5000000, 0x00000004e5000000, 0x00000004e5800000|  0%| F|  |TAMS 0x00000004e5000000, 0x00000004e5000000| Untracked 
| 459|0x00000004e5800000, 0x00000004e5800000, 0x00000004e6000000|  0%| F|  |TAMS 0x00000004e5800000, 0x00000004e5800000| Untracked 
| 460|0x00000004e6000000, 0x00000004e6000000, 0x00000004e6800000|  0%| F|  |TAMS 0x00000004e6000000, 0x00000004e6000000| Untracked 
| 461|0x00000004e6800000, 0x00000004e6800000, 0x00000004e7000000|  0%| F|  |TAMS 0x00000004e6800000, 0x00000004e6800000| Untracked 
| 462|0x00000004e7000000, 0x00000004e7000000, 0x00000004e7800000|  0%| F|  |TAMS 0x00000004e7000000, 0x00000004e7000000| Untracked 
| 463|0x00000004e7800000, 0x00000004e7800000, 0x00000004e8000000|  0%| F|  |TAMS 0x00000004e7800000, 0x00000004e7800000| Untracked 
| 464|0x00000004e8000000, 0x00000004e8000000, 0x00000004e8800000|  0%| F|  |TAMS 0x00000004e8000000, 0x00000004e8000000| Untracked 
| 465|0x00000004e8800000, 0x00000004e8800000, 0x00000004e9000000|  0%| F|  |TAMS 0x00000004e8800000, 0x00000004e8800000| Untracked 
| 466|0x00000004e9000000, 0x00000004e9000000, 0x00000004e9800000|  0%| F|  |TAMS 0x00000004e9000000, 0x00000004e9000000| Untracked 
| 467|0x00000004e9800000, 0x00000004e9800000, 0x00000004ea000000|  0%| F|  |TAMS 0x00000004e9800000, 0x00000004e9800000| Untracked 
| 468|0x00000004ea000000, 0x00000004ea000000, 0x00000004ea800000|  0%| F|  |TAMS 0x00000004ea000000, 0x00000004ea000000| Untracked 
| 469|0x00000004ea800000, 0x00000004ea800000, 0x00000004eb000000|  0%| F|  |TAMS 0x00000004ea800000, 0x00000004ea800000| Untracked 
| 470|0x00000004eb000000, 0x00000004eb000000, 0x00000004eb800000|  0%| F|  |TAMS 0x00000004eb000000, 0x00000004eb000000| Untracked 
| 471|0x00000004eb800000, 0x00000004eb800000, 0x00000004ec000000|  0%| F|  |TAMS 0x00000004eb800000, 0x00000004eb800000| Untracked 
| 472|0x00000004ec000000, 0x00000004ec000000, 0x00000004ec800000|  0%| F|  |TAMS 0x00000004ec000000, 0x00000004ec000000| Untracked 
| 473|0x00000004ec800000, 0x00000004ec800000, 0x00000004ed000000|  0%| F|  |TAMS 0x00000004ec800000, 0x00000004ec800000| Untracked 
| 474|0x00000004ed000000, 0x00000004ed000000, 0x00000004ed800000|  0%| F|  |TAMS 0x00000004ed000000, 0x00000004ed000000| Untracked 
| 475|0x00000004ed800000, 0x00000004ed800000, 0x00000004ee000000|  0%| F|  |TAMS 0x00000004ed800000, 0x00000004ed800000| Untracked 
| 476|0x00000004ee000000, 0x00000004ee000000, 0x00000004ee800000|  0%| F|  |TAMS 0x00000004ee000000, 0x00000004ee000000| Untracked 
| 477|0x00000004ee800000, 0x00000004ee800000, 0x00000004ef000000|  0%| F|  |TAMS 0x00000004ee800000, 0x00000004ee800000| Untracked 
| 478|0x00000004ef000000, 0x00000004ef000000, 0x00000004ef800000|  0%| F|  |TAMS 0x00000004ef000000, 0x00000004ef000000| Untracked 
| 479|0x00000004ef800000, 0x00000004ef800000, 0x00000004f0000000|  0%| F|  |TAMS 0x00000004ef800000, 0x00000004ef800000| Untracked 
| 480|0x00000004f0000000, 0x00000004f0000000, 0x00000004f0800000|  0%| F|  |TAMS 0x00000004f0000000, 0x00000004f0000000| Untracked 
| 481|0x00000004f0800000, 0x00000004f0800000, 0x00000004f1000000|  0%| F|  |TAMS 0x00000004f0800000, 0x00000004f0800000| Untracked 
| 482|0x00000004f1000000, 0x00000004f1000000, 0x00000004f1800000|  0%| F|  |TAMS 0x00000004f1000000, 0x00000004f1000000| Untracked 
| 483|0x00000004f1800000, 0x00000004f1800000, 0x00000004f2000000|  0%| F|  |TAMS 0x00000004f1800000, 0x00000004f1800000| Untracked 
| 484|0x00000004f2000000, 0x00000004f2000000, 0x00000004f2800000|  0%| F|  |TAMS 0x00000004f2000000, 0x00000004f2000000| Untracked 
| 485|0x00000004f2800000, 0x00000004f2800000, 0x00000004f3000000|  0%| F|  |TAMS 0x00000004f2800000, 0x00000004f2800000| Untracked 
| 486|0x00000004f3000000, 0x00000004f3000000, 0x00000004f3800000|  0%| F|  |TAMS 0x00000004f3000000, 0x00000004f3000000| Untracked 
| 487|0x00000004f3800000, 0x00000004f3800000, 0x00000004f4000000|  0%| F|  |TAMS 0x00000004f3800000, 0x00000004f3800000| Untracked 
| 488|0x00000004f4000000, 0x00000004f4000000, 0x00000004f4800000|  0%| F|  |TAMS 0x00000004f4000000, 0x00000004f4000000| Untracked 
| 489|0x00000004f4800000, 0x00000004f4800000, 0x00000004f5000000|  0%| F|  |TAMS 0x00000004f4800000, 0x00000004f4800000| Untracked 
| 490|0x00000004f5000000, 0x00000004f5000000, 0x00000004f5800000|  0%| F|  |TAMS 0x00000004f5000000, 0x00000004f5000000| Untracked 
| 491|0x00000004f5800000, 0x00000004f5800000, 0x00000004f6000000|  0%| F|  |TAMS 0x00000004f5800000, 0x00000004f5800000| Untracked 
| 492|0x00000004f6000000, 0x00000004f6000000, 0x00000004f6800000|  0%| F|  |TAMS 0x00000004f6000000, 0x00000004f6000000| Untracked 
| 493|0x00000004f6800000, 0x00000004f6800000, 0x00000004f7000000|  0%| F|  |TAMS 0x00000004f6800000, 0x00000004f6800000| Untracked 
| 494|0x00000004f7000000, 0x00000004f7000000, 0x00000004f7800000|  0%| F|  |TAMS 0x00000004f7000000, 0x00000004f7000000| Untracked 
| 495|0x00000004f7800000, 0x00000004f7800000, 0x00000004f8000000|  0%| F|  |TAMS 0x00000004f7800000, 0x00000004f7800000| Untracked 
| 496|0x00000004f8000000, 0x00000004f8000000, 0x00000004f8800000|  0%| F|  |TAMS 0x00000004f8000000, 0x00000004f8000000| Untracked 
| 497|0x00000004f8800000, 0x00000004f8800000, 0x00000004f9000000|  0%| F|  |TAMS 0x00000004f8800000, 0x00000004f8800000| Untracked 
| 498|0x00000004f9000000, 0x00000004f9000000, 0x00000004f9800000|  0%| F|  |TAMS 0x00000004f9000000, 0x00000004f9000000| Untracked 
| 499|0x00000004f9800000, 0x00000004f9800000, 0x00000004fa000000|  0%| F|  |TAMS 0x00000004f9800000, 0x00000004f9800000| Untracked 
| 500|0x00000004fa000000, 0x00000004fa000000, 0x00000004fa800000|  0%| F|  |TAMS 0x00000004fa000000, 0x00000004fa000000| Untracked 
| 501|0x00000004fa800000, 0x00000004fa800000, 0x00000004fb000000|  0%| F|  |TAMS 0x00000004fa800000, 0x00000004fa800000| Untracked 
| 502|0x00000004fb000000, 0x00000004fb000000, 0x00000004fb800000|  0%| F|  |TAMS 0x00000004fb000000, 0x00000004fb000000| Untracked 
| 503|0x00000004fb800000, 0x00000004fb800000, 0x00000004fc000000|  0%| F|  |TAMS 0x00000004fb800000, 0x00000004fb800000| Untracked 
| 504|0x00000004fc000000, 0x00000004fc000000, 0x00000004fc800000|  0%| F|  |TAMS 0x00000004fc000000, 0x00000004fc000000| Untracked 
| 505|0x00000004fc800000, 0x00000004fc800000, 0x00000004fd000000|  0%| F|  |TAMS 0x00000004fc800000, 0x00000004fc800000| Untracked 
| 506|0x00000004fd000000, 0x00000004fd000000, 0x00000004fd800000|  0%| F|  |TAMS 0x00000004fd000000, 0x00000004fd000000| Untracked 
| 507|0x00000004fd800000, 0x00000004fd800000, 0x00000004fe000000|  0%| F|  |TAMS 0x00000004fd800000, 0x00000004fd800000| Untracked 
| 508|0x00000004fe000000, 0x00000004fe000000, 0x00000004fe800000|  0%| F|  |TAMS 0x00000004fe000000, 0x00000004fe000000| Untracked 
| 509|0x00000004fe800000, 0x00000004fe800000, 0x00000004ff000000|  0%| F|  |TAMS 0x00000004fe800000, 0x00000004fe800000| Untracked 
| 510|0x00000004ff000000, 0x00000004ff000000, 0x00000004ff800000|  0%| F|  |TAMS 0x00000004ff000000, 0x00000004ff000000| Untracked 
| 511|0x00000004ff800000, 0x00000004ff800000, 0x0000000500000000|  0%| F|  |TAMS 0x00000004ff800000, 0x00000004ff800000| Untracked 
| 512|0x0000000500000000, 0x0000000500000000, 0x0000000500800000|  0%| F|  |TAMS 0x0000000500000000, 0x0000000500000000| Untracked 
| 513|0x0000000500800000, 0x0000000500800000, 0x0000000501000000|  0%| F|  |TAMS 0x0000000500800000, 0x0000000500800000| Untracked 
| 514|0x0000000501000000, 0x0000000501000000, 0x0000000501800000|  0%| F|  |TAMS 0x0000000501000000, 0x0000000501000000| Untracked 
| 515|0x0000000501800000, 0x0000000501800000, 0x0000000502000000|  0%| F|  |TAMS 0x0000000501800000, 0x0000000501800000| Untracked 
| 516|0x0000000502000000, 0x0000000502000000, 0x0000000502800000|  0%| F|  |TAMS 0x0000000502000000, 0x0000000502000000| Untracked 
| 517|0x0000000502800000, 0x0000000502800000, 0x0000000503000000|  0%| F|  |TAMS 0x0000000502800000, 0x0000000502800000| Untracked 
| 518|0x0000000503000000, 0x0000000503000000, 0x0000000503800000|  0%| F|  |TAMS 0x0000000503000000, 0x0000000503000000| Untracked 
| 519|0x0000000503800000, 0x0000000503800000, 0x0000000504000000|  0%| F|  |TAMS 0x0000000503800000, 0x0000000503800000| Untracked 
| 520|0x0000000504000000, 0x00000005042bda78, 0x0000000504800000| 34%| S|CS|TAMS 0x0000000504000000, 0x0000000504000000| Complete 
| 521|0x0000000504800000, 0x0000000505000000, 0x0000000505000000|100%| S|CS|TAMS 0x0000000504800000, 0x0000000504800000| Complete 
| 522|0x0000000505000000, 0x0000000505800000, 0x0000000505800000|100%| S|CS|TAMS 0x0000000505000000, 0x0000000505000000| Complete 
| 523|0x0000000505800000, 0x0000000506000000, 0x0000000506000000|100%| S|CS|TAMS 0x0000000505800000, 0x0000000505800000| Complete 
| 524|0x0000000506000000, 0x0000000506800000, 0x0000000506800000|100%| S|CS|TAMS 0x0000000506000000, 0x0000000506000000| Complete 
| 525|0x0000000506800000, 0x0000000507000000, 0x0000000507000000|100%| S|CS|TAMS 0x0000000506800000, 0x0000000506800000| Complete 
| 526|0x0000000507000000, 0x0000000507800000, 0x0000000507800000|100%| S|CS|TAMS 0x0000000507000000, 0x0000000507000000| Complete 
| 527|0x0000000507800000, 0x0000000508000000, 0x0000000508000000|100%| S|CS|TAMS 0x0000000507800000, 0x0000000507800000| Complete 
| 528|0x0000000508000000, 0x0000000508800000, 0x0000000508800000|100%| S|CS|TAMS 0x0000000508000000, 0x0000000508000000| Complete 
| 529|0x0000000508800000, 0x0000000508800000, 0x0000000509000000|  0%| F|  |TAMS 0x0000000508800000, 0x0000000508800000| Untracked 
| 530|0x0000000509000000, 0x0000000509000000, 0x0000000509800000|  0%| F|  |TAMS 0x0000000509000000, 0x0000000509000000| Untracked 
| 531|0x0000000509800000, 0x0000000509800000, 0x000000050a000000|  0%| F|  |TAMS 0x0000000509800000, 0x0000000509800000| Untracked 
| 532|0x000000050a000000, 0x000000050a000000, 0x000000050a800000|  0%| F|  |TAMS 0x000000050a000000, 0x000000050a000000| Untracked 
| 533|0x000000050a800000, 0x000000050a800000, 0x000000050b000000|  0%| F|  |TAMS 0x000000050a800000, 0x000000050a800000| Untracked 
| 534|0x000000050b000000, 0x000000050b000000, 0x000000050b800000|  0%| F|  |TAMS 0x000000050b000000, 0x000000050b000000| Untracked 
| 535|0x000000050b800000, 0x000000050b800000, 0x000000050c000000|  0%| F|  |TAMS 0x000000050b800000, 0x000000050b800000| Untracked 
| 536|0x000000050c000000, 0x000000050c000000, 0x000000050c800000|  0%| F|  |TAMS 0x000000050c000000, 0x000000050c000000| Untracked 
| 537|0x000000050c800000, 0x000000050c800000, 0x000000050d000000|  0%| F|  |TAMS 0x000000050c800000, 0x000000050c800000| Untracked 
| 538|0x000000050d000000, 0x000000050d000000, 0x000000050d800000|  0%| F|  |TAMS 0x000000050d000000, 0x000000050d000000| Untracked 
| 539|0x000000050d800000, 0x000000050d800000, 0x000000050e000000|  0%| F|  |TAMS 0x000000050d800000, 0x000000050d800000| Untracked 
| 540|0x000000050e000000, 0x000000050e000000, 0x000000050e800000|  0%| F|  |TAMS 0x000000050e000000, 0x000000050e000000| Untracked 
| 541|0x000000050e800000, 0x000000050e800000, 0x000000050f000000|  0%| F|  |TAMS 0x000000050e800000, 0x000000050e800000| Untracked 
| 542|0x000000050f000000, 0x000000050f000000, 0x000000050f800000|  0%| F|  |TAMS 0x000000050f000000, 0x000000050f000000| Untracked 
| 543|0x000000050f800000, 0x000000050f800000, 0x0000000510000000|  0%| F|  |TAMS 0x000000050f800000, 0x000000050f800000| Untracked 
| 544|0x0000000510000000, 0x0000000510000000, 0x0000000510800000|  0%| F|  |TAMS 0x0000000510000000, 0x0000000510000000| Untracked 
| 545|0x0000000510800000, 0x0000000510800000, 0x0000000511000000|  0%| F|  |TAMS 0x0000000510800000, 0x0000000510800000| Untracked 
| 546|0x0000000511000000, 0x0000000511000000, 0x0000000511800000|  0%| F|  |TAMS 0x0000000511000000, 0x0000000511000000| Untracked 
| 547|0x0000000511800000, 0x0000000512000000, 0x0000000512000000|100%| S|CS|TAMS 0x0000000511800000, 0x0000000511800000| Complete 
| 548|0x0000000512000000, 0x0000000512800000, 0x0000000512800000|100%| S|CS|TAMS 0x0000000512000000, 0x0000000512000000| Complete 
| 549|0x0000000512800000, 0x0000000513000000, 0x0000000513000000|100%| S|CS|TAMS 0x0000000512800000, 0x0000000512800000| Complete 
| 550|0x0000000513000000, 0x0000000513800000, 0x0000000513800000|100%| S|CS|TAMS 0x0000000513000000, 0x0000000513000000| Complete 
| 551|0x0000000513800000, 0x0000000514000000, 0x0000000514000000|100%| S|CS|TAMS 0x0000000513800000, 0x0000000513800000| Complete 
| 552|0x0000000514000000, 0x0000000514800000, 0x0000000514800000|100%| S|CS|TAMS 0x0000000514000000, 0x0000000514000000| Complete 
| 553|0x0000000514800000, 0x0000000515000000, 0x0000000515000000|100%| S|CS|TAMS 0x0000000514800000, 0x0000000514800000| Complete 
| 554|0x0000000515000000, 0x0000000515800000, 0x0000000515800000|100%| S|CS|TAMS 0x0000000515000000, 0x0000000515000000| Complete 
| 555|0x0000000515800000, 0x0000000516000000, 0x0000000516000000|100%| S|CS|TAMS 0x0000000515800000, 0x0000000515800000| Complete 
| 556|0x0000000516000000, 0x0000000516800000, 0x0000000516800000|100%| S|CS|TAMS 0x0000000516000000, 0x0000000516000000| Complete 
| 557|0x0000000516800000, 0x0000000517000000, 0x0000000517000000|100%| S|CS|TAMS 0x0000000516800000, 0x0000000516800000| Complete 
| 558|0x0000000517000000, 0x0000000517800000, 0x0000000517800000|100%| S|CS|TAMS 0x0000000517000000, 0x0000000517000000| Complete 
| 559|0x0000000517800000, 0x0000000518000000, 0x0000000518000000|100%| S|CS|TAMS 0x0000000517800000, 0x0000000517800000| Complete 
| 560|0x0000000518000000, 0x0000000518800000, 0x0000000518800000|100%| S|CS|TAMS 0x0000000518000000, 0x0000000518000000| Complete 
| 561|0x0000000518800000, 0x0000000519000000, 0x0000000519000000|100%| S|CS|TAMS 0x0000000518800000, 0x0000000518800000| Complete 
| 562|0x0000000519000000, 0x0000000519800000, 0x0000000519800000|100%| S|CS|TAMS 0x0000000519000000, 0x0000000519000000| Complete 
| 563|0x0000000519800000, 0x000000051a000000, 0x000000051a000000|100%| S|CS|TAMS 0x0000000519800000, 0x0000000519800000| Complete 
| 564|0x000000051a000000, 0x000000051a800000, 0x000000051a800000|100%| S|CS|TAMS 0x000000051a000000, 0x000000051a000000| Complete 
| 565|0x000000051a800000, 0x000000051b000000, 0x000000051b000000|100%| S|CS|TAMS 0x000000051a800000, 0x000000051a800000| Complete 
| 566|0x000000051b000000, 0x000000051b800000, 0x000000051b800000|100%| S|CS|TAMS 0x000000051b000000, 0x000000051b000000| Complete 
| 567|0x000000051b800000, 0x000000051c000000, 0x000000051c000000|100%| S|CS|TAMS 0x000000051b800000, 0x000000051b800000| Complete 
| 568|0x000000051c000000, 0x000000051c000000, 0x000000051c800000|  0%| F|  |TAMS 0x000000051c000000, 0x000000051c000000| Untracked 
| 569|0x000000051c800000, 0x000000051c800000, 0x000000051d000000|  0%| F|  |TAMS 0x000000051c800000, 0x000000051c800000| Untracked 
| 570|0x000000051d000000, 0x000000051d000000, 0x000000051d800000|  0%| F|  |TAMS 0x000000051d000000, 0x000000051d000000| Untracked 
| 571|0x000000051d800000, 0x000000051d800000, 0x000000051e000000|  0%| F|  |TAMS 0x000000051d800000, 0x000000051d800000| Untracked 
| 572|0x000000051e000000, 0x000000051e000000, 0x000000051e800000|  0%| F|  |TAMS 0x000000051e000000, 0x000000051e000000| Untracked 
| 573|0x000000051e800000, 0x000000051e800000, 0x000000051f000000|  0%| F|  |TAMS 0x000000051e800000, 0x000000051e800000| Untracked 
| 574|0x000000051f000000, 0x000000051f000000, 0x000000051f800000|  0%| F|  |TAMS 0x000000051f000000, 0x000000051f000000| Untracked 
| 575|0x000000051f800000, 0x000000051f800000, 0x0000000520000000|  0%| F|  |TAMS 0x000000051f800000, 0x000000051f800000| Untracked 
| 576|0x0000000520000000, 0x0000000520000000, 0x0000000520800000|  0%| F|  |TAMS 0x0000000520000000, 0x0000000520000000| Untracked 
| 577|0x0000000520800000, 0x0000000520800000, 0x0000000521000000|  0%| F|  |TAMS 0x0000000520800000, 0x0000000520800000| Untracked 
| 578|0x0000000521000000, 0x0000000521000000, 0x0000000521800000|  0%| F|  |TAMS 0x0000000521000000, 0x0000000521000000| Untracked 
| 579|0x0000000521800000, 0x0000000521800000, 0x0000000522000000|  0%| F|  |TAMS 0x0000000521800000, 0x0000000521800000| Untracked 
| 580|0x0000000522000000, 0x0000000522000000, 0x0000000522800000|  0%| F|  |TAMS 0x0000000522000000, 0x0000000522000000| Untracked 
| 581|0x0000000522800000, 0x0000000522800000, 0x0000000523000000|  0%| F|  |TAMS 0x0000000522800000, 0x0000000522800000| Untracked 
| 582|0x0000000523000000, 0x0000000523000000, 0x0000000523800000|  0%| F|  |TAMS 0x0000000523000000, 0x0000000523000000| Untracked 
| 583|0x0000000523800000, 0x0000000523800000, 0x0000000524000000|  0%| F|  |TAMS 0x0000000523800000, 0x0000000523800000| Untracked 
| 584|0x0000000524000000, 0x0000000524000000, 0x0000000524800000|  0%| F|  |TAMS 0x0000000524000000, 0x0000000524000000| Untracked 
| 585|0x0000000524800000, 0x0000000524800000, 0x0000000525000000|  0%| F|  |TAMS 0x0000000524800000, 0x0000000524800000| Untracked 
| 586|0x0000000525000000, 0x0000000525000000, 0x0000000525800000|  0%| F|  |TAMS 0x0000000525000000, 0x0000000525000000| Untracked 
| 587|0x0000000525800000, 0x0000000525de19b8, 0x0000000526000000| 73%| E|  |TAMS 0x0000000525800000, 0x0000000525800000| Complete 
| 588|0x0000000526000000, 0x0000000526800000, 0x0000000526800000|100%| E|CS|TAMS 0x0000000526000000, 0x0000000526000000| Complete 
| 589|0x0000000526800000, 0x0000000527000000, 0x0000000527000000|100%| E|CS|TAMS 0x0000000526800000, 0x0000000526800000| Complete 
| 590|0x0000000527000000, 0x0000000527800000, 0x0000000527800000|100%| E|CS|TAMS 0x0000000527000000, 0x0000000527000000| Complete 
| 591|0x0000000527800000, 0x0000000528000000, 0x0000000528000000|100%| E|CS|TAMS 0x0000000527800000, 0x0000000527800000| Complete 
| 592|0x0000000528000000, 0x0000000528800000, 0x0000000528800000|100%| E|CS|TAMS 0x0000000528000000, 0x0000000528000000| Complete 
| 593|0x0000000528800000, 0x0000000529000000, 0x0000000529000000|100%| E|CS|TAMS 0x0000000528800000, 0x0000000528800000| Complete 
| 594|0x0000000529000000, 0x0000000529800000, 0x0000000529800000|100%| E|CS|TAMS 0x0000000529000000, 0x0000000529000000| Complete 
| 595|0x0000000529800000, 0x000000052a000000, 0x000000052a000000|100%| E|CS|TAMS 0x0000000529800000, 0x0000000529800000| Complete 
| 596|0x000000052a000000, 0x000000052a800000, 0x000000052a800000|100%| E|CS|TAMS 0x000000052a000000, 0x000000052a000000| Complete 
| 597|0x000000052a800000, 0x000000052b000000, 0x000000052b000000|100%| E|CS|TAMS 0x000000052a800000, 0x000000052a800000| Complete 
| 598|0x000000052b000000, 0x000000052b800000, 0x000000052b800000|100%| E|CS|TAMS 0x000000052b000000, 0x000000052b000000| Complete 
| 599|0x000000052b800000, 0x000000052c000000, 0x000000052c000000|100%| E|CS|TAMS 0x000000052b800000, 0x000000052b800000| Complete 
| 600|0x000000052c000000, 0x000000052c800000, 0x000000052c800000|100%| E|CS|TAMS 0x000000052c000000, 0x000000052c000000| Complete 
| 601|0x000000052c800000, 0x000000052d000000, 0x000000052d000000|100%| E|CS|TAMS 0x000000052c800000, 0x000000052c800000| Complete 
| 602|0x000000052d000000, 0x000000052d800000, 0x000000052d800000|100%| E|CS|TAMS 0x000000052d000000, 0x000000052d000000| Complete 
| 603|0x000000052d800000, 0x000000052e000000, 0x000000052e000000|100%| E|CS|TAMS 0x000000052d800000, 0x000000052d800000| Complete 
| 604|0x000000052e000000, 0x000000052e800000, 0x000000052e800000|100%| E|CS|TAMS 0x000000052e000000, 0x000000052e000000| Complete 
| 605|0x000000052e800000, 0x000000052f000000, 0x000000052f000000|100%| E|CS|TAMS 0x000000052e800000, 0x000000052e800000| Complete 
| 606|0x000000052f000000, 0x000000052f800000, 0x000000052f800000|100%| E|CS|TAMS 0x000000052f000000, 0x000000052f000000| Complete 
| 607|0x000000052f800000, 0x0000000530000000, 0x0000000530000000|100%| E|CS|TAMS 0x000000052f800000, 0x000000052f800000| Complete 
| 608|0x0000000530000000, 0x0000000530800000, 0x0000000530800000|100%| E|CS|TAMS 0x0000000530000000, 0x0000000530000000| Complete 
| 609|0x0000000530800000, 0x0000000531000000, 0x0000000531000000|100%| E|CS|TAMS 0x0000000530800000, 0x0000000530800000| Complete 
| 610|0x0000000531000000, 0x0000000531800000, 0x0000000531800000|100%| E|CS|TAMS 0x0000000531000000, 0x0000000531000000| Complete 
| 611|0x0000000531800000, 0x0000000532000000, 0x0000000532000000|100%| E|CS|TAMS 0x0000000531800000, 0x0000000531800000| Complete 
| 612|0x0000000532000000, 0x0000000532800000, 0x0000000532800000|100%| E|CS|TAMS 0x0000000532000000, 0x0000000532000000| Complete 
| 613|0x0000000532800000, 0x0000000533000000, 0x0000000533000000|100%| E|CS|TAMS 0x0000000532800000, 0x0000000532800000| Complete 
| 614|0x0000000533000000, 0x0000000533800000, 0x0000000533800000|100%| E|CS|TAMS 0x0000000533000000, 0x0000000533000000| Complete 
| 615|0x0000000533800000, 0x0000000534000000, 0x0000000534000000|100%| E|CS|TAMS 0x0000000533800000, 0x0000000533800000| Complete 
| 616|0x0000000534000000, 0x0000000534800000, 0x0000000534800000|100%| E|CS|TAMS 0x0000000534000000, 0x0000000534000000| Complete 
| 617|0x0000000534800000, 0x0000000535000000, 0x0000000535000000|100%| E|CS|TAMS 0x0000000534800000, 0x0000000534800000| Complete 
| 618|0x0000000535000000, 0x0000000535800000, 0x0000000535800000|100%| E|CS|TAMS 0x0000000535000000, 0x0000000535000000| Complete 
| 619|0x0000000535800000, 0x0000000536000000, 0x0000000536000000|100%| E|CS|TAMS 0x0000000535800000, 0x0000000535800000| Complete 
| 620|0x0000000536000000, 0x0000000536800000, 0x0000000536800000|100%| E|CS|TAMS 0x0000000536000000, 0x0000000536000000| Complete 
| 621|0x0000000536800000, 0x0000000537000000, 0x0000000537000000|100%| E|CS|TAMS 0x0000000536800000, 0x0000000536800000| Complete 
| 622|0x0000000537000000, 0x0000000537800000, 0x0000000537800000|100%| E|CS|TAMS 0x0000000537000000, 0x0000000537000000| Complete 
| 623|0x0000000537800000, 0x0000000538000000, 0x0000000538000000|100%| E|CS|TAMS 0x0000000537800000, 0x0000000537800000| Complete 
| 624|0x0000000538000000, 0x0000000538800000, 0x0000000538800000|100%| E|CS|TAMS 0x0000000538000000, 0x0000000538000000| Complete 
| 625|0x0000000538800000, 0x0000000539000000, 0x0000000539000000|100%| E|CS|TAMS 0x0000000538800000, 0x0000000538800000| Complete 
| 626|0x0000000539000000, 0x0000000539800000, 0x0000000539800000|100%| E|CS|TAMS 0x0000000539000000, 0x0000000539000000| Complete 
| 627|0x0000000539800000, 0x000000053a000000, 0x000000053a000000|100%| E|CS|TAMS 0x0000000539800000, 0x0000000539800000| Complete 
| 628|0x000000053a000000, 0x000000053a800000, 0x000000053a800000|100%| E|CS|TAMS 0x000000053a000000, 0x000000053a000000| Complete 
| 629|0x000000053a800000, 0x000000053b000000, 0x000000053b000000|100%| E|CS|TAMS 0x000000053a800000, 0x000000053a800000| Complete 
| 630|0x000000053b000000, 0x000000053b800000, 0x000000053b800000|100%| E|CS|TAMS 0x000000053b000000, 0x000000053b000000| Complete 
| 631|0x000000053b800000, 0x000000053c000000, 0x000000053c000000|100%| E|CS|TAMS 0x000000053b800000, 0x000000053b800000| Complete 
| 632|0x000000053c000000, 0x000000053c800000, 0x000000053c800000|100%| E|CS|TAMS 0x000000053c000000, 0x000000053c000000| Complete 
| 633|0x000000053c800000, 0x000000053d000000, 0x000000053d000000|100%| E|CS|TAMS 0x000000053c800000, 0x000000053c800000| Complete 
| 634|0x000000053d000000, 0x000000053d800000, 0x000000053d800000|100%| E|CS|TAMS 0x000000053d000000, 0x000000053d000000| Complete 
| 635|0x000000053d800000, 0x000000053e000000, 0x000000053e000000|100%| E|CS|TAMS 0x000000053d800000, 0x000000053d800000| Complete 
| 636|0x000000053e000000, 0x000000053e800000, 0x000000053e800000|100%| E|CS|TAMS 0x000000053e000000, 0x000000053e000000| Complete 
| 637|0x000000053e800000, 0x000000053f000000, 0x000000053f000000|100%| E|CS|TAMS 0x000000053e800000, 0x000000053e800000| Complete 
| 638|0x000000053f000000, 0x000000053f800000, 0x000000053f800000|100%| E|CS|TAMS 0x000000053f000000, 0x000000053f000000| Complete 
| 639|0x000000053f800000, 0x0000000540000000, 0x0000000540000000|100%| E|CS|TAMS 0x000000053f800000, 0x000000053f800000| Complete 
| 640|0x0000000540000000, 0x0000000540800000, 0x0000000540800000|100%| E|CS|TAMS 0x0000000540000000, 0x0000000540000000| Complete 
| 641|0x0000000540800000, 0x0000000541000000, 0x0000000541000000|100%| E|CS|TAMS 0x0000000540800000, 0x0000000540800000| Complete 
| 642|0x0000000541000000, 0x0000000541800000, 0x0000000541800000|100%| E|CS|TAMS 0x0000000541000000, 0x0000000541000000| Complete 
| 643|0x0000000541800000, 0x0000000542000000, 0x0000000542000000|100%| E|CS|TAMS 0x0000000541800000, 0x0000000541800000| Complete 
| 644|0x0000000542000000, 0x0000000542800000, 0x0000000542800000|100%| E|CS|TAMS 0x0000000542000000, 0x0000000542000000| Complete 
| 645|0x0000000542800000, 0x0000000543000000, 0x0000000543000000|100%| E|CS|TAMS 0x0000000542800000, 0x0000000542800000| Complete 
| 646|0x0000000543000000, 0x0000000543800000, 0x0000000543800000|100%| E|CS|TAMS 0x0000000543000000, 0x0000000543000000| Complete 
| 647|0x0000000543800000, 0x0000000544000000, 0x0000000544000000|100%| E|CS|TAMS 0x0000000543800000, 0x0000000543800000| Complete 
| 648|0x0000000544000000, 0x0000000544800000, 0x0000000544800000|100%| E|CS|TAMS 0x0000000544000000, 0x0000000544000000| Complete 
| 649|0x0000000544800000, 0x0000000545000000, 0x0000000545000000|100%| E|CS|TAMS 0x0000000544800000, 0x0000000544800000| Complete 
| 650|0x0000000545000000, 0x0000000545800000, 0x0000000545800000|100%| E|CS|TAMS 0x0000000545000000, 0x0000000545000000| Complete 
| 651|0x0000000545800000, 0x0000000546000000, 0x0000000546000000|100%| E|CS|TAMS 0x0000000545800000, 0x0000000545800000| Complete 
| 652|0x0000000546000000, 0x0000000546800000, 0x0000000546800000|100%| E|CS|TAMS 0x0000000546000000, 0x0000000546000000| Complete 
| 653|0x0000000546800000, 0x0000000547000000, 0x0000000547000000|100%| E|CS|TAMS 0x0000000546800000, 0x0000000546800000| Complete 
| 654|0x0000000547000000, 0x0000000547800000, 0x0000000547800000|100%| E|CS|TAMS 0x0000000547000000, 0x0000000547000000| Complete 
| 655|0x0000000547800000, 0x0000000548000000, 0x0000000548000000|100%| E|CS|TAMS 0x0000000547800000, 0x0000000547800000| Complete 
| 656|0x0000000548000000, 0x0000000548800000, 0x0000000548800000|100%| E|CS|TAMS 0x0000000548000000, 0x0000000548000000| Complete 
| 657|0x0000000548800000, 0x0000000549000000, 0x0000000549000000|100%| E|CS|TAMS 0x0000000548800000, 0x0000000548800000| Complete 
| 658|0x0000000549000000, 0x0000000549800000, 0x0000000549800000|100%| E|CS|TAMS 0x0000000549000000, 0x0000000549000000| Complete 
| 659|0x0000000549800000, 0x000000054a000000, 0x000000054a000000|100%| E|CS|TAMS 0x0000000549800000, 0x0000000549800000| Complete 
| 660|0x000000054a000000, 0x000000054a800000, 0x000000054a800000|100%| E|CS|TAMS 0x000000054a000000, 0x000000054a000000| Complete 
| 661|0x000000054a800000, 0x000000054b000000, 0x000000054b000000|100%| E|CS|TAMS 0x000000054a800000, 0x000000054a800000| Complete 
| 662|0x000000054b000000, 0x000000054b800000, 0x000000054b800000|100%| E|CS|TAMS 0x000000054b000000, 0x000000054b000000| Complete 
| 663|0x000000054b800000, 0x000000054c000000, 0x000000054c000000|100%| E|CS|TAMS 0x000000054b800000, 0x000000054b800000| Complete 
| 664|0x000000054c000000, 0x000000054c800000, 0x000000054c800000|100%| E|CS|TAMS 0x000000054c000000, 0x000000054c000000| Complete 
| 665|0x000000054c800000, 0x000000054d000000, 0x000000054d000000|100%| E|CS|TAMS 0x000000054c800000, 0x000000054c800000| Complete 
| 666|0x000000054d000000, 0x000000054d800000, 0x000000054d800000|100%| E|CS|TAMS 0x000000054d000000, 0x000000054d000000| Complete 
| 667|0x000000054d800000, 0x000000054e000000, 0x000000054e000000|100%| E|CS|TAMS 0x000000054d800000, 0x000000054d800000| Complete 
| 668|0x000000054e000000, 0x000000054e800000, 0x000000054e800000|100%| E|CS|TAMS 0x000000054e000000, 0x000000054e000000| Complete 
| 669|0x000000054e800000, 0x000000054f000000, 0x000000054f000000|100%| E|CS|TAMS 0x000000054e800000, 0x000000054e800000| Complete 
| 670|0x000000054f000000, 0x000000054f800000, 0x000000054f800000|100%| E|CS|TAMS 0x000000054f000000, 0x000000054f000000| Complete 
| 671|0x000000054f800000, 0x0000000550000000, 0x0000000550000000|100%| E|CS|TAMS 0x000000054f800000, 0x000000054f800000| Complete 
| 672|0x0000000550000000, 0x0000000550800000, 0x0000000550800000|100%| E|CS|TAMS 0x0000000550000000, 0x0000000550000000| Complete 
| 673|0x0000000550800000, 0x0000000551000000, 0x0000000551000000|100%| E|CS|TAMS 0x0000000550800000, 0x0000000550800000| Complete 
| 674|0x0000000551000000, 0x0000000551800000, 0x0000000551800000|100%| E|CS|TAMS 0x0000000551000000, 0x0000000551000000| Complete 
| 675|0x0000000551800000, 0x0000000552000000, 0x0000000552000000|100%| E|CS|TAMS 0x0000000551800000, 0x0000000551800000| Complete 
| 676|0x0000000552000000, 0x0000000552800000, 0x0000000552800000|100%| E|CS|TAMS 0x0000000552000000, 0x0000000552000000| Complete 
| 677|0x0000000552800000, 0x0000000553000000, 0x0000000553000000|100%| E|CS|TAMS 0x0000000552800000, 0x0000000552800000| Complete 
| 678|0x0000000553000000, 0x0000000553800000, 0x0000000553800000|100%| E|CS|TAMS 0x0000000553000000, 0x0000000553000000| Complete 
| 679|0x0000000553800000, 0x0000000554000000, 0x0000000554000000|100%| E|CS|TAMS 0x0000000553800000, 0x0000000553800000| Complete 
| 680|0x0000000554000000, 0x0000000554800000, 0x0000000554800000|100%| E|CS|TAMS 0x0000000554000000, 0x0000000554000000| Complete 
| 681|0x0000000554800000, 0x0000000555000000, 0x0000000555000000|100%| E|CS|TAMS 0x0000000554800000, 0x0000000554800000| Complete 
| 682|0x0000000555000000, 0x0000000555800000, 0x0000000555800000|100%| E|CS|TAMS 0x0000000555000000, 0x0000000555000000| Complete 
| 683|0x0000000555800000, 0x0000000556000000, 0x0000000556000000|100%| E|CS|TAMS 0x0000000555800000, 0x0000000555800000| Complete 
| 684|0x0000000556000000, 0x0000000556800000, 0x0000000556800000|100%| E|CS|TAMS 0x0000000556000000, 0x0000000556000000| Complete 
| 685|0x0000000556800000, 0x0000000557000000, 0x0000000557000000|100%| E|CS|TAMS 0x0000000556800000, 0x0000000556800000| Complete 
| 686|0x0000000557000000, 0x0000000557800000, 0x0000000557800000|100%| E|CS|TAMS 0x0000000557000000, 0x0000000557000000| Complete 
| 687|0x0000000557800000, 0x0000000558000000, 0x0000000558000000|100%| E|CS|TAMS 0x0000000557800000, 0x0000000557800000| Complete 
| 688|0x0000000558000000, 0x0000000558800000, 0x0000000558800000|100%| E|CS|TAMS 0x0000000558000000, 0x0000000558000000| Complete 
| 689|0x0000000558800000, 0x0000000559000000, 0x0000000559000000|100%| E|CS|TAMS 0x0000000558800000, 0x0000000558800000| Complete 
| 690|0x0000000559000000, 0x0000000559800000, 0x0000000559800000|100%| E|CS|TAMS 0x0000000559000000, 0x0000000559000000| Complete 
| 691|0x0000000559800000, 0x000000055a000000, 0x000000055a000000|100%| E|CS|TAMS 0x0000000559800000, 0x0000000559800000| Complete 
| 692|0x000000055a000000, 0x000000055a800000, 0x000000055a800000|100%| E|CS|TAMS 0x000000055a000000, 0x000000055a000000| Complete 
| 693|0x000000055a800000, 0x000000055b000000, 0x000000055b000000|100%| E|CS|TAMS 0x000000055a800000, 0x000000055a800000| Complete 
| 694|0x000000055b000000, 0x000000055b800000, 0x000000055b800000|100%| E|CS|TAMS 0x000000055b000000, 0x000000055b000000| Complete 
| 695|0x000000055b800000, 0x000000055c000000, 0x000000055c000000|100%| E|CS|TAMS 0x000000055b800000, 0x000000055b800000| Complete 
| 696|0x000000055c000000, 0x000000055c800000, 0x000000055c800000|100%| E|CS|TAMS 0x000000055c000000, 0x000000055c000000| Complete 
| 697|0x000000055c800000, 0x000000055d000000, 0x000000055d000000|100%| E|CS|TAMS 0x000000055c800000, 0x000000055c800000| Complete 
| 698|0x000000055d000000, 0x000000055d800000, 0x000000055d800000|100%| E|CS|TAMS 0x000000055d000000, 0x000000055d000000| Complete 
| 699|0x000000055d800000, 0x000000055e000000, 0x000000055e000000|100%| E|CS|TAMS 0x000000055d800000, 0x000000055d800000| Complete 
| 700|0x000000055e000000, 0x000000055e800000, 0x000000055e800000|100%| E|CS|TAMS 0x000000055e000000, 0x000000055e000000| Complete 
| 701|0x000000055e800000, 0x000000055f000000, 0x000000055f000000|100%| E|CS|TAMS 0x000000055e800000, 0x000000055e800000| Complete 
| 702|0x000000055f000000, 0x000000055f800000, 0x000000055f800000|100%| E|CS|TAMS 0x000000055f000000, 0x000000055f000000| Complete 
| 703|0x000000055f800000, 0x0000000560000000, 0x0000000560000000|100%| E|CS|TAMS 0x000000055f800000, 0x000000055f800000| Complete 
| 704|0x0000000560000000, 0x0000000560800000, 0x0000000560800000|100%| E|CS|TAMS 0x0000000560000000, 0x0000000560000000| Complete 
| 705|0x0000000560800000, 0x0000000561000000, 0x0000000561000000|100%| E|CS|TAMS 0x0000000560800000, 0x0000000560800000| Complete 
| 706|0x0000000561000000, 0x0000000561800000, 0x0000000561800000|100%| E|CS|TAMS 0x0000000561000000, 0x0000000561000000| Complete 
| 707|0x0000000561800000, 0x0000000562000000, 0x0000000562000000|100%| E|CS|TAMS 0x0000000561800000, 0x0000000561800000| Complete 
| 708|0x0000000562000000, 0x0000000562800000, 0x0000000562800000|100%| E|CS|TAMS 0x0000000562000000, 0x0000000562000000| Complete 
| 709|0x0000000562800000, 0x0000000563000000, 0x0000000563000000|100%| E|CS|TAMS 0x0000000562800000, 0x0000000562800000| Complete 
| 710|0x0000000563000000, 0x0000000563800000, 0x0000000563800000|100%| E|CS|TAMS 0x0000000563000000, 0x0000000563000000| Complete 
| 711|0x0000000563800000, 0x0000000564000000, 0x0000000564000000|100%| E|CS|TAMS 0x0000000563800000, 0x0000000563800000| Complete 
| 712|0x0000000564000000, 0x0000000564800000, 0x0000000564800000|100%| E|CS|TAMS 0x0000000564000000, 0x0000000564000000| Complete 
| 713|0x0000000564800000, 0x0000000565000000, 0x0000000565000000|100%| E|CS|TAMS 0x0000000564800000, 0x0000000564800000| Complete 
| 714|0x0000000565000000, 0x0000000565800000, 0x0000000565800000|100%| E|CS|TAMS 0x0000000565000000, 0x0000000565000000| Complete 
| 715|0x0000000565800000, 0x0000000566000000, 0x0000000566000000|100%| E|CS|TAMS 0x0000000565800000, 0x0000000565800000| Complete 
| 716|0x0000000566000000, 0x0000000566800000, 0x0000000566800000|100%| E|CS|TAMS 0x0000000566000000, 0x0000000566000000| Complete 
| 717|0x0000000566800000, 0x0000000567000000, 0x0000000567000000|100%| E|CS|TAMS 0x0000000566800000, 0x0000000566800000| Complete 
| 718|0x0000000567000000, 0x0000000567800000, 0x0000000567800000|100%| E|CS|TAMS 0x0000000567000000, 0x0000000567000000| Complete 
| 719|0x0000000567800000, 0x0000000568000000, 0x0000000568000000|100%| E|CS|TAMS 0x0000000567800000, 0x0000000567800000| Complete 
| 720|0x0000000568000000, 0x0000000568800000, 0x0000000568800000|100%| E|CS|TAMS 0x0000000568000000, 0x0000000568000000| Complete 
| 721|0x0000000568800000, 0x0000000569000000, 0x0000000569000000|100%| E|CS|TAMS 0x0000000568800000, 0x0000000568800000| Complete 
| 722|0x0000000569000000, 0x0000000569800000, 0x0000000569800000|100%| E|CS|TAMS 0x0000000569000000, 0x0000000569000000| Complete 
| 723|0x0000000569800000, 0x000000056a000000, 0x000000056a000000|100%| E|CS|TAMS 0x0000000569800000, 0x0000000569800000| Complete 
| 724|0x000000056a000000, 0x000000056a800000, 0x000000056a800000|100%| E|CS|TAMS 0x000000056a000000, 0x000000056a000000| Complete 
| 725|0x000000056a800000, 0x000000056b000000, 0x000000056b000000|100%| E|CS|TAMS 0x000000056a800000, 0x000000056a800000| Complete 
| 726|0x000000056b000000, 0x000000056b800000, 0x000000056b800000|100%| E|CS|TAMS 0x000000056b000000, 0x000000056b000000| Complete 
| 727|0x000000056b800000, 0x000000056c000000, 0x000000056c000000|100%| E|CS|TAMS 0x000000056b800000, 0x000000056b800000| Complete 
| 728|0x000000056c000000, 0x000000056c800000, 0x000000056c800000|100%| E|CS|TAMS 0x000000056c000000, 0x000000056c000000| Complete 
| 729|0x000000056c800000, 0x000000056d000000, 0x000000056d000000|100%| E|CS|TAMS 0x000000056c800000, 0x000000056c800000| Complete 
| 730|0x000000056d000000, 0x000000056d800000, 0x000000056d800000|100%| E|CS|TAMS 0x000000056d000000, 0x000000056d000000| Complete 
| 731|0x000000056d800000, 0x000000056e000000, 0x000000056e000000|100%| E|CS|TAMS 0x000000056d800000, 0x000000056d800000| Complete 
| 732|0x000000056e000000, 0x000000056e800000, 0x000000056e800000|100%| E|CS|TAMS 0x000000056e000000, 0x000000056e000000| Complete 
| 733|0x000000056e800000, 0x000000056f000000, 0x000000056f000000|100%| E|CS|TAMS 0x000000056e800000, 0x000000056e800000| Complete 
| 734|0x000000056f000000, 0x000000056f800000, 0x000000056f800000|100%| E|CS|TAMS 0x000000056f000000, 0x000000056f000000| Complete 
| 735|0x000000056f800000, 0x0000000570000000, 0x0000000570000000|100%| E|CS|TAMS 0x000000056f800000, 0x000000056f800000| Complete 
| 736|0x0000000570000000, 0x0000000570800000, 0x0000000570800000|100%| E|CS|TAMS 0x0000000570000000, 0x0000000570000000| Complete 
| 737|0x0000000570800000, 0x0000000571000000, 0x0000000571000000|100%| E|CS|TAMS 0x0000000570800000, 0x0000000570800000| Complete 
| 738|0x0000000571000000, 0x0000000571800000, 0x0000000571800000|100%| E|CS|TAMS 0x0000000571000000, 0x0000000571000000| Complete 
| 739|0x0000000571800000, 0x0000000572000000, 0x0000000572000000|100%| E|CS|TAMS 0x0000000571800000, 0x0000000571800000| Complete 
| 740|0x0000000572000000, 0x0000000572800000, 0x0000000572800000|100%| E|CS|TAMS 0x0000000572000000, 0x0000000572000000| Complete 
| 741|0x0000000572800000, 0x0000000573000000, 0x0000000573000000|100%| E|CS|TAMS 0x0000000572800000, 0x0000000572800000| Complete 
| 742|0x0000000573000000, 0x0000000573800000, 0x0000000573800000|100%| E|CS|TAMS 0x0000000573000000, 0x0000000573000000| Complete 
| 743|0x0000000573800000, 0x0000000574000000, 0x0000000574000000|100%| E|CS|TAMS 0x0000000573800000, 0x0000000573800000| Complete 
| 744|0x0000000574000000, 0x0000000574800000, 0x0000000574800000|100%| E|CS|TAMS 0x0000000574000000, 0x0000000574000000| Complete 
| 745|0x0000000574800000, 0x0000000575000000, 0x0000000575000000|100%| E|CS|TAMS 0x0000000574800000, 0x0000000574800000| Complete 
| 746|0x0000000575000000, 0x0000000575800000, 0x0000000575800000|100%| E|CS|TAMS 0x0000000575000000, 0x0000000575000000| Complete 
| 747|0x0000000575800000, 0x0000000576000000, 0x0000000576000000|100%| E|CS|TAMS 0x0000000575800000, 0x0000000575800000| Complete 
| 748|0x0000000576000000, 0x0000000576800000, 0x0000000576800000|100%| E|CS|TAMS 0x0000000576000000, 0x0000000576000000| Complete 
| 749|0x0000000576800000, 0x0000000577000000, 0x0000000577000000|100%| E|CS|TAMS 0x0000000576800000, 0x0000000576800000| Complete 
| 750|0x0000000577000000, 0x0000000577800000, 0x0000000577800000|100%| E|CS|TAMS 0x0000000577000000, 0x0000000577000000| Complete 
| 751|0x0000000577800000, 0x0000000578000000, 0x0000000578000000|100%| E|CS|TAMS 0x0000000577800000, 0x0000000577800000| Complete 
| 752|0x0000000578000000, 0x0000000578800000, 0x0000000578800000|100%| E|CS|TAMS 0x0000000578000000, 0x0000000578000000| Complete 
| 753|0x0000000578800000, 0x0000000579000000, 0x0000000579000000|100%| E|CS|TAMS 0x0000000578800000, 0x0000000578800000| Complete 
| 754|0x0000000579000000, 0x0000000579800000, 0x0000000579800000|100%| E|CS|TAMS 0x0000000579000000, 0x0000000579000000| Complete 
| 755|0x0000000579800000, 0x000000057a000000, 0x000000057a000000|100%| E|CS|TAMS 0x0000000579800000, 0x0000000579800000| Complete 
| 756|0x000000057a000000, 0x000000057a800000, 0x000000057a800000|100%| E|CS|TAMS 0x000000057a000000, 0x000000057a000000| Complete 
| 757|0x000000057a800000, 0x000000057b000000, 0x000000057b000000|100%| E|CS|TAMS 0x000000057a800000, 0x000000057a800000| Complete 
| 758|0x000000057b000000, 0x000000057b800000, 0x000000057b800000|100%| E|CS|TAMS 0x000000057b000000, 0x000000057b000000| Complete 
| 759|0x000000057b800000, 0x000000057c000000, 0x000000057c000000|100%| E|CS|TAMS 0x000000057b800000, 0x000000057b800000| Complete 
| 760|0x000000057c000000, 0x000000057c800000, 0x000000057c800000|100%| E|CS|TAMS 0x000000057c000000, 0x000000057c000000| Complete 
| 761|0x000000057c800000, 0x000000057d000000, 0x000000057d000000|100%| E|CS|TAMS 0x000000057c800000, 0x000000057c800000| Complete 
| 762|0x000000057d000000, 0x000000057d800000, 0x000000057d800000|100%| E|CS|TAMS 0x000000057d000000, 0x000000057d000000| Complete 
| 763|0x000000057d800000, 0x000000057e000000, 0x000000057e000000|100%| E|CS|TAMS 0x000000057d800000, 0x000000057d800000| Complete 
| 764|0x000000057e000000, 0x000000057e800000, 0x000000057e800000|100%| E|  |TAMS 0x000000057e000000, 0x000000057e000000| Complete 
| 765|0x000000057e800000, 0x000000057f000000, 0x000000057f000000|100%| E|CS|TAMS 0x000000057e800000, 0x000000057e800000| Complete 
| 766|0x000000057f000000, 0x000000057f800000, 0x000000057f800000|100%| E|CS|TAMS 0x000000057f000000, 0x000000057f000000| Complete 
| 767|0x000000057f800000, 0x0000000580000000, 0x0000000580000000|100%| E|CS|TAMS 0x000000057f800000, 0x000000057f800000| Complete 
| 768|0x0000000580000000, 0x0000000580800000, 0x0000000580800000|100%| E|CS|TAMS 0x0000000580000000, 0x0000000580000000| Complete 
| 769|0x0000000580800000, 0x0000000581000000, 0x0000000581000000|100%| E|CS|TAMS 0x0000000580800000, 0x0000000580800000| Complete 
| 770|0x0000000581000000, 0x0000000581800000, 0x0000000581800000|100%| E|CS|TAMS 0x0000000581000000, 0x0000000581000000| Complete 
| 771|0x0000000581800000, 0x0000000582000000, 0x0000000582000000|100%| E|CS|TAMS 0x0000000581800000, 0x0000000581800000| Complete 
| 772|0x0000000582000000, 0x0000000582800000, 0x0000000582800000|100%| E|CS|TAMS 0x0000000582000000, 0x0000000582000000| Complete 
| 773|0x0000000582800000, 0x0000000583000000, 0x0000000583000000|100%| E|CS|TAMS 0x0000000582800000, 0x0000000582800000| Complete 
| 774|0x0000000583000000, 0x0000000583800000, 0x0000000583800000|100%| E|CS|TAMS 0x0000000583000000, 0x0000000583000000| Complete 
| 775|0x0000000583800000, 0x0000000584000000, 0x0000000584000000|100%| E|CS|TAMS 0x0000000583800000, 0x0000000583800000| Complete 
| 776|0x0000000584000000, 0x0000000584800000, 0x0000000584800000|100%| E|CS|TAMS 0x0000000584000000, 0x0000000584000000| Complete 
| 777|0x0000000584800000, 0x0000000585000000, 0x0000000585000000|100%| E|CS|TAMS 0x0000000584800000, 0x0000000584800000| Complete 
| 778|0x0000000585000000, 0x0000000585800000, 0x0000000585800000|100%| E|CS|TAMS 0x0000000585000000, 0x0000000585000000| Complete 
| 779|0x0000000585800000, 0x0000000586000000, 0x0000000586000000|100%| E|CS|TAMS 0x0000000585800000, 0x0000000585800000| Complete 
| 780|0x0000000586000000, 0x0000000586800000, 0x0000000586800000|100%| E|CS|TAMS 0x0000000586000000, 0x0000000586000000| Complete 
| 781|0x0000000586800000, 0x0000000587000000, 0x0000000587000000|100%| E|CS|TAMS 0x0000000586800000, 0x0000000586800000| Complete 
| 782|0x0000000587000000, 0x0000000587800000, 0x0000000587800000|100%| E|CS|TAMS 0x0000000587000000, 0x0000000587000000| Complete 
| 783|0x0000000587800000, 0x0000000588000000, 0x0000000588000000|100%| E|CS|TAMS 0x0000000587800000, 0x0000000587800000| Complete 
| 784|0x0000000588000000, 0x0000000588800000, 0x0000000588800000|100%| E|CS|TAMS 0x0000000588000000, 0x0000000588000000| Complete 
| 785|0x0000000588800000, 0x0000000589000000, 0x0000000589000000|100%| E|CS|TAMS 0x0000000588800000, 0x0000000588800000| Complete 
| 786|0x0000000589000000, 0x0000000589800000, 0x0000000589800000|100%| E|CS|TAMS 0x0000000589000000, 0x0000000589000000| Complete 
| 787|0x0000000589800000, 0x000000058a000000, 0x000000058a000000|100%| E|CS|TAMS 0x0000000589800000, 0x0000000589800000| Complete 
| 788|0x000000058a000000, 0x000000058a800000, 0x000000058a800000|100%| E|CS|TAMS 0x000000058a000000, 0x000000058a000000| Complete 
| 789|0x000000058a800000, 0x000000058b000000, 0x000000058b000000|100%| E|CS|TAMS 0x000000058a800000, 0x000000058a800000| Complete 
| 790|0x000000058b000000, 0x000000058b800000, 0x000000058b800000|100%| E|CS|TAMS 0x000000058b000000, 0x000000058b000000| Complete 
| 791|0x000000058b800000, 0x000000058c000000, 0x000000058c000000|100%| E|CS|TAMS 0x000000058b800000, 0x000000058b800000| Complete 
| 792|0x000000058c000000, 0x000000058c800000, 0x000000058c800000|100%| E|CS|TAMS 0x000000058c000000, 0x000000058c000000| Complete 
| 793|0x000000058c800000, 0x000000058d000000, 0x000000058d000000|100%| E|CS|TAMS 0x000000058c800000, 0x000000058c800000| Complete 
| 794|0x000000058d000000, 0x000000058d800000, 0x000000058d800000|100%| E|CS|TAMS 0x000000058d000000, 0x000000058d000000| Complete 
| 795|0x000000058d800000, 0x000000058e000000, 0x000000058e000000|100%| E|CS|TAMS 0x000000058d800000, 0x000000058d800000| Complete 
| 796|0x000000058e000000, 0x000000058e800000, 0x000000058e800000|100%| E|CS|TAMS 0x000000058e000000, 0x000000058e000000| Complete 
| 797|0x000000058e800000, 0x000000058f000000, 0x000000058f000000|100%| E|CS|TAMS 0x000000058e800000, 0x000000058e800000| Complete 
| 798|0x000000058f000000, 0x000000058f800000, 0x000000058f800000|100%| E|CS|TAMS 0x000000058f000000, 0x000000058f000000| Complete 
| 799|0x000000058f800000, 0x0000000590000000, 0x0000000590000000|100%| E|CS|TAMS 0x000000058f800000, 0x000000058f800000| Complete 
| 800|0x0000000590000000, 0x0000000590800000, 0x0000000590800000|100%| E|CS|TAMS 0x0000000590000000, 0x0000000590000000| Complete 
| 801|0x0000000590800000, 0x0000000591000000, 0x0000000591000000|100%| E|CS|TAMS 0x0000000590800000, 0x0000000590800000| Complete 
| 802|0x0000000591000000, 0x0000000591800000, 0x0000000591800000|100%| E|CS|TAMS 0x0000000591000000, 0x0000000591000000| Complete 
| 803|0x0000000591800000, 0x0000000592000000, 0x0000000592000000|100%| E|CS|TAMS 0x0000000591800000, 0x0000000591800000| Complete 
| 804|0x0000000592000000, 0x0000000592800000, 0x0000000592800000|100%| E|CS|TAMS 0x0000000592000000, 0x0000000592000000| Complete 
| 805|0x0000000592800000, 0x0000000593000000, 0x0000000593000000|100%| E|CS|TAMS 0x0000000592800000, 0x0000000592800000| Complete 
| 806|0x0000000593000000, 0x0000000593800000, 0x0000000593800000|100%| E|CS|TAMS 0x0000000593000000, 0x0000000593000000| Complete 
| 807|0x0000000593800000, 0x0000000594000000, 0x0000000594000000|100%| E|CS|TAMS 0x0000000593800000, 0x0000000593800000| Complete 
| 808|0x0000000594000000, 0x0000000594800000, 0x0000000594800000|100%| E|CS|TAMS 0x0000000594000000, 0x0000000594000000| Complete 
| 809|0x0000000594800000, 0x0000000595000000, 0x0000000595000000|100%| E|CS|TAMS 0x0000000594800000, 0x0000000594800000| Complete 
| 810|0x0000000595000000, 0x0000000595800000, 0x0000000595800000|100%| E|CS|TAMS 0x0000000595000000, 0x0000000595000000| Complete 
| 811|0x0000000595800000, 0x0000000596000000, 0x0000000596000000|100%| E|CS|TAMS 0x0000000595800000, 0x0000000595800000| Complete 
| 812|0x0000000596000000, 0x0000000596800000, 0x0000000596800000|100%| E|CS|TAMS 0x0000000596000000, 0x0000000596000000| Complete 
| 813|0x0000000596800000, 0x0000000597000000, 0x0000000597000000|100%| E|CS|TAMS 0x0000000596800000, 0x0000000596800000| Complete 
| 814|0x0000000597000000, 0x0000000597800000, 0x0000000597800000|100%| E|CS|TAMS 0x0000000597000000, 0x0000000597000000| Complete 
| 815|0x0000000597800000, 0x0000000598000000, 0x0000000598000000|100%| E|CS|TAMS 0x0000000597800000, 0x0000000597800000| Complete 
| 816|0x0000000598000000, 0x0000000598800000, 0x0000000598800000|100%| E|CS|TAMS 0x0000000598000000, 0x0000000598000000| Complete 
| 817|0x0000000598800000, 0x0000000599000000, 0x0000000599000000|100%| E|CS|TAMS 0x0000000598800000, 0x0000000598800000| Complete 
| 818|0x0000000599000000, 0x0000000599800000, 0x0000000599800000|100%| E|CS|TAMS 0x0000000599000000, 0x0000000599000000| Complete 
| 819|0x0000000599800000, 0x000000059a000000, 0x000000059a000000|100%| E|CS|TAMS 0x0000000599800000, 0x0000000599800000| Complete 
| 820|0x000000059a000000, 0x000000059a800000, 0x000000059a800000|100%| E|CS|TAMS 0x000000059a000000, 0x000000059a000000| Complete 
| 821|0x000000059a800000, 0x000000059b000000, 0x000000059b000000|100%| E|CS|TAMS 0x000000059a800000, 0x000000059a800000| Complete 
| 822|0x000000059b000000, 0x000000059b800000, 0x000000059b800000|100%| E|CS|TAMS 0x000000059b000000, 0x000000059b000000| Complete 
| 823|0x000000059b800000, 0x000000059c000000, 0x000000059c000000|100%| E|CS|TAMS 0x000000059b800000, 0x000000059b800000| Complete 
| 824|0x000000059c000000, 0x000000059c800000, 0x000000059c800000|100%| E|CS|TAMS 0x000000059c000000, 0x000000059c000000| Complete 
| 825|0x000000059c800000, 0x000000059d000000, 0x000000059d000000|100%| E|CS|TAMS 0x000000059c800000, 0x000000059c800000| Complete 
| 826|0x000000059d000000, 0x000000059d800000, 0x000000059d800000|100%| E|CS|TAMS 0x000000059d000000, 0x000000059d000000| Complete 
| 827|0x000000059d800000, 0x000000059e000000, 0x000000059e000000|100%| E|CS|TAMS 0x000000059d800000, 0x000000059d800000| Complete 
| 828|0x000000059e000000, 0x000000059e800000, 0x000000059e800000|100%| E|CS|TAMS 0x000000059e000000, 0x000000059e000000| Complete 
| 829|0x000000059e800000, 0x000000059f000000, 0x000000059f000000|100%| E|CS|TAMS 0x000000059e800000, 0x000000059e800000| Complete 
| 830|0x000000059f000000, 0x000000059f800000, 0x000000059f800000|100%| E|CS|TAMS 0x000000059f000000, 0x000000059f000000| Complete 
| 831|0x000000059f800000, 0x00000005a0000000, 0x00000005a0000000|100%| E|CS|TAMS 0x000000059f800000, 0x000000059f800000| Complete 
| 832|0x00000005a0000000, 0x00000005a0800000, 0x00000005a0800000|100%| E|CS|TAMS 0x00000005a0000000, 0x00000005a0000000| Complete 
| 833|0x00000005a0800000, 0x00000005a1000000, 0x00000005a1000000|100%| E|CS|TAMS 0x00000005a0800000, 0x00000005a0800000| Complete 
| 834|0x00000005a1000000, 0x00000005a1800000, 0x00000005a1800000|100%| E|CS|TAMS 0x00000005a1000000, 0x00000005a1000000| Complete 
| 835|0x00000005a1800000, 0x00000005a2000000, 0x00000005a2000000|100%| E|CS|TAMS 0x00000005a1800000, 0x00000005a1800000| Complete 
| 836|0x00000005a2000000, 0x00000005a2800000, 0x00000005a2800000|100%| E|CS|TAMS 0x00000005a2000000, 0x00000005a2000000| Complete 
| 837|0x00000005a2800000, 0x00000005a3000000, 0x00000005a3000000|100%| E|CS|TAMS 0x00000005a2800000, 0x00000005a2800000| Complete 
| 838|0x00000005a3000000, 0x00000005a3800000, 0x00000005a3800000|100%| E|CS|TAMS 0x00000005a3000000, 0x00000005a3000000| Complete 
| 839|0x00000005a3800000, 0x00000005a4000000, 0x00000005a4000000|100%| E|CS|TAMS 0x00000005a3800000, 0x00000005a3800000| Complete 
| 840|0x00000005a4000000, 0x00000005a4800000, 0x00000005a4800000|100%| E|CS|TAMS 0x00000005a4000000, 0x00000005a4000000| Complete 
| 841|0x00000005a4800000, 0x00000005a5000000, 0x00000005a5000000|100%| E|CS|TAMS 0x00000005a4800000, 0x00000005a4800000| Complete 
| 842|0x00000005a5000000, 0x00000005a5800000, 0x00000005a5800000|100%| E|CS|TAMS 0x00000005a5000000, 0x00000005a5000000| Complete 
| 843|0x00000005a5800000, 0x00000005a6000000, 0x00000005a6000000|100%| E|CS|TAMS 0x00000005a5800000, 0x00000005a5800000| Complete 
| 844|0x00000005a6000000, 0x00000005a6800000, 0x00000005a6800000|100%| E|CS|TAMS 0x00000005a6000000, 0x00000005a6000000| Complete 
| 845|0x00000005a6800000, 0x00000005a7000000, 0x00000005a7000000|100%| E|CS|TAMS 0x00000005a6800000, 0x00000005a6800000| Complete 
| 846|0x00000005a7000000, 0x00000005a7800000, 0x00000005a7800000|100%| E|CS|TAMS 0x00000005a7000000, 0x00000005a7000000| Complete 
| 847|0x00000005a7800000, 0x00000005a8000000, 0x00000005a8000000|100%| E|CS|TAMS 0x00000005a7800000, 0x00000005a7800000| Complete 
| 848|0x00000005a8000000, 0x00000005a8800000, 0x00000005a8800000|100%| E|CS|TAMS 0x00000005a8000000, 0x00000005a8000000| Complete 
| 849|0x00000005a8800000, 0x00000005a9000000, 0x00000005a9000000|100%| E|CS|TAMS 0x00000005a8800000, 0x00000005a8800000| Complete 
| 850|0x00000005a9000000, 0x00000005a9800000, 0x00000005a9800000|100%| E|CS|TAMS 0x00000005a9000000, 0x00000005a9000000| Complete 
| 851|0x00000005a9800000, 0x00000005aa000000, 0x00000005aa000000|100%| E|CS|TAMS 0x00000005a9800000, 0x00000005a9800000| Complete 
| 852|0x00000005aa000000, 0x00000005aa800000, 0x00000005aa800000|100%| E|CS|TAMS 0x00000005aa000000, 0x00000005aa000000| Complete 
| 853|0x00000005aa800000, 0x00000005ab000000, 0x00000005ab000000|100%| E|CS|TAMS 0x00000005aa800000, 0x00000005aa800000| Complete 
| 854|0x00000005ab000000, 0x00000005ab800000, 0x00000005ab800000|100%| E|CS|TAMS 0x00000005ab000000, 0x00000005ab000000| Complete 
| 855|0x00000005ab800000, 0x00000005ac000000, 0x00000005ac000000|100%| E|CS|TAMS 0x00000005ab800000, 0x00000005ab800000| Complete 
| 856|0x00000005ac000000, 0x00000005ac800000, 0x00000005ac800000|100%| E|CS|TAMS 0x00000005ac000000, 0x00000005ac000000| Complete 
| 857|0x00000005ac800000, 0x00000005ad000000, 0x00000005ad000000|100%| E|CS|TAMS 0x00000005ac800000, 0x00000005ac800000| Complete 
| 858|0x00000005ad000000, 0x00000005ad800000, 0x00000005ad800000|100%| E|CS|TAMS 0x00000005ad000000, 0x00000005ad000000| Complete 
| 859|0x00000005ad800000, 0x00000005ae000000, 0x00000005ae000000|100%| E|CS|TAMS 0x00000005ad800000, 0x00000005ad800000| Complete 
| 860|0x00000005ae000000, 0x00000005ae800000, 0x00000005ae800000|100%| E|CS|TAMS 0x00000005ae000000, 0x00000005ae000000| Complete 
| 861|0x00000005ae800000, 0x00000005af000000, 0x00000005af000000|100%| E|CS|TAMS 0x00000005ae800000, 0x00000005ae800000| Complete 
| 862|0x00000005af000000, 0x00000005af800000, 0x00000005af800000|100%| E|CS|TAMS 0x00000005af000000, 0x00000005af000000| Complete 
| 863|0x00000005af800000, 0x00000005b0000000, 0x00000005b0000000|100%| E|CS|TAMS 0x00000005af800000, 0x00000005af800000| Complete 
| 864|0x00000005b0000000, 0x00000005b0800000, 0x00000005b0800000|100%| E|CS|TAMS 0x00000005b0000000, 0x00000005b0000000| Complete 
| 865|0x00000005b0800000, 0x00000005b1000000, 0x00000005b1000000|100%| E|CS|TAMS 0x00000005b0800000, 0x00000005b0800000| Complete 
| 866|0x00000005b1000000, 0x00000005b1800000, 0x00000005b1800000|100%| E|CS|TAMS 0x00000005b1000000, 0x00000005b1000000| Complete 
| 867|0x00000005b1800000, 0x00000005b2000000, 0x00000005b2000000|100%| E|CS|TAMS 0x00000005b1800000, 0x00000005b1800000| Complete 
| 868|0x00000005b2000000, 0x00000005b2800000, 0x00000005b2800000|100%| E|CS|TAMS 0x00000005b2000000, 0x00000005b2000000| Complete 
| 869|0x00000005b2800000, 0x00000005b3000000, 0x00000005b3000000|100%| E|CS|TAMS 0x00000005b2800000, 0x00000005b2800000| Complete 
| 870|0x00000005b3000000, 0x00000005b3800000, 0x00000005b3800000|100%| E|CS|TAMS 0x00000005b3000000, 0x00000005b3000000| Complete 
| 871|0x00000005b3800000, 0x00000005b4000000, 0x00000005b4000000|100%| E|CS|TAMS 0x00000005b3800000, 0x00000005b3800000| Complete 
| 872|0x00000005b4000000, 0x00000005b4800000, 0x00000005b4800000|100%| E|CS|TAMS 0x00000005b4000000, 0x00000005b4000000| Complete 
| 873|0x00000005b4800000, 0x00000005b5000000, 0x00000005b5000000|100%| E|CS|TAMS 0x00000005b4800000, 0x00000005b4800000| Complete 
| 874|0x00000005b5000000, 0x00000005b5800000, 0x00000005b5800000|100%| E|CS|TAMS 0x00000005b5000000, 0x00000005b5000000| Complete 
| 875|0x00000005b5800000, 0x00000005b6000000, 0x00000005b6000000|100%| E|CS|TAMS 0x00000005b5800000, 0x00000005b5800000| Complete 
| 876|0x00000005b6000000, 0x00000005b6800000, 0x00000005b6800000|100%| E|CS|TAMS 0x00000005b6000000, 0x00000005b6000000| Complete 
| 877|0x00000005b6800000, 0x00000005b7000000, 0x00000005b7000000|100%| E|CS|TAMS 0x00000005b6800000, 0x00000005b6800000| Complete 
| 878|0x00000005b7000000, 0x00000005b7800000, 0x00000005b7800000|100%| E|CS|TAMS 0x00000005b7000000, 0x00000005b7000000| Complete 
| 879|0x00000005b7800000, 0x00000005b8000000, 0x00000005b8000000|100%| E|CS|TAMS 0x00000005b7800000, 0x00000005b7800000| Complete 
| 880|0x00000005b8000000, 0x00000005b8800000, 0x00000005b8800000|100%| E|CS|TAMS 0x00000005b8000000, 0x00000005b8000000| Complete 
| 881|0x00000005b8800000, 0x00000005b9000000, 0x00000005b9000000|100%| E|CS|TAMS 0x00000005b8800000, 0x00000005b8800000| Complete 
| 882|0x00000005b9000000, 0x00000005b9800000, 0x00000005b9800000|100%| E|CS|TAMS 0x00000005b9000000, 0x00000005b9000000| Complete 
| 883|0x00000005b9800000, 0x00000005ba000000, 0x00000005ba000000|100%| E|CS|TAMS 0x00000005b9800000, 0x00000005b9800000| Complete 
| 884|0x00000005ba000000, 0x00000005ba800000, 0x00000005ba800000|100%| E|CS|TAMS 0x00000005ba000000, 0x00000005ba000000| Complete 
| 885|0x00000005ba800000, 0x00000005bb000000, 0x00000005bb000000|100%| E|CS|TAMS 0x00000005ba800000, 0x00000005ba800000| Complete 
| 886|0x00000005bb000000, 0x00000005bb800000, 0x00000005bb800000|100%| E|CS|TAMS 0x00000005bb000000, 0x00000005bb000000| Complete 
| 887|0x00000005bb800000, 0x00000005bc000000, 0x00000005bc000000|100%| E|CS|TAMS 0x00000005bb800000, 0x00000005bb800000| Complete 
| 888|0x00000005bc000000, 0x00000005bc800000, 0x00000005bc800000|100%| E|CS|TAMS 0x00000005bc000000, 0x00000005bc000000| Complete 
| 889|0x00000005bc800000, 0x00000005bd000000, 0x00000005bd000000|100%| E|CS|TAMS 0x00000005bc800000, 0x00000005bc800000| Complete 
| 890|0x00000005bd000000, 0x00000005bd800000, 0x00000005bd800000|100%| E|CS|TAMS 0x00000005bd000000, 0x00000005bd000000| Complete 
| 891|0x00000005bd800000, 0x00000005be000000, 0x00000005be000000|100%| E|CS|TAMS 0x00000005bd800000, 0x00000005bd800000| Complete 
| 892|0x00000005be000000, 0x00000005be800000, 0x00000005be800000|100%| E|CS|TAMS 0x00000005be000000, 0x00000005be000000| Complete 
| 893|0x00000005be800000, 0x00000005bf000000, 0x00000005bf000000|100%| E|CS|TAMS 0x00000005be800000, 0x00000005be800000| Complete 
| 894|0x00000005bf000000, 0x00000005bf800000, 0x00000005bf800000|100%| E|CS|TAMS 0x00000005bf000000, 0x00000005bf000000| Complete 
| 895|0x00000005bf800000, 0x00000005c0000000, 0x00000005c0000000|100%| E|CS|TAMS 0x00000005bf800000, 0x00000005bf800000| Complete 
| 896|0x00000005c0000000, 0x00000005c0800000, 0x00000005c0800000|100%| E|CS|TAMS 0x00000005c0000000, 0x00000005c0000000| Complete 
| 897|0x00000005c0800000, 0x00000005c1000000, 0x00000005c1000000|100%| E|CS|TAMS 0x00000005c0800000, 0x00000005c0800000| Complete 
| 898|0x00000005c1000000, 0x00000005c1800000, 0x00000005c1800000|100%| E|CS|TAMS 0x00000005c1000000, 0x00000005c1000000| Complete 
| 899|0x00000005c1800000, 0x00000005c2000000, 0x00000005c2000000|100%| E|CS|TAMS 0x00000005c1800000, 0x00000005c1800000| Complete 
| 900|0x00000005c2000000, 0x00000005c2800000, 0x00000005c2800000|100%| E|CS|TAMS 0x00000005c2000000, 0x00000005c2000000| Complete 
| 901|0x00000005c2800000, 0x00000005c3000000, 0x00000005c3000000|100%| E|CS|TAMS 0x00000005c2800000, 0x00000005c2800000| Complete 
| 902|0x00000005c3000000, 0x00000005c3800000, 0x00000005c3800000|100%| E|CS|TAMS 0x00000005c3000000, 0x00000005c3000000| Complete 
| 903|0x00000005c3800000, 0x00000005c4000000, 0x00000005c4000000|100%| E|CS|TAMS 0x00000005c3800000, 0x00000005c3800000| Complete 
| 904|0x00000005c4000000, 0x00000005c4800000, 0x00000005c4800000|100%| E|CS|TAMS 0x00000005c4000000, 0x00000005c4000000| Complete 
| 905|0x00000005c4800000, 0x00000005c5000000, 0x00000005c5000000|100%| E|CS|TAMS 0x00000005c4800000, 0x00000005c4800000| Complete 
| 906|0x00000005c5000000, 0x00000005c5800000, 0x00000005c5800000|100%| E|CS|TAMS 0x00000005c5000000, 0x00000005c5000000| Complete 
| 907|0x00000005c5800000, 0x00000005c6000000, 0x00000005c6000000|100%| E|CS|TAMS 0x00000005c5800000, 0x00000005c5800000| Complete 
| 908|0x00000005c6000000, 0x00000005c6800000, 0x00000005c6800000|100%| E|CS|TAMS 0x00000005c6000000, 0x00000005c6000000| Complete 
| 909|0x00000005c6800000, 0x00000005c7000000, 0x00000005c7000000|100%| E|CS|TAMS 0x00000005c6800000, 0x00000005c6800000| Complete 
| 910|0x00000005c7000000, 0x00000005c7800000, 0x00000005c7800000|100%| E|CS|TAMS 0x00000005c7000000, 0x00000005c7000000| Complete 
| 911|0x00000005c7800000, 0x00000005c8000000, 0x00000005c8000000|100%| E|CS|TAMS 0x00000005c7800000, 0x00000005c7800000| Complete 
| 912|0x00000005c8000000, 0x00000005c8800000, 0x00000005c8800000|100%| E|CS|TAMS 0x00000005c8000000, 0x00000005c8000000| Complete 
| 913|0x00000005c8800000, 0x00000005c9000000, 0x00000005c9000000|100%| E|CS|TAMS 0x00000005c8800000, 0x00000005c8800000| Complete 
| 914|0x00000005c9000000, 0x00000005c9800000, 0x00000005c9800000|100%| E|CS|TAMS 0x00000005c9000000, 0x00000005c9000000| Complete 
| 915|0x00000005c9800000, 0x00000005ca000000, 0x00000005ca000000|100%| E|CS|TAMS 0x00000005c9800000, 0x00000005c9800000| Complete 
| 916|0x00000005ca000000, 0x00000005ca800000, 0x00000005ca800000|100%| E|CS|TAMS 0x00000005ca000000, 0x00000005ca000000| Complete 
| 917|0x00000005ca800000, 0x00000005cb000000, 0x00000005cb000000|100%| E|CS|TAMS 0x00000005ca800000, 0x00000005ca800000| Complete 
| 918|0x00000005cb000000, 0x00000005cb800000, 0x00000005cb800000|100%| E|CS|TAMS 0x00000005cb000000, 0x00000005cb000000| Complete 
| 919|0x00000005cb800000, 0x00000005cc000000, 0x00000005cc000000|100%| E|CS|TAMS 0x00000005cb800000, 0x00000005cb800000| Complete 
| 920|0x00000005cc000000, 0x00000005cc800000, 0x00000005cc800000|100%| E|CS|TAMS 0x00000005cc000000, 0x00000005cc000000| Complete 
| 921|0x00000005cc800000, 0x00000005cd000000, 0x00000005cd000000|100%| E|CS|TAMS 0x00000005cc800000, 0x00000005cc800000| Complete 
| 922|0x00000005cd000000, 0x00000005cd800000, 0x00000005cd800000|100%| E|CS|TAMS 0x00000005cd000000, 0x00000005cd000000| Complete 
| 923|0x00000005cd800000, 0x00000005ce000000, 0x00000005ce000000|100%| E|CS|TAMS 0x00000005cd800000, 0x00000005cd800000| Complete 
| 924|0x00000005ce000000, 0x00000005ce800000, 0x00000005ce800000|100%| E|CS|TAMS 0x00000005ce000000, 0x00000005ce000000| Complete 
| 925|0x00000005ce800000, 0x00000005cf000000, 0x00000005cf000000|100%| E|CS|TAMS 0x00000005ce800000, 0x00000005ce800000| Complete 
| 926|0x00000005cf000000, 0x00000005cf800000, 0x00000005cf800000|100%| E|CS|TAMS 0x00000005cf000000, 0x00000005cf000000| Complete 
| 927|0x00000005cf800000, 0x00000005d0000000, 0x00000005d0000000|100%| E|CS|TAMS 0x00000005cf800000, 0x00000005cf800000| Complete 
| 928|0x00000005d0000000, 0x00000005d0800000, 0x00000005d0800000|100%| E|CS|TAMS 0x00000005d0000000, 0x00000005d0000000| Complete 
| 929|0x00000005d0800000, 0x00000005d1000000, 0x00000005d1000000|100%| E|CS|TAMS 0x00000005d0800000, 0x00000005d0800000| Complete 
| 930|0x00000005d1000000, 0x00000005d1800000, 0x00000005d1800000|100%| E|CS|TAMS 0x00000005d1000000, 0x00000005d1000000| Complete 
| 931|0x00000005d1800000, 0x00000005d2000000, 0x00000005d2000000|100%| E|CS|TAMS 0x00000005d1800000, 0x00000005d1800000| Complete 
| 932|0x00000005d2000000, 0x00000005d2800000, 0x00000005d2800000|100%| E|CS|TAMS 0x00000005d2000000, 0x00000005d2000000| Complete 
| 933|0x00000005d2800000, 0x00000005d3000000, 0x00000005d3000000|100%| E|CS|TAMS 0x00000005d2800000, 0x00000005d2800000| Complete 
| 934|0x00000005d3000000, 0x00000005d3800000, 0x00000005d3800000|100%| E|CS|TAMS 0x00000005d3000000, 0x00000005d3000000| Complete 
| 935|0x00000005d3800000, 0x00000005d4000000, 0x00000005d4000000|100%| E|CS|TAMS 0x00000005d3800000, 0x00000005d3800000| Complete 
| 936|0x00000005d4000000, 0x00000005d4800000, 0x00000005d4800000|100%| E|CS|TAMS 0x00000005d4000000, 0x00000005d4000000| Complete 
| 937|0x00000005d4800000, 0x00000005d5000000, 0x00000005d5000000|100%| E|CS|TAMS 0x00000005d4800000, 0x00000005d4800000| Complete 
| 938|0x00000005d5000000, 0x00000005d5800000, 0x00000005d5800000|100%| E|CS|TAMS 0x00000005d5000000, 0x00000005d5000000| Complete 
| 939|0x00000005d5800000, 0x00000005d6000000, 0x00000005d6000000|100%| E|CS|TAMS 0x00000005d5800000, 0x00000005d5800000| Complete 
| 940|0x00000005d6000000, 0x00000005d6800000, 0x00000005d6800000|100%| E|CS|TAMS 0x00000005d6000000, 0x00000005d6000000| Complete 
| 941|0x00000005d6800000, 0x00000005d7000000, 0x00000005d7000000|100%| E|CS|TAMS 0x00000005d6800000, 0x00000005d6800000| Complete 
| 942|0x00000005d7000000, 0x00000005d7800000, 0x00000005d7800000|100%| E|CS|TAMS 0x00000005d7000000, 0x00000005d7000000| Complete 
| 943|0x00000005d7800000, 0x00000005d8000000, 0x00000005d8000000|100%| E|CS|TAMS 0x00000005d7800000, 0x00000005d7800000| Complete 
| 944|0x00000005d8000000, 0x00000005d8800000, 0x00000005d8800000|100%| E|CS|TAMS 0x00000005d8000000, 0x00000005d8000000| Complete 
| 945|0x00000005d8800000, 0x00000005d9000000, 0x00000005d9000000|100%| E|CS|TAMS 0x00000005d8800000, 0x00000005d8800000| Complete 
| 946|0x00000005d9000000, 0x00000005d9800000, 0x00000005d9800000|100%| E|CS|TAMS 0x00000005d9000000, 0x00000005d9000000| Complete 
| 947|0x00000005d9800000, 0x00000005da000000, 0x00000005da000000|100%| E|CS|TAMS 0x00000005d9800000, 0x00000005d9800000| Complete 
| 948|0x00000005da000000, 0x00000005da800000, 0x00000005da800000|100%| E|CS|TAMS 0x00000005da000000, 0x00000005da000000| Complete 
| 949|0x00000005da800000, 0x00000005db000000, 0x00000005db000000|100%| E|CS|TAMS 0x00000005da800000, 0x00000005da800000| Complete 
| 950|0x00000005db000000, 0x00000005db800000, 0x00000005db800000|100%| E|CS|TAMS 0x00000005db000000, 0x00000005db000000| Complete 
| 951|0x00000005db800000, 0x00000005dc000000, 0x00000005dc000000|100%| E|CS|TAMS 0x00000005db800000, 0x00000005db800000| Complete 
| 952|0x00000005dc000000, 0x00000005dc800000, 0x00000005dc800000|100%| E|CS|TAMS 0x00000005dc000000, 0x00000005dc000000| Complete 
| 953|0x00000005dc800000, 0x00000005dd000000, 0x00000005dd000000|100%| E|CS|TAMS 0x00000005dc800000, 0x00000005dc800000| Complete 
| 954|0x00000005dd000000, 0x00000005dd800000, 0x00000005dd800000|100%| E|CS|TAMS 0x00000005dd000000, 0x00000005dd000000| Complete 
| 955|0x00000005dd800000, 0x00000005de000000, 0x00000005de000000|100%| E|CS|TAMS 0x00000005dd800000, 0x00000005dd800000| Complete 
| 956|0x00000005de000000, 0x00000005de800000, 0x00000005de800000|100%| E|CS|TAMS 0x00000005de000000, 0x00000005de000000| Complete 
| 957|0x00000005de800000, 0x00000005df000000, 0x00000005df000000|100%| E|CS|TAMS 0x00000005de800000, 0x00000005de800000| Complete 
| 958|0x00000005df000000, 0x00000005df800000, 0x00000005df800000|100%| E|CS|TAMS 0x00000005df000000, 0x00000005df000000| Complete 
| 959|0x00000005df800000, 0x00000005e0000000, 0x00000005e0000000|100%| E|CS|TAMS 0x00000005df800000, 0x00000005df800000| Complete 
| 960|0x00000005e0000000, 0x00000005e0800000, 0x00000005e0800000|100%| E|CS|TAMS 0x00000005e0000000, 0x00000005e0000000| Complete 
| 961|0x00000005e0800000, 0x00000005e1000000, 0x00000005e1000000|100%| E|CS|TAMS 0x00000005e0800000, 0x00000005e0800000| Complete 
| 962|0x00000005e1000000, 0x00000005e1800000, 0x00000005e1800000|100%| E|CS|TAMS 0x00000005e1000000, 0x00000005e1000000| Complete 
| 963|0x00000005e1800000, 0x00000005e2000000, 0x00000005e2000000|100%| E|CS|TAMS 0x00000005e1800000, 0x00000005e1800000| Complete 
| 964|0x00000005e2000000, 0x00000005e2800000, 0x00000005e2800000|100%| E|CS|TAMS 0x00000005e2000000, 0x00000005e2000000| Complete 
| 965|0x00000005e2800000, 0x00000005e3000000, 0x00000005e3000000|100%| E|CS|TAMS 0x00000005e2800000, 0x00000005e2800000| Complete 
| 966|0x00000005e3000000, 0x00000005e3800000, 0x00000005e3800000|100%| E|CS|TAMS 0x00000005e3000000, 0x00000005e3000000| Complete 
| 967|0x00000005e3800000, 0x00000005e4000000, 0x00000005e4000000|100%| E|CS|TAMS 0x00000005e3800000, 0x00000005e3800000| Complete 
| 968|0x00000005e4000000, 0x00000005e4800000, 0x00000005e4800000|100%| E|CS|TAMS 0x00000005e4000000, 0x00000005e4000000| Complete 
| 969|0x00000005e4800000, 0x00000005e5000000, 0x00000005e5000000|100%| E|CS|TAMS 0x00000005e4800000, 0x00000005e4800000| Complete 
| 970|0x00000005e5000000, 0x00000005e5800000, 0x00000005e5800000|100%| E|CS|TAMS 0x00000005e5000000, 0x00000005e5000000| Complete 
| 971|0x00000005e5800000, 0x00000005e6000000, 0x00000005e6000000|100%| E|CS|TAMS 0x00000005e5800000, 0x00000005e5800000| Complete 
| 972|0x00000005e6000000, 0x00000005e6800000, 0x00000005e6800000|100%| E|CS|TAMS 0x00000005e6000000, 0x00000005e6000000| Complete 
| 973|0x00000005e6800000, 0x00000005e7000000, 0x00000005e7000000|100%| E|CS|TAMS 0x00000005e6800000, 0x00000005e6800000| Complete 
| 974|0x00000005e7000000, 0x00000005e7800000, 0x00000005e7800000|100%| E|CS|TAMS 0x00000005e7000000, 0x00000005e7000000| Complete 
| 975|0x00000005e7800000, 0x00000005e8000000, 0x00000005e8000000|100%| E|CS|TAMS 0x00000005e7800000, 0x00000005e7800000| Complete 
| 976|0x00000005e8000000, 0x00000005e8800000, 0x00000005e8800000|100%| E|CS|TAMS 0x00000005e8000000, 0x00000005e8000000| Complete 
| 977|0x00000005e8800000, 0x00000005e9000000, 0x00000005e9000000|100%| E|CS|TAMS 0x00000005e8800000, 0x00000005e8800000| Complete 
| 978|0x00000005e9000000, 0x00000005e9800000, 0x00000005e9800000|100%| E|CS|TAMS 0x00000005e9000000, 0x00000005e9000000| Complete 
|2046|0x00000007ff000000, 0x00000007ff800000, 0x00000007ff800000|100%| O|  |TAMS 0x00000007ff800000, 0x00000007ff000000| Untracked 
|2047|0x00000007ff800000, 0x0000000800000000, 0x0000000800000000|100%| O|  |TAMS 0x0000000800000000, 0x00000007ff800000| Untracked 

Card table byte_map: [0x0000023bb2070000,0x0000023bb4070000] _byte_map_base: 0x0000023bb0070000

Marking Bits (Prev, Next): (CMBitMap*) 0x0000023b9ccb6ac0, (CMBitMap*) 0x0000023b9ccb6a80
 Prev Bits: [0x0000023bc6070000, 0x0000023bd6070000)
 Next Bits: [0x0000023bb6070000, 0x0000023bc6070000)

Polling page: 0x0000023b9c3e0000

Metaspace:

Usage:
  Non-class:    423.52 MB used.
      Class:    102.95 MB used.
       Both:    526.47 MB used.

Virtual space:
  Non-class space:      448.00 MB reserved,     425.44 MB ( 95%) committed,  7 nodes.
      Class space:        1.00 GB reserved,     104.50 MB ( 10%) committed,  1 nodes.
             Both:        1.44 GB reserved,     529.94 MB ( 36%) committed. 

Chunk freelists:
   Non-Class:  6.52 MB
       Class:  7.41 MB
        Both:  13.93 MB

MaxMetaspaceSize: unlimited
CompressedClassSpaceSize: 1.00 GB
Initial GC threshold: 21.00 MB
Current GC threshold: 533.56 MB
CDS: off
MetaspaceReclaimPolicy: balanced
 - commit_granule_bytes: 65536.
 - commit_granule_words: 8192.
 - virtual_space_node_default_size: 8388608.
 - enlarge_chunks_in_place: 1.
 - new_chunks_are_fully_committed: 0.
 - uncommit_free_chunks: 1.
 - use_allocation_guard: 0.
 - handle_deallocations: 1.


Internal statistics:

num_allocs_failed_limit: 500.
num_arena_births: 5836.
num_arena_deaths: 0.
num_vsnodes_births: 8.
num_vsnodes_deaths: 0.
num_space_committed: 8470.
num_space_uncommitted: 0.
num_chunks_returned_to_freelist: 500.
num_chunks_taken_from_freelist: 27603.
num_chunk_merges: 494.
num_chunk_splits: 20216.
num_chunks_enlarged: 15222.
num_inconsistent_stats: 0.

CodeHeap 'non-profiled nmethods': size=119168Kb used=65369Kb max_used=65369Kb free=53798Kb
 bounds [0x0000023ba7f70000, 0x0000023babf50000, 0x0000023baf3d0000]
CodeHeap 'profiled nmethods': size=119104Kb used=99380Kb max_used=99380Kb free=19723Kb
 bounds [0x0000023ba03d0000, 0x0000023ba6510000, 0x0000023ba7820000]
CodeHeap 'non-nmethods': size=7488Kb used=3577Kb max_used=5432Kb free=3910Kb
 bounds [0x0000023ba7820000, 0x0000023ba7d90000, 0x0000023ba7f70000]
 total_blobs=54489 nmethods=50962 adapters=3432
 compilation: enabled
              stopped_count=0, restarted_count=0
 full_count=0

Compilation events (20 events):
Event: 211.507 Thread 0x0000023bd9309be0 nmethod 72053 0x0000023ba5593890 code [0x0000023ba5593b40, 0x0000023ba5594a98]
Event: 211.512 Thread 0x0000023ced201d10 nmethod 72051 0x0000023babf33090 code [0x0000023babf332a0, 0x0000023babf33790]
Event: 211.512 Thread 0x0000023ced201d10 72050       4       com.simibubi.create.foundation.block.connected.CTSpriteShiftEntry::getTargetV (46 bytes)
Event: 211.514 Thread 0x0000023ced201d10 nmethod 72050 0x0000023babf33f10 code [0x0000023babf34100, 0x0000023babf343d8]
Event: 211.514 Thread 0x0000023ced201d10 72048 % !   4       me.jellysquid.mods.sodium.client.render.immediate.CloudRenderer::rebuildGeometry @ 37 (934 bytes)
Event: 211.514 Thread 0x0000023bd9308260 nmethod 72045 0x0000023babf34690 code [0x0000023babf34860, 0x0000023babf36a18]
Event: 211.521 Thread 0x0000023bd9308260 72054       4       com.mrcrayfish.furniture.refurbished.blockentity.ElectricityModuleLootBlockEntity::hashCode (8 bytes)
Event: 211.522 Thread 0x0000023bd9308260 nmethod 72054 0x0000023babe5d910 code [0x0000023babe5da80, 0x0000023babe5db38]
Event: 211.522 Thread 0x0000023bd9308260 72055       4       org.violetmoon.quark.api.event.UsageTickerEvent::<init> (50 bytes)
Event: 211.525 Thread 0x0000023bd9308260 nmethod 72055 0x0000023babf37410 code [0x0000023babf375a0, 0x0000023babf37c78]
Event: 211.538 Thread 0x0000023bd9309be0 72056       3       team.creative.creativecore.common.util.math.interpolation.Interpolation::valueAt (219 bytes)
Event: 211.539 Thread 0x0000023bd9309be0 nmethod 72056 0x0000023ba512f390 code [0x0000023ba512f6c0, 0x0000023ba51311a8]
Event: 211.546 Thread 0x0000023bd9309be0 72057       3       net.minecraft.world.entity.Entity::m_20124_ (12 bytes)
Event: 211.547 Thread 0x0000023bd9309be0 nmethod 72057 0x0000023ba57e7610 code [0x0000023ba57e77c0, 0x0000023ba57e7988]
Event: 211.551 Thread 0x0000023bd9309be0 72058       3       net.mcreator.borninchaosv.entity.DecayingZombieEntity::m_6075_ (29 bytes)
Event: 211.551 Thread 0x0000023bd9309be0 nmethod 72058 0x0000023ba5bc9f90 code [0x0000023ba5bca160, 0x0000023ba5bca568]
Event: 211.551 Thread 0x0000023bd9309be0 72059       3       net.mcreator.borninchaosv.procedures.DecayingZombiePriObnovlieniiTaktaSushchnostiProcedure::execute (953 bytes)
Event: 211.569 Thread 0x0000023bd9309be0 nmethod 72059 0x0000023ba64ede90 code [0x0000023ba64efc40, 0x0000023ba6505458]
Event: 211.569 Thread 0x0000023bd9309be0 72060       3       net.mcreator.borninchaosv.entity.DecayingZombieEntity::m_6972_ (10 bytes)
Event: 211.570 Thread 0x0000023bd9309be0 nmethod 72060 0x0000023ba56d5290 code [0x0000023ba56d54c0, 0x0000023ba56d5a88]

GC Heap History (20 events):
Event: 83.369 GC heap before
{Heap before GC invocations=81 (full 0):
 garbage-first heap   total 8036352K, used 6353717K [0x0000000400000000, 0x0000000800000000)
  region size 8192K, 506 young (4145152K), 4 survivors (32768K)
 Metaspace       used 463258K, committed 466240K, reserved 1441792K
  class space    used 95666K, committed 96960K, reserved 1048576K
}
Event: 83.417 GC heap after
{Heap after GC invocations=82 (full 0):
 garbage-first heap   total 8036352K, used 2351312K [0x0000000400000000, 0x0000000800000000)
  region size 8192K, 16 young (131072K), 16 survivors (131072K)
 Metaspace       used 463258K, committed 466240K, reserved 1441792K
  class space    used 95666K, committed 96960K, reserved 1048576K
}
Event: 92.354 GC heap before
{Heap before GC invocations=82 (full 0):
 garbage-first heap   total 8036352K, used 6422736K [0x0000000400000000, 0x0000000800000000)
  region size 8192K, 513 young (4202496K), 16 survivors (131072K)
 Metaspace       used 470130K, committed 473088K, reserved 1441792K
  class space    used 96695K, committed 97984K, reserved 1048576K
}
Event: 92.415 GC heap after
{Heap after GC invocations=83 (full 0):
 garbage-first heap   total 8036352K, used 2428485K [0x0000000400000000, 0x0000000800000000)
  region size 8192K, 26 young (212992K), 26 survivors (212992K)
 Metaspace       used 470130K, committed 473088K, reserved 1441792K
  class space    used 96695K, committed 97984K, reserved 1048576K
}
Event: 131.007 GC heap before
{Heap before GC invocations=83 (full 0):
 garbage-first heap   total 8036352K, used 6516293K [0x0000000400000000, 0x0000000800000000)
  region size 8192K, 525 young (4300800K), 26 survivors (212992K)
 Metaspace       used 494887K, committed 498048K, reserved 1507328K
  class space    used 100240K, committed 101632K, reserved 1048576K
}
Event: 131.139 GC heap after
{Heap after GC invocations=84 (full 0):
 garbage-first heap   total 8036352K, used 2778299K [0x0000000400000000, 0x0000000800000000)
  region size 8192K, 66 young (540672K), 66 survivors (540672K)
 Metaspace       used 494887K, committed 498048K, reserved 1507328K
  class space    used 100240K, committed 101632K, reserved 1048576K
}
Event: 138.878 GC heap before
{Heap before GC invocations=84 (full 0):
 garbage-first heap   total 8036352K, used 4957371K [0x0000000400000000, 0x0000000800000000)
  region size 8192K, 332 young (2719744K), 66 survivors (540672K)
 Metaspace       used 500619K, committed 503808K, reserved 1507328K
  class space    used 101065K, committed 102464K, reserved 1048576K
}
Event: 139.048 GC heap after
{Heap after GC invocations=85 (full 0):
 garbage-first heap   total 8036352K, used 2859521K [0x0000000400000000, 0x0000000800000000)
  region size 8192K, 10 young (81920K), 10 survivors (81920K)
 Metaspace       used 500619K, committed 503808K, reserved 1507328K
  class space    used 101065K, committed 102464K, reserved 1048576K
}
Event: 147.553 GC heap before
{Heap before GC invocations=85 (full 0):
 garbage-first heap   total 8036352K, used 6414849K [0x0000000400000000, 0x0000000800000000)
  region size 8192K, 444 young (3637248K), 10 survivors (81920K)
 Metaspace       used 505434K, committed 508672K, reserved 1507328K
  class space    used 101744K, committed 103168K, reserved 1048576K
}
Event: 147.599 GC heap after
{Heap after GC invocations=86 (full 0):
 garbage-first heap   total 8036352K, used 2947397K [0x0000000400000000, 0x0000000800000000)
  region size 8192K, 21 young (172032K), 21 survivors (172032K)
 Metaspace       used 505434K, committed 508672K, reserved 1507328K
  class space    used 101744K, committed 103168K, reserved 1048576K
}
Event: 156.371 GC heap before
{Heap before GC invocations=86 (full 0):
 garbage-first heap   total 8036352K, used 6510917K [0x0000000400000000, 0x0000000800000000)
  region size 8192K, 456 young (3735552K), 21 survivors (172032K)
 Metaspace       used 510951K, committed 514240K, reserved 1507328K
  class space    used 102495K, committed 103936K, reserved 1048576K
}
Event: 156.512 GC heap after
{Heap after GC invocations=87 (full 0):
 garbage-first heap   total 8036352K, used 3219969K [0x0000000400000000, 0x0000000800000000)
  region size 8192K, 54 young (442368K), 54 survivors (442368K)
 Metaspace       used 510951K, committed 514240K, reserved 1507328K
  class space    used 102495K, committed 103936K, reserved 1048576K
}
Event: 162.427 GC heap before
{Heap before GC invocations=87 (full 0):
 garbage-first heap   total 8036352K, used 5800449K [0x0000000400000000, 0x0000000800000000)
  region size 8192K, 370 young (3031040K), 54 survivors (442368K)
 Metaspace       used 515720K, committed 519040K, reserved 1507328K
  class space    used 103134K, committed 104576K, reserved 1048576K
}
Event: 162.535 GC heap after
{Heap after GC invocations=88 (full 0):
 garbage-first heap   total 8036352K, used 3259709K [0x0000000400000000, 0x0000000800000000)
  region size 8192K, 16 young (131072K), 16 survivors (131072K)
 Metaspace       used 515720K, committed 519040K, reserved 1507328K
  class space    used 103134K, committed 104576K, reserved 1048576K
}
Event: 173.278 GC heap before
{Heap before GC invocations=88 (full 0):
 garbage-first heap   total 8036352K, used 6479165K [0x0000000400000000, 0x0000000800000000)
  region size 8192K, 409 young (3350528K), 16 survivors (131072K)
 Metaspace       used 521896K, committed 525248K, reserved 1507328K
  class space    used 103909K, committed 105408K, reserved 1048576K
}
Event: 173.339 GC heap after
{Heap after GC invocations=89 (full 0):
 garbage-first heap   total 8036352K, used 3319299K [0x0000000400000000, 0x0000000800000000)
  region size 8192K, 23 young (188416K), 23 survivors (188416K)
 Metaspace       used 521896K, committed 525248K, reserved 1507328K
  class space    used 103909K, committed 105408K, reserved 1048576K
}
Event: 183.647 GC heap before
{Heap before GC invocations=89 (full 0):
 garbage-first heap   total 8036352K, used 6563331K [0x0000000400000000, 0x0000000800000000)
  region size 8192K, 419 young (3432448K), 23 survivors (188416K)
 Metaspace       used 533484K, committed 537024K, reserved 1507328K
  class space    used 105259K, committed 106816K, reserved 1048576K
}
Event: 183.730 GC heap after
{Heap after GC invocations=90 (full 0):
 garbage-first heap   total 8036352K, used 3386685K [0x0000000400000000, 0x0000000800000000)
  region size 8192K, 31 young (253952K), 31 survivors (253952K)
 Metaspace       used 533484K, committed 537024K, reserved 1507328K
  class space    used 105259K, committed 106816K, reserved 1048576K
}
Event: 202.275 GC heap before
{Heap before GC invocations=90 (full 0):
 garbage-first heap   total 8036352K, used 6647101K [0x0000000400000000, 0x0000000800000000)
  region size 8192K, 429 young (3514368K), 31 survivors (253952K)
 Metaspace       used 538740K, committed 542336K, reserved 1507328K
  class space    used 105410K, committed 107008K, reserved 1048576K
}
Event: 202.348 GC heap after
{Heap after GC invocations=91 (full 0):
 garbage-first heap   total 8036352K, used 3430332K [0x0000000400000000, 0x0000000800000000)
  region size 8192K, 30 young (245760K), 30 survivors (245760K)
 Metaspace       used 538740K, committed 542336K, reserved 1507328K
  class space    used 105410K, committed 107008K, reserved 1048576K
}

Dll operation events (20 events):
Event: 0.134 Loaded shared library \curseforge\minecraft\Install\runtime\java-runtime-gamma\windows-x64\java-runtime-gamma\bin\net.dll
Event: 0.135 Loaded shared library \curseforge\minecraft\Install\runtime\java-runtime-gamma\windows-x64\java-runtime-gamma\bin\nio.dll
Event: 0.140 Loaded shared library \curseforge\minecraft\Install\runtime\java-runtime-gamma\windows-x64\java-runtime-gamma\bin\zip.dll
Event: 0.194 Loaded shared library \curseforge\minecraft\Install\runtime\java-runtime-gamma\windows-x64\java-runtime-gamma\bin\jimage.dll
Event: 0.353 Loaded shared library \curseforge\minecraft\Install\runtime\java-runtime-gamma\windows-x64\java-runtime-gamma\bin\verify.dll
Event: 1.574 Loaded shared library \curseforge\minecraft\Install\runtime\java-runtime-gamma\windows-x64\java-runtime-gamma\bin\management.dll
Event: 1.576 Loaded shared library \curseforge\minecraft\Install\runtime\java-runtime-gamma\windows-x64\java-runtime-gamma\bin\management_ext.dll
Event: 3.766 Loaded shared library \curseforge\minecraft\Install\bin\2567d7e973f5d76f3d773bd5df2b62bb43bb5d0a\lwjgl.dll
Event: 3.986 Loaded shared library \curseforge\minecraft\Install\bin\2567d7e973f5d76f3d773bd5df2b62bb43bb5d0a\lwjgl_opengl.dll
Event: 4.050 Loaded shared library \curseforge\minecraft\Install\bin\2567d7e973f5d76f3d773bd5df2b62bb43bb5d0a\lwjgl_stb.dll
Event: 12.299 Loaded shared library \curseforge\minecraft\Install\bin\2567d7e973f5d76f3d773bd5df2b62bb43bb5d0a\jna12263195032446857198.dll
Event: 23.293 Loaded shared library \curseforge\minecraft\Install\runtime\java-runtime-gamma\windows-x64\java-runtime-gamma\bin\sunmscapi.dll
Event: 27.474 Loaded shared library \curseforge\minecraft\Install\runtime\java-runtime-gamma\windows-x64\java-runtime-gamma\bin\awt.dll
Event: 52.403 Loaded shared library \AppData\Local\Temp\opus4j-425b9c66b27e08f7e8fc45c7a6f2c641\opus4j.dll
Event: 91.217 Loaded shared library \curseforge\minecraft\Instances\CSMP 4\mods\mcef-libraries\windows_amd64\d3dcompiler_47.dll
Event: 91.220 Loaded shared library \curseforge\minecraft\Instances\CSMP 4\mods\mcef-libraries\windows_amd64\libGLESv2.dll
Event: 91.222 Loaded shared library \curseforge\minecraft\Instances\CSMP 4\mods\mcef-libraries\windows_amd64\libEGL.dll
Event: 91.224 Loaded shared library \curseforge\minecraft\Instances\CSMP 4\mods\mcef-libraries\windows_amd64\chrome_elf.dll
Event: 91.235 Loaded shared library \curseforge\minecraft\Instances\CSMP 4\mods\mcef-libraries\windows_amd64\libcef.dll
Event: 91.237 Loaded shared library \curseforge\minecraft\Instances\CSMP 4\mods\mcef-libraries\windows_amd64\jcef.dll

Deoptimization events (20 events):
Event: 211.354 Thread 0x0000023b9cc49200 DEOPT PACKING pc=0x0000023bab0f9c8c sp=0x0000009bec4fd100
Event: 211.354 Thread 0x0000023b9cc49200 DEOPT UNPACKING pc=0x0000023ba78769a3 sp=0x0000009bec4fd040 mode 2
Event: 211.477 Thread 0x0000023b9cc49200 DEOPT PACKING pc=0x0000023ba579bfc3 sp=0x0000009bec4fccc0
Event: 211.477 Thread 0x0000023b9cc49200 DEOPT UNPACKING pc=0x0000023ba7877143 sp=0x0000009bec4fc1b0 mode 0
Event: 211.482 Thread 0x0000023b9cc49200 Uncommon trap: trap_request=0xffffff45 fr.pc=0x0000023baba12008 relative=0x0000000000000628
Event: 211.482 Thread 0x0000023b9cc49200 Uncommon trap: reason=unstable_if action=reinterpret pc=0x0000023baba12008 method=org.joml.Vector2i.equals(Ljava/lang/Object;)Z @ 8 c2
Event: 211.483 Thread 0x0000023b9cc49200 DEOPT PACKING pc=0x0000023baba12008 sp=0x0000009bec4fcee0
Event: 211.483 Thread 0x0000023b9cc49200 DEOPT UNPACKING pc=0x0000023ba78769a3 sp=0x0000009bec4fcde0 mode 2
Event: 211.483 Thread 0x0000023b9cc49200 Uncommon trap: trap_request=0xffffff45 fr.pc=0x0000023babe07ae8 relative=0x00000000000000c8
Event: 211.483 Thread 0x0000023b9cc49200 Uncommon trap: reason=unstable_if action=reinterpret pc=0x0000023babe07ae8 method=org.joml.Vector2i.equals(Ljava/lang/Object;)Z @ 8 c2
Event: 211.483 Thread 0x0000023b9cc49200 DEOPT PACKING pc=0x0000023babe07ae8 sp=0x0000009bec4fce00
Event: 211.483 Thread 0x0000023b9cc49200 DEOPT UNPACKING pc=0x0000023ba78769a3 sp=0x0000009bec4fcd88 mode 2
Event: 211.483 Thread 0x0000023b9cc49200 Uncommon trap: trap_request=0xffffff45 fr.pc=0x0000023babbbaeec relative=0x00000000000001cc
Event: 211.483 Thread 0x0000023b9cc49200 Uncommon trap: reason=unstable_if action=reinterpret pc=0x0000023babbbaeec method=net.irisshaders.iris.gl.uniform.Vector3Uniform.updateValue()V @ 21 c2
Event: 211.483 Thread 0x0000023b9cc49200 DEOPT PACKING pc=0x0000023babbbaeec sp=0x0000009bec4fcf00
Event: 211.483 Thread 0x0000023b9cc49200 DEOPT UNPACKING pc=0x0000023ba78769a3 sp=0x0000009bec4fcea8 mode 2
Event: 211.531 Thread 0x0000023b9cc49200 Uncommon trap: trap_request=0xffffff45 fr.pc=0x0000023ba9650504 relative=0x0000000000000644
Event: 211.531 Thread 0x0000023b9cc49200 Uncommon trap: reason=unstable_if action=reinterpret pc=0x0000023ba9650504 method=java.math.MutableBigInteger.divideOneWord(ILjava/math/MutableBigInteger;)I @ 240 c2
Event: 211.531 Thread 0x0000023b9cc49200 DEOPT PACKING pc=0x0000023ba9650504 sp=0x0000009bec4fd790
Event: 211.531 Thread 0x0000023b9cc49200 DEOPT UNPACKING pc=0x0000023ba78769a3 sp=0x0000009bec4fd710 mode 2

Classes unloaded (0 events):
No events

Classes redefined (0 events):
No events

Internal exceptions (20 events):
Event: 208.803 Thread 0x0000023b9cc49200 Exception <a 'sun/nio/fs/WindowsException'{0x0000000586c4d720}> (0x0000000586c4d720) 
thrown [s\src\hotspot\share\prims\jni.cpp, line 516]
Event: 208.808 Thread 0x0000023b9cc49200 Exception <a 'sun/nio/fs/WindowsException'{0x0000000586c9a760}> (0x0000000586c9a760) 
thrown [s\src\hotspot\share\prims\jni.cpp, line 516]
Event: 208.810 Thread 0x0000023b9cc49200 Exception <a 'sun/nio/fs/WindowsException'{0x0000000586d0a9b8}> (0x0000000586d0a9b8) 
thrown [s\src\hotspot\share\prims\jni.cpp, line 516]
Event: 208.811 Thread 0x0000023b9cc49200 Exception <a 'sun/nio/fs/WindowsException'{0x0000000586d35b40}> (0x0000000586d35b40) 
thrown [s\src\hotspot\share\prims\jni.cpp, line 516]
Event: 208.812 Thread 0x0000023b9cc49200 Exception <a 'sun/nio/fs/WindowsException'{0x0000000586d5f6c0}> (0x0000000586d5f6c0) 
thrown [s\src\hotspot\share\prims\jni.cpp, line 516]
Event: 208.850 Thread 0x0000023b9cc49200 Exception <a 'sun/nio/fs/WindowsException'{0x00000005866bb990}> (0x00000005866bb990) 
thrown [s\src\hotspot\share\prims\jni.cpp, line 516]
Event: 211.477 Thread 0x0000023b9cc49200 Exception <a 'sun/nio/fs/WindowsException'{0x0000000528732aa8}> (0x0000000528732aa8) 
thrown [s\src\hotspot\share\prims\jni.cpp, line 516]
Event: 211.477 Thread 0x0000023b9cc49200 Exception <a 'sun/nio/fs/WindowsException'{0x0000000528732d00}> (0x0000000528732d00) 
thrown [s\src\hotspot\share\prims\jni.cpp, line 516]
Event: 211.478 Thread 0x0000023b9cc49200 Exception <a 'sun/nio/fs/WindowsException'{0x000000052879c380}> (0x000000052879c380) 
thrown [s\src\hotspot\share\prims\jni.cpp, line 516]
Event: 211.478 Thread 0x0000023b9cc49200 Exception <a 'sun/nio/fs/WindowsException'{0x000000052879c5c0}> (0x000000052879c5c0) 
thrown [s\src\hotspot\share\prims\jni.cpp, line 516]
Event: 211.479 Thread 0x0000023b9cc49200 Exception <a 'sun/nio/fs/WindowsException'{0x00000005287adaa8}> (0x00000005287adaa8) 
thrown [s\src\hotspot\share\prims\jni.cpp, line 516]
Event: 211.479 Thread 0x0000023b9cc49200 Exception <a 'sun/nio/fs/WindowsException'{0x00000005287adce8}> (0x00000005287adce8) 
thrown [s\src\hotspot\share\prims\jni.cpp, line 516]
Event: 211.479 Thread 0x0000023b9cc49200 Exception <a 'sun/nio/fs/WindowsException'{0x00000005287b59c8}> (0x00000005287b59c8) 
thrown [s\src\hotspot\share\prims\jni.cpp, line 516]
Event: 211.479 Thread 0x0000023b9cc49200 Exception <a 'sun/nio/fs/WindowsException'{0x00000005287b5c08}> (0x00000005287b5c08) 
thrown [s\src\hotspot\share\prims\jni.cpp, line 516]
Event: 211.479 Thread 0x0000023b9cc49200 Exception <a 'sun/nio/fs/WindowsException'{0x00000005287d43d0}> (0x00000005287d43d0) 
thrown [s\src\hotspot\share\prims\jni.cpp, line 516]
Event: 211.479 Thread 0x0000023b9cc49200 Exception <a 'sun/nio/fs/WindowsException'{0x00000005287d4610}> (0x00000005287d4610) 
thrown [s\src\hotspot\share\prims\jni.cpp, line 516]
Event: 211.479 Thread 0x0000023b9cc49200 Exception <a 'sun/nio/fs/WindowsException'{0x00000005287dc5f0}> (0x00000005287dc5f0) 
thrown [s\src\hotspot\share\prims\jni.cpp, line 516]
Event: 211.479 Thread 0x0000023b9cc49200 Exception <a 'sun/nio/fs/WindowsException'{0x00000005287dc830}> (0x00000005287dc830) 
thrown [s\src\hotspot\share\prims\jni.cpp, line 516]
Event: 211.482 Thread 0x0000023b9cc49200 Implicit null exception at 0x0000023baba11c00 to 0x0000023baba11fec
Event: 211.483 Thread 0x0000023b9cc49200 Implicit null exception at 0x0000023babe07a60 to 0x0000023babe07ad4

VM Operations (20 events):
Event: 206.961 Executing VM operation: HandshakeAllThreads
Event: 206.961 Executing VM operation: HandshakeAllThreads done
Event: 206.961 Executing VM operation: Cleanup
Event: 206.961 Executing VM operation: Cleanup done
Event: 207.224 Executing VM operation: HandshakeAllThreads
Event: 207.224 Executing VM operation: HandshakeAllThreads done
Event: 207.311 Executing VM operation: ICBufferFull
Event: 207.312 Executing VM operation: ICBufferFull done
Event: 207.365 Executing VM operation: HandshakeAllThreads
Event: 207.366 Executing VM operation: HandshakeAllThreads done
Event: 207.877 Executing VM operation: ICBufferFull
Event: 207.878 Executing VM operation: ICBufferFull done
Event: 208.538 Executing VM operation: HandshakeAllThreads
Event: 208.539 Executing VM operation: HandshakeAllThreads done
Event: 209.539 Executing VM operation: Cleanup
Event: 209.540 Executing VM operation: Cleanup done
Event: 210.540 Executing VM operation: Cleanup
Event: 210.540 Executing VM operation: Cleanup done
Event: 211.540 Executing VM operation: Cleanup
Event: 211.540 Executing VM operation: Cleanup done

Events (20 events):
Event: 211.237 Thread 0x0000023cf5e0b290 Thread exited: 0x0000023cf5e0b290
Event: 211.237 Thread 0x0000023bff3af050 Thread exited: 0x0000023bff3af050
Event: 211.237 Thread 0x0000023be0603820 Thread exited: 0x0000023be0603820
Event: 211.237 Thread 0x0000023bff3b13c0 Thread exited: 0x0000023bff3b13c0
Event: 211.241 Thread 0x0000023cee2b0660 Thread added: 0x0000023cee2b0660
Event: 211.242 Thread 0x0000023cee2af220 Thread added: 0x0000023cee2af220
Event: 211.243 Thread 0x0000023cee2adde0 Thread added: 0x0000023cee2adde0
Event: 211.244 Thread 0x0000023cee2b1080 Thread added: 0x0000023cee2b1080
Event: 211.245 Thread 0x0000023cee2ae2f0 Thread added: 0x0000023cee2ae2f0
Event: 211.246 Thread 0x0000023cee2ae800 Thread added: 0x0000023cee2ae800
Event: 211.246 Thread 0x0000023cee2b0b70 Thread added: 0x0000023cee2b0b70
Event: 211.247 Thread 0x0000023cee2b1590 Thread added: 0x0000023cee2b1590
Event: 211.247 Thread 0x0000023cee2af730 Thread added: 0x0000023cee2af730
Event: 211.248 Thread 0x0000023cf5e08500 Thread added: 0x0000023cf5e08500
Event: 211.406 Thread 0x0000023c1eebe580 Thread added: 0x0000023c1eebe580
Event: 211.406 Thread 0x0000023c1eebe580 Thread exited: 0x0000023c1eebe580
Event: 211.406 Thread 0x0000023c1eebe580 Thread added: 0x0000023c1eebe580
Event: 211.406 Thread 0x0000023c1eebe580 Thread exited: 0x0000023c1eebe580
Event: 211.570 Thread 0x0000023bf08815f0 Thread added: 0x0000023bf08815f0
Event: 211.570 Thread 0x0000023bf08815f0 Thread exited: 0x0000023bf08815f0


Dynamic libraries:
0x00007ff78cbf0000 - 0x00007ff78cbfe000 	\curseforge\minecraft\Install\runtime\java-runtime-gamma\windows-x64\java-runtime-gamma\bin\javaw.exe
0x00007ff82d350000 - 0x00007ff82d567000 	C:\Windows\SYSTEM32\ntdll.dll
0x00007ff82b390000 - 0x00007ff82b454000 	C:\Windows\System32\KERNEL32.DLL
0x00007ff82ac90000 - 0x00007ff82b04a000 	C:\Windows\System32\KERNELBASE.dll
0x00007ff82a7c0000 - 0x00007ff82a8d1000 	C:\Windows\System32\ucrtbase.dll
0x00007ff824b90000 - 0x00007ff824bab000 	\curseforge\minecraft\Install\runtime\java-runtime-gamma\windows-x64\java-runtime-gamma\bin\VCRUNTIME140.dll
0x00007ff824b70000 - 0x00007ff824b87000 	\curseforge\minecraft\Install\runtime\java-runtime-gamma\windows-x64\java-runtime-gamma\bin\jli.dll
0x00007ff82cf00000 - 0x00007ff82d0ae000 	C:\Windows\System32\USER32.dll
0x00007ff82ac60000 - 0x00007ff82ac86000 	C:\Windows\System32\win32u.dll
0x00007ff81e540000 - 0x00007ff81e7d2000 	C:\Windows\WinSxS\amd64_microsoft.windows.common-controls_6595b64144ccf1df_6.0.22621.4541_none_2710d1c57384c085\COMCTL32.dll
0x00007ff82b560000 - 0x00007ff82b589000 	C:\Windows\System32\GDI32.dll
0x00007ff82cc10000 - 0x00007ff82ccb7000 	C:\Windows\System32\msvcrt.dll
0x00007ff82a620000 - 0x00007ff82a73b000 	C:\Windows\System32\gdi32full.dll
0x00007ff82a8e0000 - 0x00007ff82a97a000 	C:\Windows\System32\msvcp_win.dll
0x00007ff82c880000 - 0x00007ff82c8b1000 	C:\Windows\System32\IMM32.DLL
0x00007ff825830000 - 0x00007ff82583c000 	\curseforge\minecraft\Install\runtime\java-runtime-gamma\windows-x64\java-runtime-gamma\bin\vcruntime140_1.dll
0x00007ff805440000 - 0x00007ff8054cd000 	\curseforge\minecraft\Install\runtime\java-runtime-gamma\windows-x64\java-runtime-gamma\bin\msvcp140.dll
0x00007fff61d00000 - 0x00007fff62965000 	\curseforge\minecraft\Install\runtime\java-runtime-gamma\windows-x64\java-runtime-gamma\bin\server\jvm.dll
0x00007ff82cb40000 - 0x00007ff82cbf2000 	C:\Windows\System32\ADVAPI32.dll
0x00007ff82ce50000 - 0x00007ff82cef7000 	C:\Windows\System32\sechost.dll
0x00007ff82aac0000 - 0x00007ff82aae8000 	C:\Windows\System32\bcrypt.dll
0x00007ff82cd30000 - 0x00007ff82ce44000 	C:\Windows\System32\RPCRT4.dll
0x00007ff806290000 - 0x00007ff806299000 	C:\Windows\SYSTEM32\WSOCK32.dll
0x00007ff8294b0000 - 0x00007ff8294fd000 	C:\Windows\SYSTEM32\POWRPROF.dll
0x00007ff824500000 - 0x00007ff824534000 	C:\Windows\SYSTEM32\WINMM.dll
0x00007ff82c8c0000 - 0x00007ff82c931000 	C:\Windows\System32\WS2_32.dll
0x00007ff8234b0000 - 0x00007ff8234ba000 	C:\Windows\SYSTEM32\VERSION.dll
0x00007ff829490000 - 0x00007ff8294a3000 	C:\Windows\SYSTEM32\UMPDC.dll
0x00007ff829750000 - 0x00007ff829768000 	C:\Windows\SYSTEM32\kernel.appcore.dll
0x00007ff824b60000 - 0x00007ff824b6a000 	\curseforge\minecraft\Install\runtime\java-runtime-gamma\windows-x64\java-runtime-gamma\bin\jimage.dll
0x00007ff827c80000 - 0x00007ff827eb2000 	C:\Windows\SYSTEM32\DBGHELP.DLL
0x00007ff82ba70000 - 0x00007ff82bdff000 	C:\Windows\System32\combase.dll
0x00007ff82c940000 - 0x00007ff82ca17000 	C:\Windows\System32\OLEAUT32.dll
0x00007ff81a1b0000 - 0x00007ff81a1e2000 	C:\Windows\SYSTEM32\dbgcore.DLL
0x00007ff82a740000 - 0x00007ff82a7bb000 	C:\Windows\System32\bcryptPrimitives.dll
0x00007ff824310000 - 0x00007ff824335000 	\curseforge\minecraft\Install\runtime\java-runtime-gamma\windows-x64\java-runtime-gamma\bin\java.dll
0x00007ff81f090000 - 0x00007ff81f0a8000 	\curseforge\minecraft\Install\runtime\java-runtime-gamma\windows-x64\java-runtime-gamma\bin\zip.dll
0x00007ff805360000 - 0x00007ff805437000 	\curseforge\minecraft\Install\runtime\java-runtime-gamma\windows-x64\java-runtime-gamma\bin\jsvml.dll
0x00007ff82be00000 - 0x00007ff82c678000 	C:\Windows\System32\SHELL32.dll
0x00007ff828570000 - 0x00007ff828e78000 	C:\Windows\SYSTEM32\windows.storage.dll
0x00007ff828430000 - 0x00007ff82856f000 	C:\Windows\SYSTEM32\wintypes.dll
0x00007ff82ca40000 - 0x00007ff82cb3a000 	C:\Windows\System32\SHCORE.dll
0x00007ff82ba10000 - 0x00007ff82ba6e000 	C:\Windows\System32\shlwapi.dll
0x00007ff82a550000 - 0x00007ff82a57b000 	C:\Windows\SYSTEM32\profapi.dll
0x00007ff81f070000 - 0x00007ff81f089000 	\curseforge\minecraft\Install\runtime\java-runtime-gamma\windows-x64\java-runtime-gamma\bin\net.dll
0x00007ff825bf0000 - 0x00007ff825d26000 	C:\Windows\SYSTEM32\WINHTTP.dll
0x00007ff829bd0000 - 0x00007ff829c39000 	C:\Windows\system32\mswsock.dll
0x00007ff813020000 - 0x00007ff813036000 	\curseforge\minecraft\Install\runtime\java-runtime-gamma\windows-x64\java-runtime-gamma\bin\nio.dll
0x00007ff8244d0000 - 0x00007ff8244e0000 	\curseforge\minecraft\Install\runtime\java-runtime-gamma\windows-x64\java-runtime-gamma\bin\verify.dll
0x00007ff81e9a0000 - 0x00007ff81e9a9000 	\curseforge\minecraft\Install\runtime\java-runtime-gamma\windows-x64\java-runtime-gamma\bin\management.dll
0x00007ff819830000 - 0x00007ff81983b000 	\curseforge\minecraft\Install\runtime\java-runtime-gamma\windows-x64\java-runtime-gamma\bin\management_ext.dll
0x00007ff82ccc0000 - 0x00007ff82ccc8000 	C:\Windows\System32\PSAPI.DLL
0x00007ff80df40000 - 0x00007ff80df57000 	C:\Windows\system32\napinsp.dll
0x00007fffc7e30000 - 0x00007fffc7e4b000 	C:\Windows\system32\pnrpnsp.dll
0x00007ff8291c0000 - 0x00007ff8292c2000 	C:\Windows\SYSTEM32\DNSAPI.dll
0x00007ff829150000 - 0x00007ff82917d000 	C:\Windows\SYSTEM32\IPHLPAPI.DLL
0x00007ff82cc00000 - 0x00007ff82cc09000 	C:\Windows\System32\NSI.dll
0x00007fffb5a30000 - 0x00007fffb5a41000 	C:\Windows\System32\winrnr.dll
0x00007ffff92b0000 - 0x00007ffff92c5000 	C:\Windows\system32\wshbth.dll
0x00007fffdb840000 - 0x00007fffdb867000 	C:\Windows\system32\nlansp_c.dll
0x00007ff823510000 - 0x00007ff82351a000 	C:\Windows\System32\rasadhlp.dll
0x00007ff824230000 - 0x00007ff8242b3000 	C:\Windows\System32\fwpuclnt.dll
0x00007ff812da0000 - 0x00007ff812e15000 	\curseforge\minecraft\Install\bin\2567d7e973f5d76f3d773bd5df2b62bb43bb5d0a\lwjgl.dll
0x00007ff8052f0000 - 0x00007ff805351000 	\curseforge\minecraft\Install\bin\2567d7e973f5d76f3d773bd5df2b62bb43bb5d0a\glfw.dll
0x00007fffb5a50000 - 0x00007fffb5a96000 	C:\Windows\SYSTEM32\dinput8.dll
0x00007ff804fc0000 - 0x00007ff804fd1000 	C:\Windows\SYSTEM32\xinput1_4.dll
0x00007ff82a310000 - 0x00007ff82a35e000 	C:\Windows\SYSTEM32\cfgmgr32.dll
0x00007ff82a2e0000 - 0x00007ff82a30c000 	C:\Windows\SYSTEM32\DEVOBJ.dll
0x00007ff826d70000 - 0x00007ff826d9b000 	C:\Windows\SYSTEM32\dwmapi.dll
0x00007ff8122e0000 - 0x00007ff8124f4000 	C:\Windows\SYSTEM32\inputhost.dll
0x00007ff8258e0000 - 0x00007ff825a13000 	C:\Windows\SYSTEM32\CoreMessaging.dll
0x00007ff826be0000 - 0x00007ff826c91000 	C:\Windows\system32\uxtheme.dll
0x00007ff829e40000 - 0x00007ff829e4c000 	C:\Windows\SYSTEM32\CRYPTBASE.DLL
0x00007ff82c690000 - 0x00007ff82c7f1000 	C:\Windows\System32\MSCTF.dll
0x00007ffff6f10000 - 0x00007ffff7010000 	C:\Windows\SYSTEM32\opengl32.dll
0x00007ffff77c0000 - 0x00007ffff77ed000 	C:\Windows\SYSTEM32\GLU32.dll
0x00007ff827020000 - 0x00007ff827057000 	C:\Windows\SYSTEM32\dxcore.dll
0x00007ff82d0b0000 - 0x00007ff82d160000 	C:\Windows\System32\clbcatq.dll
0x00007fff6bbb0000 - 0x00007fff6e1e8000 	C:\Windows\System32\DriverStore\FileRepository\nv_dispi.inf_amd64_9425e4c3b1ac1c47\nvoglv64.dll
0x00007ff82b590000 - 0x00007ff82ba04000 	C:\Windows\System32\SETUPAPI.dll
0x00007ff82d160000 - 0x00007ff82d305000 	C:\Windows\System32\ole32.dll
0x00007ff829500000 - 0x00007ff829514000 	C:\Windows\SYSTEM32\WTSAPI32.dll
0x00007ff829e80000 - 0x00007ff829e92000 	C:\Windows\SYSTEM32\msasn1.dll
0x00007ff823470000 - 0x00007ff8234a2000 	C:\Windows\SYSTEM32\cryptnet.dll
0x00007ff82aaf0000 - 0x00007ff82ac56000 	C:\Windows\System32\CRYPT32.dll
0x00007ff829ef0000 - 0x00007ff829f3c000 	C:\Windows\SYSTEM32\wldp.dll
0x00007ff822520000 - 0x00007ff822682000 	C:\Windows\SYSTEM32\drvstore.dll
0x00007ff82aa40000 - 0x00007ff82aab2000 	C:\Windows\System32\WINTRUST.dll
0x00007ff829860000 - 0x00007ff829894000 	C:\Windows\SYSTEM32\ntmarta.dll
0x00007ff82b460000 - 0x00007ff82b47f000 	C:\Windows\System32\imagehlp.dll
0x00007ff829e20000 - 0x00007ff829e3b000 	C:\Windows\SYSTEM32\CRYPTSP.dll
0x00007ff8296b0000 - 0x00007ff8296e5000 	C:\Windows\system32\rsaenh.dll
0x00007ff81a910000 - 0x00007ff81d620000 	C:\Windows\System32\DriverStore\FileRepository\nv_dispi.inf_amd64_9425e4c3b1ac1c47\nvgpucomp64.dll
0x00007ff801690000 - 0x00007ff80198b000 	C:\Windows\system32\nvspcap64.dll
0x00007ff8290d0000 - 0x00007ff829136000 	C:\Windows\SYSTEM32\WINSTA.dll
0x00007ff805090000 - 0x00007ff8052e9000 	\curseforge\minecraft\Install\bin\2567d7e973f5d76f3d773bd5df2b62bb43bb5d0a\jemalloc.dll
0x00007ff81a7c0000 - 0x00007ff81a905000 	C:\Windows\SYSTEM32\textinputframework.dll
0x00007ff80a390000 - 0x00007ff80a3ed000 	\curseforge\minecraft\Install\bin\2567d7e973f5d76f3d773bd5df2b62bb43bb5d0a\lwjgl_opengl.dll
0x00007ff804e50000 - 0x00007ff804ed1000 	\curseforge\minecraft\Install\bin\2567d7e973f5d76f3d773bd5df2b62bb43bb5d0a\lwjgl_stb.dll
0x00007ff829cc0000 - 0x00007ff829ce8000 	C:\Windows\SYSTEM32\USERENV.dll
0x00007ff826330000 - 0x00007ff826349000 	C:\Windows\SYSTEM32\dhcpcsvc6.DLL
0x00007ff825b90000 - 0x00007ff825baf000 	C:\Windows\SYSTEM32\dhcpcsvc.DLL
0x00007ff808e80000 - 0x00007ff808ec0000 	\curseforge\minecraft\Install\bin\2567d7e973f5d76f3d773bd5df2b62bb43bb5d0a\jna12263195032446857198.dll
0x00007ff81f370000 - 0x00007ff81f38d000 	C:\Windows\SYSTEM32\amsi.dll
0x00007ff81f2e0000 - 0x00007ff81f363000 	C:\ProgramData\Microsoft\Windows Defender\Platform\4.18.24090.11-0\MpOav.dll
0x00007ff823080000 - 0x00007ff8233ed000 	C:\Windows\SYSTEM32\CoreUIComponents.dll
0x00007ff80ddc0000 - 0x00007ff80de10000 	C:\Windows\SYSTEM32\Pdh.dll
0x00007ff800230000 - 0x00007ff800240000 	C:\Windows\System32\perfos.dll
0x00007ff826df0000 - 0x00007ff826e00000 	C:\Windows\SYSTEM32\pfclient.dll
0x00007ff813010000 - 0x00007ff81301e000 	\curseforge\minecraft\Install\runtime\java-runtime-gamma\windows-x64\java-runtime-gamma\bin\sunmscapi.dll
0x00007ff829fe0000 - 0x00007ff82a00d000 	C:\Windows\SYSTEM32\ncrypt.dll
0x00007ff829fa0000 - 0x00007ff829fd7000 	C:\Windows\SYSTEM32\NTASN1.dll
0x00007ff821860000 - 0x00007ff82191c000 	C:\Windows\SYSTEM32\mscms.dll
0x00007ff805db0000 - 0x00007ff805df9000 	C:\Windows\SYSTEM32\icm32.dll
0x00007ff805000000 - 0x00007ff805034000 	\AppData\Local\Temp\watermedia\videolan\libvlc.dll
0x00007ff804030000 - 0x00007ff8042e5000 	\AppData\Local\Temp\watermedia\videolan\libvlccore.dll
0x00007ffff8e50000 - 0x00007ffff8ef2000 	C:\Windows\SYSTEM32\DSOUND.dll
0x00007ffff8d90000 - 0x00007ffff8e41000 	C:\Windows\SYSTEM32\ResampleDmo.DLL
0x00007ff8115e0000 - 0x00007ff811609000 	C:\Windows\SYSTEM32\winmmbase.dll
0x00007fffdc880000 - 0x00007fffdc88b000 	C:\Windows\SYSTEM32\msdmo.dll
0x00007fff79250000 - 0x00007fff7935e000 	\AppData\Local\Temp\watermedia\videolan\plugins\misc\libxml_plugin.dll
0x00007fffdbe70000 - 0x00007fffdc200000 	\AppData\Local\Temp\watermedia\videolan\plugins\access\libaccess_srt_plugin.dll
0x00007fffc7b90000 - 0x00007fffc7e26000 	\AppData\Local\Temp\watermedia\videolan\plugins\access\libdcp_plugin.dll
0x00007ff809ee0000 - 0x00007ff809ef8000 	\AppData\Local\Temp\watermedia\videolan\plugins\access\libfilesystem_plugin.dll
0x00007ff806050000 - 0x00007ff806076000 	\AppData\Local\Temp\watermedia\videolan\plugins\access\libftp_plugin.dll
0x00007ff804d50000 - 0x00007ff804d7d000 	\AppData\Local\Temp\watermedia\videolan\plugins\access\libhttps_plugin.dll
0x00007ff804fe0000 - 0x00007ff804ffa000 	\AppData\Local\Temp\watermedia\videolan\plugins\access\libhttp_plugin.dll
0x00007ff804f50000 - 0x00007ff804f61000 	\AppData\Local\Temp\watermedia\videolan\plugins\access\libimem_plugin.dll

dbghelp: loaded successfully - version: 4.0.5 - missing functions: none
symbol engine: initialized successfully - sym options: 0x614 - pdb path: .;\curseforge\minecraft\Install\runtime\java-runtime-gamma\windows-x64\java-runtime-gamma\bin;C:\Windows\SYSTEM32;C:\Windows\WinSxS\amd64_microsoft.windows.common-controls_6595b64144ccf1df_6.0.22621.4541_none_2710d1c57384c085;\curseforge\minecraft\Install\runtime\java-runtime-gamma\windows-x64\java-runtime-gamma\bin\server;\curseforge\minecraft\Install\bin\2567d7e973f5d76f3d773bd5df2b62bb43bb5d0a;C:\Windows\System32\DriverStore\FileRepository\nv_dispi.inf_amd64_9425e4c3b1ac1c47;C:\ProgramData\Microsoft\Windows Defender\Platform\4.18.24090.11-0;\AppData\Local\Temp\watermedia\videolan;\AppData\Local\Temp\watermedia\videolan\plugins\misc;\AppData\Local\Temp\watermedia\videolan\plugins\access;\AppData\Local\Temp\watermedia\videolan\plugins\audio_filter;\AppData\Local\Temp\watermedia\videolan\plugins\audio_mixer;\AppData\Local\Temp\watermedia\videolan\plugins\audio_output;\AppData\Local\Temp\watermedia\videolan\plugins\codec;\AppData\Local\Temp\watermedia\videolan\plugins\d3d11;\AppData\Local\Temp\watermedia\videolan\plugins\d3d9;\AppData\Local\Temp\watermedia\videolan\plugins\demux;\AppData\Local\Temp\watermedia\videolan\plugins\logger;\AppData\Local\Temp\watermedia\videolan\plugins\lua;\AppData\Local\Temp\watermedia\videolan\plugins\mux;\AppData\Local\Temp\watermedia\videolan\plugins\packetizer;\AppData\Local\Temp\watermedia\videolan\plugins\spu;\AppData\Local\Temp\watermedia\videolan\plugins\stream_filter;\AppData\Local\Temp\watermedia\videolan\plugins\video_chroma;\AppData\Local\Temp\watermedia\videolan\plugins\video_filter;\AppData\Local\Temp\watermedia\videolan\plugins\video_output;C:\Windows\System32\Speech\Common;\AppData\Local\Temp\opus4j-425b9c66b27e08f7e8fc45c7a6f2c641;\curseforge\minecraft\Instances\CSMP 4\mods\mcef-libraries\windows_amd64

VM Arguments:
jvm_args: -XX:HeapDumpPath=MojangTricksIntelDriversForPerformance_javaw.exe_minecraft.exe.heapdump -Xss1M -Djava.library.path=\curseforge\minecraft\Install\bin\2567d7e973f5d76f3d773bd5df2b62bb43bb5d0a -Djna.tmpdir=\curseforge\minecraft\Install\bin\2567d7e973f5d76f3d773bd5df2b62bb43bb5d0a -Dorg.lwjgl.system.SharedLibraryExtractPath=\curseforge\minecraft\Install\bin\2567d7e973f5d76f3d773bd5df2b62bb43bb5d0a -Dio.netty.native.workdir=\curseforge\minecraft\Install\bin\2567d7e973f5d76f3d773bd5df2b62bb43bb5d0a -Dminecraft.launcher.brand=minecraft-launcher -Dminecraft.launcher.version=3.6.2 -Djava.net.preferIPv6Addresses=system -DignoreList=bootstraplauncher,securejarhandler,asm-commons,asm-util,asm-analysis,asm-tree,asm,JarJarFileSystems,client-extra,fmlcore,javafmllanguage,lowcodelanguage,mclanguage,forge-,forge-47.3.12.jar,forge-47.3.12 -DmergeModules=jna-5.10.0.jar,jna-platform-5.10.0.jar -DlibraryDirectory=\curseforge\minecraft\Install\libraries --module-path=\curseforge\minecraft\Install\libraries/cpw/mods/bootstraplauncher/1.1.2/bootstraplauncher-1.1.2.jar;\curseforge\minecraft\Install\libraries/cpw/mods/securejarhandler/2.1.10/securejarhandler-2.1.10.jar;\curseforge\minecraft\Install\libraries/org/ow2/asm/asm-commons/9.7.1/asm-commons-9.7.1.jar;\curseforge\minecraft\Install\libraries/org/ow2/asm/asm-util/9.7.1/asm-util-9.7.1.jar;\curseforge\minecraft\Install\libraries/org/ow2/asm/asm-analysis/9.7.1/asm-analysis-9.7.1.jar;\curseforge\minecraft\Install\libraries/org/ow2/asm/asm-tree/9.7.1/asm-tree-9.7.1.jar;\curseforge\minecraft\Install\libraries/org/ow2/asm/asm/9.7.1/asm-9.7.1.jar;\curseforge\minecraft\Install\libraries/net/minecraftforge/JarJarFileSystems/0.3.19/JarJarFileSystems-0.3.19.jar --add-modules=ALL-MODULE-PATH --add-opens=java.base/java.util.jar=cpw.mods.securejarhandler --add-opens=java.base/java.lang.invoke=cpw.mods.securejarhandler --add-exports=java.base/sun.security.util=cpw.mods.securejarhandler --add-exports=jdk.naming.dns/com.sun.jndi.dns=java.naming -Xmx16384m -Xms256m -Dminecraft.applet.TargetDirectory=\curseforge\minecraft\Instances\CSMP 4 -Dfml.ignorePatchDiscrepancies=true -Dfml.ignoreInvalidMinecraftCertificates=true -Duser.language=en -Duser.country=US -DlibraryDirectory=\curseforge\minecraft\Install\libraries -Dlog4j.configurationFile=\curseforge\minecraft\Install\assets\log_configs\client-1.12.xml 
java_command: cpw.mods.bootstraplauncher.BootstrapLauncher --username Caiki --version forge-47.3.12 --gameDir \curseforge\minecraft\Instances\CSMP 4 --assetsDir \curseforge\minecraft\Install\assets --assetIndex 5 --uuid 2bdc9bafa3d6459583d95656b291e8fd -LZQ2f3iA5y8yx3g_zdhz0QbPssFBNH2nIdBwgo --clientId MDIxMGVjZGEtMTg0OS00YmI5LWEzYzQtODU4MjJlYTYzYTUz --xuid 2535410982947856 --userType msa --versionType release --width 1024 --height 768 --quickPlayPath \curseforge\minecraft\Install\quickPlay\java\1735666831529.json --launchTarget forgeclient --fml.forgeVersion 47.3.12 --fml.mcVersion 1.20.1 --fml.forgeGroup net.minecraftforge --fml.mcpVersion 20230612.114412
java_class_path (initial): \curseforge\minecraft\Install\libraries\cpw\mods\securejarhandler\2.1.10\securejarhandler-2.1.10.jar;\curseforge\minecraft\Install\libraries\org\ow2\asm\asm\9.7.1\asm-9.7.1.jar;\curseforge\minecraft\Install\libraries\org\ow2\asm\asm-commons\9.7.1\asm-commons-9.7.1.jar;\curseforge\minecraft\Install\libraries\org\ow2\asm\asm-tree\9.7.1\asm-tree-9.7.1.jar;\curseforge\minecraft\Install\libraries\org\ow2\asm\asm-util\9.7.1\asm-util-9.7.1.jar;\curseforge\minecraft\Install\libraries\org\ow2\asm\asm-analysis\9.7.1\asm-analysis-9.7.1.jar;\curseforge\minecraft\Install\libraries\net\minecraftforge\accesstransformers\8.0.4\accesstransformers-8.0.4.jar;\curseforge\minecraft\Install\libraries\org\antlr\antlr4-runtime\4.9.1\antlr4-runtime-4.9.1.jar;\curseforge\minecraft\Install\libraries\net\minecraftforge\eventbus\6.0.5\eventbus-6.0.5.jar;\curseforge\minecraft\Install\libraries\net\minecraftforge\forgespi\7.0.1\forgespi-7.0.1.jar;\curseforge\minecraft\Install\libraries\net\minecraftforge\coremods\5.2.1\coremods-5.2.1.jar;\curseforge\minecraft\Install\libraries\cpw\mods\modlauncher\10.0.9\modlauncher-10.0.9.jar;\curseforge\minecraft\Install\libraries\net\minecraftforge\unsafe\0.2.0\unsafe-0.2.0.jar;\curseforge\minecraft\Install\libraries\net\minecraftforge\mergetool\1.1.5\mergetool-1.1.5-api.jar;\curseforge\minecraft\Install\libraries\com\electronwill\night-config\core\3.6.4\core-3.6.4.jar;\curseforge\minecraft\Install\libraries\com\electronwill\night-config\toml\3.6.4\toml-3.6.4.jar;\curseforge\minecraft\Install\libraries\org\apache\maven\maven-artifact\3.8.5\maven-artifact-3.8.5.jar;\curseforge\minecraft\Install\libraries\net\jodah\typetools\0.6.3\typetools-0.6.3.jar;\curseforge\minecraft\
Launcher Type: SUN_STANDARD

[Global flags]
     intx CICompilerCount                          = 12                                        {product} {ergonomic}
     uint ConcGCThreads                            = 4                                         {product} {ergonomic}
     uint G1ConcRefinementThreads                  = 15                                        {product} {ergonomic}
   size_t G1HeapRegionSize                         = 8388608                                   {product} {ergonomic}
    uintx GCDrainStackTargetSize                   = 64                                        {product} {ergonomic}
    ccstr HeapDumpPath                             = MojangTricksIntelDriversForPerformance_javaw.exe_minecraft.exe.heapdump         {manageable} {command line}
   size_t InitialHeapSize                          = 268435456                                 {product} {command line}
   size_t MarkStackSize                            = 4194304                                   {product} {ergonomic}
   size_t MaxHeapSize                              = 17179869184                               {product} {command line}
   size_t MaxNewSize                               = 10301210624                               {product} {ergonomic}
   size_t MinHeapDeltaBytes                        = 8388608                                   {product} {ergonomic}
   size_t MinHeapSize                              = 268435456                                 {product} {command line}
    uintx NonNMethodCodeHeapSize                   = 7602480                                {pd product} {ergonomic}
    uintx NonProfiledCodeHeapSize                  = 122027880                              {pd product} {ergonomic}
    uintx ProfiledCodeHeapSize                     = 122027880                              {pd product} {ergonomic}
    uintx ReservedCodeCacheSize                    = 251658240                              {pd product} {ergonomic}
     bool SegmentedCodeCache                       = true                                      {product} {ergonomic}
   size_t SoftMaxHeapSize                          = 17179869184                            {manageable} {ergonomic}
     intx ThreadStackSize                          = 1024                                   {pd product} {command line}
     bool UseCompressedClassPointers               = true                           {product lp64_product} {ergonomic}
     bool UseCompressedOops                        = true                           {product lp64_product} {ergonomic}
     bool UseG1GC                                  = true                                      {product} {ergonomic}
     bool UseLargePagesIndividualAllocation        = false                                  {pd product} {ergonomic}

Logging:
Log output configuration:
 #0: stdout all=warning uptime,level,tags
 #1: stderr all=off uptime,level,tags

Environment Variables:
PATH=C:\Program Files\Common Files\Oracle\Java\javapath;C:\Windows\system32;C:\Windows;C:\Windows\System32\Wbem;C:\Windows\System32\WindowsPowerShell\v1.0\;C:\Windows\System32\OpenSSH\;C:\Program Files (x86)\NVIDIA Corporation\PhysX\Common;C:\Program Files\Git\cmd;C:\Program Files\nodejs\;C:\Program Files\Git LFS;C:\Program Files\dotnet\;C:\Program Files\NVIDIA Corporation\NVIDIA app\NvDLISR;C:\Program Files\apache-maven\bin;\AppData\Local\Programs\Python\Python312\Scripts\;\AppData\Local\Programs\Python\Python312\;\AppData\Local\Microsoft\WindowsApps;\AppData\Local\Programs\Microsoft VS Code\bin;\AppData\Local\GitHubDesktop\bin;\AppData\Roaming\npm;\AppData\Local\Microsoft\WinGet\Packages\Microsoft.devtunnel_Microsoft.Winget.Source_8wekyb3d8bbwe;;C:\Program Files\JetBrains\IntelliJ IDEA Community Edition 2024.3\bin;
USERNAME=%USERPROFILE%
OS=Windows_NT
PROCESSOR_IDENTIFIER=Intel64 Family 6 Model 165 Stepping 5, GenuineIntel
TMP=<TMP>
TEMP=<TEMP>



---------------  S Y S T E M  ---------------

OS:
 Windows 11 , 64 bit Build 22621 (10.0.22621.4391)
OS uptime: 0 days 0:42 hours

CPU: total 20 (initial active 20) (10 cores per cpu, 2 threads per core) family 6 model 165 stepping 5 microcode 0xf4, cx8, cmov, fxsr, ht, mmx, 3dnowpref, sse, sse2, sse3, ssse3, sse4.1, sse4.2, popcnt, lzcnt, tsc, tscinvbit, avx, avx2, aes, erms, clmul, bmi1, bmi2, adx, fma, vzeroupper, clflush, clflushopt
Processor Information for all 20 processors :
  Max Mhz: 2808, Current Mhz: 2808, Mhz Limit: 2808

Memory: 4k page, system-wide physical 32592M (12178M free)
TotalPageFile size 34640M (AvailPageFile size 5158M)
current process WorkingSet (physical memory assigned to process): 11104M, peak: 11206M
current process commit charge ("private bytes"): 15266M, peak: 15425M

vm_info: OpenJDK 64-Bit Server VM (17.0.8+7-LTS) for windows-amd64 JRE (17.0.8+7-LTS), built on Jul  7 2023 17:21:55 by "MicrosoftCorporation" with MS VC++ 16.10 / 16.11 (VS2019)

END.
