#
# A fatal error has been detected by the Java Runtime Environment:
#
#  EXCEPTION_ACCESS_VIOLATION (0xc0000005) at pc=0x000002d158c1eec3, pid=14704, tid=20708
#
# JRE version: OpenJDK Runtime Environment Microsoft-8035246 (17.0.8+7) (build 17.0.8+7-LTS)
# Java VM: OpenJDK 64-Bit Server VM Microsoft-8035246 (17.0.8+7-LTS, mixed mode, tiered, compressed oops, compressed class ptrs, g1 gc, windows-amd64)
# Problematic frame:
# J 62933 c2 top.leonx.irisflw.vertex.block.ExtendedBlockWriterUnsafe.writeVertex(Lcom/jozufozu/flywheel/api/vertex/VertexList;I)V irisflw@1.1.4 (525 bytes) @ 0x000002d158c1eec3 [0x000002d158c1ede0+0x00000000000000e3]
#
# No core dump will be written. Minidumps are not enabled by default on client versions of Windows
#
# If you would like to submit a bug report, please visit:
#   https://aka.ms/minecraftjavacrashes
#

---------------  S U M M A R Y ------------

Command Line: -XX:HeapDumpPath=MojangTricksIntelDriversForPerformance_javaw.exe_minecraft.exe.heapdump -Xss1M -Djava.library.path=\curseforge\minecraft\Install\bin\2567d7e973f5d76f3d773bd5df2b62bb43bb5d0a -Djna.tmpdir=\curseforge\minecraft\Install\bin\2567d7e973f5d76f3d773bd5df2b62bb43bb5d0a -Dorg.lwjgl.system.SharedLibraryExtractPath=\curseforge\minecraft\Install\bin\2567d7e973f5d76f3d773bd5df2b62bb43bb5d0a -Dio.netty.native.workdir=\curseforge\minecraft\Install\bin\2567d7e973f5d76f3d773bd5df2b62bb43bb5d0a -Dminecraft.launcher.brand=minecraft-launcher -Dminecraft.launcher.version=3.6.2 -Djava.net.preferIPv6Addresses=system -DignoreList=bootstraplauncher,securejarhandler,asm-commons,asm-util,asm-analysis,asm-tree,asm,JarJarFileSystems,client-extra,fmlcore,javafmllanguage,lowcodelanguage,mclanguage,forge-,forge-47.3.12.jar,forge-47.3.12 -DmergeModules=jna-5.10.0.jar,jna-platform-5.10.0.jar -DlibraryDirectory=\curseforge\minecraft\Install\libraries --module-path=\curseforge\minecraft\Install\libraries/cpw/mods/bootstraplauncher/1.1.2/bootstraplauncher-1.1.2.jar;\curseforge\minecraft\Install\libraries/cpw/mods/securejarhandler/2.1.10/securejarhandler-2.1.10.jar;\curseforge\minecraft\Install\libraries/org/ow2/asm/asm-commons/9.7.1/asm-commons-9.7.1.jar;\curseforge\minecraft\Install\libraries/org/ow2/asm/asm-util/9.7.1/asm-util-9.7.1.jar;\curseforge\minecraft\Install\libraries/org/ow2/asm/asm-analysis/9.7.1/asm-analysis-9.7.1.jar;\curseforge\minecraft\Install\libraries/org/ow2/asm/asm-tree/9.7.1/asm-tree-9.7.1.jar;\curseforge\minecraft\Install\libraries/org/ow2/asm/asm/9.7.1/asm-9.7.1.jar;\curseforge\minecraft\Install\libraries/net/minecraftforge/JarJarFileSystems/0.3.19/JarJarFileSystems-0.3.19.jar --add-modules=ALL-MODULE-PATH --add-opens=java.base/java.util.jar=cpw.mods.securejarhandler --add-opens=java.base/java.lang.invoke=cpw.mods.securejarhandler --add-exports=java.base/sun.security.util=cpw.mods.securejarhandler --add-exports=jdk.naming.dns/com.sun.jndi.dns=java.naming -Xmx16384m -Xms256m -Dminecraft.applet.TargetDirectory=\curseforge\minecraft\Instances\CSMP 4 -Dfml.ignorePatchDiscrepancies=true -Dfml.ignoreInvalidMinecraftCertificates=true -Duser.language=en -Duser.country=US -DlibraryDirectory=\curseforge\minecraft\Install\libraries -Dlog4j.configurationFile=\curseforge\minecraft\Install\assets\log_configs\client-1.12.xml cpw.mods.bootstraplauncher.BootstrapLauncher --username Caiki --version forge-47.3.12 --gameDir \curseforge\minecraft\Instances\CSMP 4 --assetsDir \curseforge\minecraft\Install\assets --assetIndex 5 --uuid 2bdc9bafa3d6459583d95656b291e8fd -LZQ2f3iA5y8yx3g_zdhz0QbPssFBNH2nIdBwgo --clientId MDIxMGVjZGEtMTg0OS00YmI5LWEzYzQtODU4MjJlYTYzYTUz --xuid 2535410982947856 --userType msa --versionType release --width 1024 --height 768 --quickPlayPath \curseforge\minecraft\Install\quickPlay\java\1735666387525.json --launchTarget forgeclient --fml.forgeVersion 47.3.12 --fml.mcVersion 1.20.1 --fml.forgeGroup net.minecraftforge --fml.mcpVersion 20230612.114412

Host: Intel(R) Core(TM) i9-10900 CPU @ 2.80GHz, 20 cores, 31G,  Windows 11 , 64 bit Build 22621 (10.0.22621.4391)
Time: Tue Dec 31 14:40:20 2024 Hora oficial do Brasil elapsed time: 432.511818 seconds (0d 0h 7m 12s)

---------------  T H R E A D  ---------------

Current thread (0x000002d14a539e80):  JavaThread "Render thread" [_thread_in_Java, id=20708, stack(0x000000e17af00000,0x000000e17b000000)]

Stack: [0x000000e17af00000,0x000000e17b000000],  sp=0x000000e17affd450,  free space=1013k
Native frames: (J=compiled Java code, j=interpreted, Vv=VM code, C=native code)
C  0x000002d158c1eec3


siginfo: EXCEPTION_ACCESS_VIOLATION (0xc0000005), reading address 0x000002d1e42a300e


Register to memory mapping:

RIP=0x000002d158c1eec3 is at entry_point+227 in (nmethod*)0x000002d158c1eb90
RAX=3025222240 is a compressed pointer to object: [I 
{0x00000005a289d300} - klass: {type array int}
 - length: 10
RBX=0x000002d1e42a2ff0 points into unknown readable memory: 0x000000000000000a | 0a 00 00 00 00 00 00 00
RCX=0x0000000000000009 is an unknown value
RDX=0x00000005a2909538 is an oop: top.leonx.irisflw.vertex.block.ExtendedBlockWriterUnsafe 
{0x00000005a2909538} - klass: 'top/leonx/irisflw/vertex/block/ExtendedBlockWriterUnsafe'
 - ---- fields (total size 5 words):
 - private 'totalVertices' 'I' @12  236 (ec)
 - protected 'ptr' 'J' @16  3101706219568 (2c18f030 2d2)
 - private 'writeVertex' 'I' @24  236 (ec)
 - public final 'type' 'Lcom/jozufozu/flywheel/api/vertex/VertexType;' @28  a 'top/leonx/irisflw/vertex/block/ExtendedBlockVertex'{0x00000004550362f0} (8aa06c5e)
 - protected final 'buffer' 'Ljava/nio/ByteBuffer;' @32  a 'java/nio/DirectByteBuffer'{0x00000005a29094d0} (b452129a)
RSP=0x000000e17affd450 is pointing into the stack for thread: 0x000002d14a539e80
RBP=0x000000e17affd540 is pointing into the stack for thread: 0x000002d14a539e80
RSI=0x000000007d8abba9 is an unknown value
RDI=0x000002d22c18effc points into unknown readable memory: 43 6f 6f 72
R8 =3025222224 is a compressed pointer to object: top.leonx.irisflw.vertex.IrisBlockVertexReaderImpl 
{0x00000005a289d280} - klass: 'top/leonx/irisflw/vertex/IrisBlockVertexReaderImpl'
 - ---- fields (total size 5 words):
 - protected final 'vertexCount' 'I' @12  344 (158)
 - protected final 'base' 'J' @16  3100499378176 (e42a0000 2d1)
 - protected final 'contents' 'Ljava/nio/ByteBuffer;' @24  a 'java/nio/DirectByteBuffer'{0x00000005a289d2a8} (b4513a55)
 - private final 'vertexSize' 'I' @28  52 (34)
 - private final 'offsets' 'Lit/unimi/dsi/fastutil/ints/IntList;' @32  a 'it/unimi/dsi/fastutil/ints/IntArrayList'{0x00000005a289d2e8} (b4513a5d)
R9 =0x000002d1e42a2ff0 points into unknown readable memory: 0x000000000000000a | 0a 00 00 00 00 00 00 00
R10=0x000000000000001c is an unknown value
R11=0x000002d1e42a300c is an unknown value
R12=0x0 is NULL
R13=0x00000005a289d2e8 is an oop: it.unimi.dsi.fastutil.ints.IntArrayList 
{0x00000005a289d2e8} - klass: 'it/unimi/dsi/fastutil/ints/IntArrayList'
 - ---- fields (total size 3 words):
 - protected 'size' 'I' @12  9
 - protected transient 'a' '[I' @16  [I{0x00000005a289d300} (b4513a60)
R14=0x0000000806811000 is a pointer to class: 
top.leonx.irisflw.vertex.block.ExtendedBlockWriterUnsafe {0x0000000806811008}
 - instance size:     5
 - klass size:        77
 - access:            public synchronized 
 - state:             fully_initialized
 - name:              'top/leonx/irisflw/vertex/block/ExtendedBlockWriterUnsafe'
 - super:             'com/jozufozu/flywheel/core/vertex/BlockWriterUnsafe'
 - sub:               
 - arrays:            NULL
 - methods:           Array<T>(0x000002d28b1624b8)
 - method ordering:   Array<T>(0x000002d177000018)
 - default_methods:   Array<T>(0x000002d28b162c08)
 - default vtable indices:   Array<T>(0x000002d28b162c18)
 - local interfaces:  Array<T>(0x000002d177000058)
 - trans. interfaces: Array<T>(0x000002d28b160908)
 - constants:         constant pool [235] {0x000002d28b161cb8} for 'top/leonx/irisflw/vertex/block/ExtendedBlockWriterUnsafe' cache=0x000002d28b27ea68
 - class loader data:  loader data: 0x000002d17efe7b10 for instance a 'cpw/mods/modlauncher/TransformingClassLoader'{0x000000041510f750}
 - source file:       'ExtendedBlockWriterUnsafe.java'
 - class annotations:       Array<T>(0x0000000000000000)
 - class type annotations:  Array<T>(0x0000000000000000)
 - field annotations:       Array<T>(0x0000000000000000)
 - field type annotations:  Array<T>(0x0000000000000000)
 - inner classes:     Array<T>(0x000002d177000028)
 - nest members:     Array<T>(0x000002d177000028)
 - permitted subclasses:     Array<T>(0x000002d177000028)
 - java mirror:       a 'java/lang/Class'{0x00000004550347f0} = 'top/leonx/irisflw/vertex/block/ExtendedBlockWriterUnsafe'
 - vtable length      11  (start addr: 0x00000008068111c8)
 - itable length      8 (start addr: 0x0000000806811220)
 - ---- static fields (0 words):
 - ---- non-static fields (6 words):
 - private 'totalVertices' 'I' @12 
 - protected 'ptr' 'J' @16 
 - private 'writeVertex' 'I' @24 
 - public final 'type' 'Lcom/jozufozu/flywheel/api/vertex/VertexType;' @28 
 - protected final 'buffer' 'Ljava/nio/ByteBuffer;' @32 
 - non-static oop maps: 28-32 
R15=0x000002d14a539e80 is a thread


Registers:
RAX=0x00000000b4513a60, RBX=0x000002d1e42a2ff0, RCX=0x0000000000000009, RDX=0x00000005a2909538
RSP=0x000000e17affd450, RBP=0x000000e17affd540, RSI=0x000000007d8abba9, RDI=0x000002d22c18effc
R8 =0x00000000b4513a50, R9 =0x000002d1e42a2ff0, R10=0x000000000000001c, R11=0x000002d1e42a300c
R12=0x0000000000000000, R13=0x00000005a289d2e8, R14=0x0000000806811000, R15=0x000002d14a539e80
RIP=0x000002d158c1eec3, EFLAGS=0x0000000000010206

Top of Stack: (sp=0x000000e17affd450)
0x000000e17affd450:   0000000000000000 000000048564dd18
0x000000e17affd460:   000002d1a640b450 00000000000000ec
0x000000e17affd470:   000000e17affd488 000000e17affd4d8
0x000000e17affd480:   000002d155119a76 0000000000000034
0x000000e17affd490:   000000e17affd490 000002d1a640b4d9
0x000000e17affd4a0:   000000e17affd4f0 000002d28b159b30
0x000000e17affd4b0:   0000000000000000 000000048564dd18
0x000000e17affd4c0:   000000e17affd540 000002d155119962
0x000000e17affd4d0:   000000e17affd540 000002d155119962
0x000000e17affd4e0:   00000000000000ec 00000005a289d218
0x000000e17affd4f0:   00000005a2909538 000000e17affd4f8
0x000000e17affd500:   000002d28b159f57 000000e17affd560
0x000000e17affd510:   000002d28b27e5b8 000002d28bbb0dd0
0x000000e17affd520:   0000000455034360 000002d28b159f98
0x000000e17affd530:   000000e17affd4e0 000000e17affd558
0x000000e17affd540:   000000e17affd5b0 000002d155119962 

Instructions: (pc=0x000002d158c1eec3)
0x000002d158c1edc3:   42 00 00 80 3f 04 02 01 3c 00 00 00 40 00 00 80
0x000002d158c1edd3:   42 00 00 80 3c f4 f4 f4 f4 f4 f4 f4 f4 44 8b 52
0x000002d158c1ede3:   08 49 bb 00 00 00 00 08 00 00 00 4d 03 d3 49 3b
0x000002d158c1edf3:   c2 0f 85 86 22 54 fc 66 90 0f 1f 40 00 89 84 24
0x000002d158c1ee03:   00 90 ff ff 55 48 83 ec 70 c4 61 f9 6e da 44 89
0x000002d158c1ee13:   4c 24 18 45 8b 58 08 66 0f 1f 44 00 00 41 81 fb
0x000002d158c1ee23:   d8 35 81 06 0f 85 00 05 00 00 c4 41 f9 6e e8 45
0x000002d158c1ee33:   8b 40 20 66 66 0f 1f 84 00 00 00 00 00 47 8b 54
0x000002d158c1ee43:   c4 20 47 8b 5c d4 08 4b 63 4c c4 1c 4d 63 c9 4c
0x000002d158c1ee53:   0f af c9 4f 03 4c c4 10 0f 1f 44 00 00 41 81 fb
0x000002d158c1ee63:   80 96 ba 00 0f 85 db 04 00 00 4f 8d 2c d4 41 8b
0x000002d158c1ee73:   4d 0c 85 c9 0f 8e 23 05 00 00 41 8b 45 10 45 8b
0x000002d158c1ee83:   54 c4 0c 41 83 fa 08 0f 86 d8 04 00 00 4d 63 54
0x000002d158c1ee93:   c4 10 49 8b d9 4c 8b db 4d 03 da c4 c1 7a 10 73
0x000002d158c1eea3:   08 c4 c1 7a 10 6b 04 c4 41 7a 10 03 83 f9 04 0f
0x000002d158c1eeb3:   8e 1c 05 00 00 4d 63 54 c4 20 4c 8b db 4d 03 da
0x000002d158c1eec3:   45 0f be 53 02 45 0f be 43 01 45 0f be 1b c4 c1
0x000002d158c1eed3:   72 2a ca c4 c1 7a 2a c3 c4 c1 5a 2a e0 c5 7a 5e
0x000002d158c1eee3:   0d d8 fe ff ff c5 f2 5e 1d d0 fe ff ff c5 da 5e
0x000002d158c1eef3:   0d c8 fe ff ff 83 f9 02 0f 1f 44 00 00 0f 8e 16
0x000002d158c1ef03:   05 00 00 4d 63 54 c4 18 4c 8b db 4d 03 da c4 c1
0x000002d158c1ef13:   7a 10 7b 04 c4 41 7a 10 13 0f 1f 40 00 83 f9 01
0x000002d158c1ef23:   0f 8e 4b 05 00 00 4d 63 54 c4 14 48 8b fb 49 03
0x000002d158c1ef33:   fa 44 0f be 57 03 44 0f be 47 02 44 0f be 5f 01
0x000002d158c1ef43:   0f be 2f 83 f9 03 0f 8e 89 05 00 00 c4 41 79 6e
0x000002d158c1ef53:   e3 c4 c1 79 6e d0 c4 c1 79 6e c2 44 8b f1 49 8b
0x000002d158c1ef63:   c9 c5 e2 59 25 54 fe ff ff c5 b2 59 1d 4c fe ff
0x000002d158c1ef73:   ff c5 f2 59 0d 44 fe ff ff 48 8b 7a 10 45 8b 4c
0x000002d158c1ef83:   c4 1c c5 7a 2c d4 41 81 fa 00 00 00 80 75 10 48
0x000002d158c1ef93:   83 ec 08 c5 fa 11 24 24 e8 53 21 4f fc 41 5a c5
0x000002d158c1efa3:   7a 2c c1 41 81 f8 00 00 00 80 75 10 48 83 ec 08
0x000002d158c1efb3:   c5 fa 11 0c 24 e8 36 21 4f fc 41 58 c5 7a 2c db 


Stack slot to memory mapping:
stack at sp + 0 slots: 0x0 is NULL
stack at sp + 1 slots: 0x000000048564dd18 is an oop: java.lang.Class 
{0x000000048564dd18} - klass: 'java/lang/Class'
 - ---- fields (total size 14 words):
 - private volatile transient 'classRedefinedCount' 'I' @12  0
 - private volatile transient 'cachedConstructor' 'Ljava/lang/reflect/Constructor;' @40  NULL (0)
 - private transient 'name' 'Ljava/lang/String;' @44  "com.jozufozu.flywheel.api.vertex.VertexType"{0x000000048564dd88} (90ac9bb1)
 - private transient 'module' 'Ljava/lang/Module;' @48  a 'java/lang/Module'{0x00000004152e6350} (82a5cc6a)
 - private final 'classLoader' 'Ljava/lang/ClassLoader;' @52  a 'cpw/mods/modlauncher/TransformingClassLoader'{0x000000041510f750} (82a21eea)
 - private transient 'classData' 'Ljava/lang/Object;' @56  NULL (0)
 - private transient 'packageName' 'Ljava/lang/String;' @60  "com.jozufozu.flywheel.api.vertex"{0x00000004846e4908} (908dc921)
 - private final 'componentType' 'Ljava/lang/Class;' @64  NULL (0)
 - private volatile transient 'reflectionData' 'Ljava/lang/ref/SoftReference;' @68  NULL (0)
 - private volatile transient 'genericInfo' 'Lsun/reflect/generics/repository/ClassRepository;' @72  NULL (0)
 - private volatile transient 'enumConstants' '[Ljava/lang/Object;' @76  NULL (0)
 - private volatile transient 'enumConstantDirectory' 'Ljava/util/Map;' @80  NULL (0)
 - private volatile transient 'annotationData' 'Ljava/lang/Class$AnnotationData;' @84  NULL (0)
 - private volatile transient 'annotationType' 'Lsun/reflect/annotation/AnnotationType;' @88  NULL (0)
 - transient 'classValueMap' 'Ljava/lang/ClassValue$ClassValueMap;' @92  NULL (0)
 - signature: Lcom/jozufozu/flywheel/api/vertex/VertexType;
 - fake entry for mirror: 'com/jozufozu/flywheel/api/vertex/VertexType'
 - fake entry for array: NULL
 - fake entry for oop_size: 14
 - fake entry for static_oop_field_count: 0
stack at sp + 2 slots: {method} {0x000002d1a640b458} 'getStride' '()I' in 'com/jozufozu/flywheel/api/vertex/VertexType'
stack at sp + 3 slots: 0x00000000000000ec is an unknown value
stack at sp + 4 slots: 0x000000e17affd488 is pointing into the stack for thread: 0x000002d14a539e80
stack at sp + 5 slots: 0x000000e17affd4d8 is pointing into the stack for thread: 0x000002d14a539e80
stack at sp + 6 slots: 0x000002d155119a76 is at code_begin+2518 in an Interpreter codelet
return entry points  [0x000002d1551190a0, 0x000002d155119ba0]  2816 bytes
stack at sp + 7 slots: 0x0000000000000034 is an unknown value

--------------------------------------------------------------------------------

[Constant Pool]
             Address          hex4                    hex8      
  0x000002d158c1edc0:   0x42fe0000      0x3f80000042fe0000      
  0x000002d158c1edc4:   0x3f800000                              
  0x000002d158c1edc8:   0x3c010204      0x400000003c010204      
  0x000002d158c1edcc:   0x40000000                              
  0x000002d158c1edd0:   0x42800000      0x3c80000042800000      
  0x000002d158c1edd4:   0x3c800000                              
  0x000002d158c1edd8:   0xf4f4f4f4      0xf4f4f4f4f4f4f4f4      
  0x000002d158c1eddc:   0xf4f4f4f4                              

--------------------------------------------------------------------------------

[MachCode]
  0x000002d158c1ede0: 448b 5208 | 49bb 0000 | 0000 0800 | 0000 4d03 | d349 3bc2 | 0f85 8622 | 54fc 6690 | 0f1f 4000 
  0x000002d158c1ee00: 8984 2400 | 90ff ff55 | 4883 ec70 | c461 f96e | da44 894c | 2418 458b | 5808 660f | 1f44 0000 
  0x000002d158c1ee20: 4181 fbd8 | 3581 060f | 8500 0500 | 00c4 41f9 | 6ee8 458b | 4020 6666 | 0f1f 8400 | 0000 0000 
  0x000002d158c1ee40: 478b 54c4 | 2047 8b5c | d408 4b63 | 4cc4 1c4d | 63c9 4c0f | afc9 4f03 | 4cc4 100f | 1f44 0000 
  0x000002d158c1ee60: 4181 fb80 | 96ba 000f | 85db 0400 | 004f 8d2c | d441 8b4d | 0c85 c90f | 8e23 0500 | 0041 8b45 
  0x000002d158c1ee80: 1045 8b54 | c40c 4183 | fa08 0f86 | d804 0000 | 4d63 54c4 | 1049 8bd9 | 4c8b db4d | 03da c4c1 
  0x000002d158c1eea0: 7a10 7308 | c4c1 7a10 | 6b04 c441 | 7a10 0383 | f904 0f8e | 1c05 0000 | 4d63 54c4 | 204c 8bdb 
  0x000002d158c1eec0: 4d03 da45 | 0fbe 5302 | 450f be43 | 0145 0fbe | 1bc4 c172 | 2aca c4c1 | 7a2a c3c4 | c15a 2ae0 
  0x000002d158c1eee0: c57a 5e0d | d8fe ffff | c5f2 5e1d | d0fe ffff | c5da 5e0d | c8fe ffff | 83f9 020f | 1f44 0000 
  0x000002d158c1ef00: 0f8e 1605 | 0000 4d63 | 54c4 184c | 8bdb 4d03 | dac4 c17a | 107b 04c4 | 417a 1013 | 0f1f 4000 
  0x000002d158c1ef20: 83f9 010f | 8e4b 0500 | 004d 6354 | c414 488b | fb49 03fa | 440f be57 | 0344 0fbe | 4702 440f 
  0x000002d158c1ef40: be5f 010f | be2f 83f9 | 030f 8e89 | 0500 00c4 | 4179 6ee3 | c4c1 796e | d0c4 c179 | 6ec2 448b 
  0x000002d158c1ef60: f149 8bc9 | c5e2 5925 | 54fe ffff | c5b2 591d | 4cfe ffff | c5f2 590d | 44fe ffff | 488b 7a10 
  0x000002d158c1ef80: 458b 4cc4 | 1cc5 7a2c | d441 81fa | 0000 0080 | 7510 4883 | ec08 c5fa | 1124 24e8 | 5321 4ffc 
  0x000002d158c1efa0: 415a c57a | 2cc1 4181 | f800 0000 | 8075 1048 | 83ec 08c5 | fa11 0c24 | e836 214f | fc41 58c5 
  0x000002d158c1efc0: 7a2c db41 | 81fb 0000 | 0080 7510 | 4883 ec08 | c5fa 111c | 24e8 1921 | 4ffc 415b | 4d63 c942 
  0x000002d158c1efe0: 8b34 0b48 | 8bd7 c57a | 1102 c5fa | 116a 04c5 | fa11 7208 | 4088 6a0c | c441 797e | e144 884a 
  0x000002d158c1f000: 0dc4 c179 | 7ed1 4488 | 4a0e c4c1 | 797e c144 | 884a 0fc5 | 7a11 5210 | c5fa 117a | 14c1 e608 
  0x000002d158c1f020: 8972 1844 | 885a 1c44 | 8842 1d44 | 8852 1e41 | 83fe 060f | 8e13 0500 | 004d 6354 | c428 4c8b 
  0x000002d158c1f040: db4d 03da | c4c1 7a10 | 5304 c4c1 | 7a10 2345 | 8bd6 4183 | fa07 0f8e | 2805 0000 | 8be8 458b 
  0x000002d158c1f060: 5cc4 2c4d | 63d3 468b | 0413 450f | bed0 458b | d841 c1fb | 18c4 c172 | 2aca c5f2 | 591d 46fd 
  0x000002d158c1f080: ffff c5e2 | 580d 3afd | ffff c5f2 | 592d 2efd | ffff c4c1 | 622a dbc5 | e259 0d29 | fdff ffc5 
  0x000002d158c1f0a0: f258 1d1d | fdff ffc5 | e259 1d11 | fdff ffc5 | 7a2c dd41 | 81fb 0000 | 0080 7510 | 4883 ec08 
  0x000002d158c1f0c0: c5fa 112c | 24e8 2920 | 4ffc 415b | c57a 2cd3 | 4181 fa00 | 0000 8075 | 1048 83ec | 08c5 fa11 
  0x000002d158c1f0e0: 1c24 e80c | 204f fc41 | 5a45 0fb6 | db41 8bc3 | 41c1 e218 | 458b c841 | c1e9 1041 | c1e8 0845 
  0x000002d158c1f100: 0fbe d945 | 0fbe c8c4 | c162 2adb | c5e2 590d | b4fc ffff | c5f2 581d | a8fc ffff | c5e2 592d 
  0x000002d158c1f120: 9cfc ffff | c4c1 722a | c9c5 f259 | 1d97 fcff | ffc5 e258 | 1d8b fcff | ffc5 e259 | 0d7f fcff 
  0x000002d158c1f140: ffc5 7a2c | c541 81f8 | 0000 0080 | 7510 4883 | ec08 c5fa | 112c 24e8 | 971f 4ffc | 4158 c57a 
  0x000002d158c1f160: 2cd9 4181 | fb00 0000 | 8075 1048 | 83ec 08c5 | fa11 0c24 | e87a 1f4f | fc41 5b45 | 0fb6 c045 
  0x000002d158c1f180: 0fb6 db41 | c1e0 1041 | c1e3 0844 | 8bc8 450b | cb45 0bc8 | 450b cac4 | c179 6ec9 | 0f1f 4000 
  0x000002d158c1f1a0: 4183 fe08 | 0f8e 1e04 | 0000 458b | 54ec 304d | 63d2 468b | 0413 458b | d045 0fb6 | d245 8bc8 
  0x000002d158c1f1c0: 4181 e100 | 0000 ffc4 | c162 2ada | c5e2 592d | 00fc ffff | c5d2 581d | f0fb ffff | c5e2 592d 
  0x000002d158c1f1e0: ecfb ffff | 458b d841 | c1eb 10c5 | fa2c f581 | fe00 0000 | 8075 0f48 | 83ec 08c5 | fa11 2c24 
  0x000002d158c1f200: e8ee 1e4f | fc5e 450f | b6db 400f | b6f6 c4c1 | 622a dbc5 | e259 2db9 | fbff ffc5 | d258 1da9 
  0x000002d158c1f220: fbff ffc5 | e259 2da5 | fbff ff41 | c1e8 08c5 | fa2c c581 | f800 0000 | 8075 0f48 | 83ec 08c5 
  0x000002d158c1f240: fa11 2c24 | e8aa 1e4f | fc58 450f | b6c0 0fb6 | c0c4 c162 | 2ad8 c5e2 | 592d 76fb | ffff c5d2 
  0x000002d158c1f260: 581d 66fb | ffff c5e2 | 592d 62fb | ffff c1e0 | 10c5 7a2c | d541 81fa | 0000 0080 | 7510 4883 
  0x000002d158c1f280: ec08 c5fa | 112c 24e8 | 671e 4ffc | 415a 450f | b6d2 41c1 | e208 410b | f20b f041 | 0bf1 6690 
  0x000002d158c1f2a0: 4183 fe05 | 0f8e 6603 | 0000 c441 | f97e da45 | 8b52 184d | 635c ec24 | 4903 dbc4 | 41f9 7edb 
  0x000002d158c1f2c0: 458b 5b0c | 440f bf0b | 0fbf 5b02 | c5fa 1162 | 20c5 fa11 | 5224 c4c1 | 797e c844 | 8942 2889 
  0x000002d158c1f2e0: 722c 6644 | 894a 3066 | 895a 3241 | ffc2 c441 | f97e d845 | 8950 1849 | b8d8 6003 | 5504 0000 
  0x000002d158c1f300: 004d 6340 | 104c 03c7 | c441 f97e | d94d 8941 | 1045 3bd3 | 7e72 4589 | 510c 4883 | c470 5d49 
  0x000002d158c1f320: 3ba7 4803 | 0000 0f87 | 6803 0000 | c3ba deff | ffff c461 | f97e dd4c | 8944 2410 | 4489 4c24 
  0x000002d158c1f340: 0c66 90e8 | b875 54fc | bade ffff | ffc4 61f9 | 7edd c57b | 112c 244c | 894c 2410 | 4489 5424 
  0x000002d158c1f360: 0c66 90e8 | 9875 54fc | bae4 ffff | ffc4 61f9 | 7edd c57b | 112c 244c | 894c 2410 | 8944 240c 
  0x000002d158c1f380: 6666 90e8 | 7875 54fc | ba45 ffff | ff49 8be9 | 4489 1424 | 4489 5c24 | 0466 90e8 | 6075 54fc 
  0x000002d158c1f3a0: ba45 ffff | ffc4 61f9 | 7edd c57b | 112c 2448 | 8944 24f8 | 8b44 2418 | 8944 2408 | 488b 4424 
  0x000002d158c1f3c0: f84c 894c | 2410 4c89 | 6c24 1889 | 4c24 0ce8 | 2c75 54fc | ba45 ffff | ffc4 61f9 | 7edd c57b 
  0x000002d158c1f3e0: 112c 2448 | 8944 24f8 | 8b44 2418 | 8944 2408 | 488b 4424 | f8c5 7a11 | 4424 0cc5 | fa11 6c24 
  0x000002d158c1f400: 10c5 fa11 | 7424 144c | 894c 2418 | 4c89 6c24 | 2089 4c24 | 2866 90e8 | e474 54fc | ba45 ffff 
  0x000002d158c1f420: ffc4 61f9 | 7edd c57b | 112c 2448 | 8944 24f8 | 8b44 2418 | 8944 2408 | 488b 4424 | f8c5 7a11 
  0x000002d158c1f440: 4424 0cc5 | fa11 6c24 | 10c5 fa11 | 7424 14c5 | 7a11 4c24 | 18c5 fa11 | 4c24 1cc5 | fa11 5c24 
  0x000002d158c1f460: 204c 894c | 2428 4c89 | 6c24 3089 | 4c24 24e8 | 8c74 54fc | ba45 ffff | ffc4 61f9 | 7edd c57b 
  0x000002d158c1f480: 112c 2448 | 8944 24f8 | 8b44 2418 | 8944 2408 | 488b 4424 | f8c5 7a11 | 4424 0cc5 | fa11 6c24 
  0x000002d158c1f4a0: 10c5 fa11 | 7424 14c5 | 7a11 4c24 | 18c5 fa11 | 4c24 1cc5 | fa11 5c24 | 20c5 7a11 | 5424 24c5 
  0x000002d158c1f4c0: fa11 7c24 | 284c 894c | 2430 4c89 | 6c24 3889 | 4c24 2ce8 | 2874 54fc | ba45 ffff | ffc5 7b11 
  0x000002d158c1f4e0: 1c24 c57b | 116c 2408 | 4889 4424 | f88b 4424 | 1889 4424 | 1048 8b44 | 24f8 c57a | 1144 2414 
  0x000002d158c1f500: c5fa 116c | 2418 c5fa | 1174 241c | c57a 114c | 2420 c5fa | 114c 2424 | c5fa 115c | 2428 c57a 
  0x000002d158c1f520: 1154 242c | c5fa 117c | 2430 4489 | 5c24 3444 | 8944 2438 | 4489 5424 | 3c4c 894c | 2440 4c89 
  0x000002d158c1f540: 6c24 4889 | 4c24 50e8 | b473 54fc | ba45 ffff | ffc4 61f9 | 7edd 4889 | 4424 f88b | 4424 1889 
  0x000002d158c1f560: 0424 488b | 4424 f8c5 | 7b11 6c24 | 0848 894c | 2410 4c89 | 6c24 1844 | 8974 2404 | 6666 90e8 
  0x000002d158c1f580: 7c73 54fc | ba45 ffff | ffc4 61f9 | 7edd 4889 | 4424 f88b | 4424 1889 | 0424 488b | 4424 f8c5 
  0x000002d158c1f5a0: 7b11 6c24 | 08c5 fa11 | 6424 04c5 | fa11 5424 | 1048 894c | 2418 4c89 | 6c24 2044 | 8954 2414 
  0x000002d158c1f5c0: 6666 90e8 | 3873 54fc | ba45 ffff | ffc4 61f9 | 7edd 4889 | 4424 f88b | 4424 1889 | 0424 488b 
  0x000002d158c1f5e0: 4424 f8c5 | 7b11 6c24 | 08c5 fa11 | 6424 04c5 | fa11 5424 | 1044 894c | 2414 4889 | 4c24 184c 
  0x000002d158c1f600: 896c 2420 | 4489 7424 | 2866 90e8 | f072 54fc | ba45 ffff | ffc4 61f9 | 7edd 4889 | 4424 f88b 
  0x000002d158c1f620: 4424 1889 | 0424 488b | 4424 f8c5 | 7b11 6c24 | 08c5 fa11 | 6424 04c5 | fa11 5424 | 10c5 fa11 
  0x000002d158c1f640: 4c24 1489 | 7424 1848 | 894c 2420 | 4c89 6c24 | 2844 8974 | 241c 90e8 | a472 54fc | baf6 ffff 
  0x000002d158c1f660: ff41 8be9 | 6666 90e8 | 9472 54fc | baf6 ffff | ff41 8be9 | 6666 90e8 | 8472 54fc | baf6 ffff 
  0x000002d158c1f680: ff66 90e8 | 7872 54fc | baf6 ffff | ff66 90e8 | 6c72 54fc | 49ba 1ff3 | c158 d102 | 0000 4d89 
  0x000002d158c1f6a0: 9760 0300 | 00e9 5683 | 54fc f4f4 | f4f4 f4f4 | f4f4 f4f4 | f4f4 f4f4 | f4f4 f4f4 | f4f4 f4f4 
  0x000002d158c1f6c0: e9bb 495e | fce8 0000 | 0000 4883 | 2c24 05e9 | cc75 54fc | f4f4 f4f4 
[/MachCode]
--------------------------------------------------------------------------------


---------------  P R O C E S S  ---------------

Threads class SMR info:
_java_thread_list=0x000002d1a815a740, length=181, elements={
0x000002d14a539e80, 0x000002d176bc0cc0, 0x000002d176bc2860, 0x000002d176c209d0,
0x000002d176c222b0, 0x000002d176c22b80, 0x000002d176c23450, 0x000002d176c28820,
0x000002d176c44d70, 0x000002d176c4d280, 0x000002d14a523ed0, 0x000002d14a524e00,
0x000002d17f41f360, 0x000002d17f41f870, 0x000002d17f41fd80, 0x000002d17f419d50,
0x000002d17f41c0c0, 0x000002d17f41b6a0, 0x000002d17f41cff0, 0x000002d17f41e940,
0x000002d17f41ee50, 0x000002d14a5248f0, 0x000002d11c1073b0, 0x000002d11c1087f0,
0x000002d11c106480, 0x000002d11c106990, 0x000002d11c1078c0, 0x000002d11c107dd0,
0x000002d11c105040, 0x000002d11c105550, 0x000002d11c105a60, 0x000002d11c106ea0,
0x000002d11c1082e0, 0x000002d11c105f70, 0x000002d17e63bec0, 0x000002d17e640fc0,
0x000002d1113cd720, 0x000002d1113caea0, 0x000002d1113c8620, 0x000002d1113c7c00,
0x000002d17f417570, 0x000002d112d34fd0, 0x000002d17f264070, 0x000002d17e7f67d0,
0x000002d11dcb2fe0, 0x000002d11eb93570, 0x000002d11eb93f90, 0x000002d112d32ab0,
0x000002d17c0dccb0, 0x000002d110d13540, 0x000002d17c0dc290, 0x000002d11dcb2ad0,
0x000002d17f417a80, 0x000002d17f417f90, 0x000002d12b660f10, 0x000002d17e82d570,
0x000002d12b661420, 0x000002d11c371090, 0x000002d11eb944a0, 0x000002d17e7f71f0,
0x000002d112d359f0, 0x000002d131eb1bd0, 0x000002d112d32fc0, 0x000002d11dd32480,
0x000002d17f4189b0, 0x000002d17f417060, 0x000002d17e7f9160, 0x000002d12b3aae90,
0x000002d11c3715a0, 0x000002d17b11bbb0, 0x000002d112fc3390, 0x000002d112fc1020,
0x000002d112d325a0, 0x000002d1325b0e30, 0x000002d1325b0920, 0x000002d1325af4e0,
0x000002d1117908b0, 0x000002d12b661e40, 0x000002d132f6e920, 0x000002d17b11b190,
0x000002d11eb93060, 0x000002d112fc2e80, 0x000002d1325b1340, 0x000002d11eb949b0,
0x000002d11dd32990, 0x000002d12b3ab3a0, 0x000002d1325aff00, 0x000002d1113cc2e0,
0x000002d11eafb640, 0x000002d11eafac20, 0x000002d11178f470, 0x000002d17f2cafe0,
0x000002d1117903a0, 0x000002d12b661930, 0x000002d17f2659c0, 0x000002d11178ef60,
0x000002d12b660a00, 0x000002d17f264fa0, 0x000002d11178f980, 0x000002d17b11a770,
0x000002d17e82d060, 0x000002d11dcb20b0, 0x000002d17e82da80, 0x000002d17e82e4a0,
0x000002d12b526a20, 0x000002d11dcb25c0, 0x000002d1325b0410, 0x000002d132f6f340,
0x000002d12b526510, 0x000002d133726680, 0x000002d17f2cb4f0, 0x000002d12b3ab8b0,
0x000002d1a3093f80, 0x000002d17b119330, 0x000002d17e7f4e80, 0x000002d1a301db10,
0x000002d1a301c6d0, 0x000002d1a301cbe0, 0x000002d1113ca480, 0x000002d17d2e1640,
0x000002d27ee67cf0, 0x000002d17d2e1b50, 0x000002d112d354e0, 0x000002d1325aeac0,
0x000002d110d13030, 0x000002d110d12610, 0x000002d112fc3db0, 0x000002d112fc1a40,
0x000002d112fc42c0, 0x000002d112fc1f50, 0x000002d112fc2460, 0x000002d112fc47d0,
0x000002d27f1944a0, 0x000002d27f1949b0, 0x000002d27fc739b0, 0x000002d17d1845f0,
0x000002d17d185010, 0x000002d27fc73ec0, 0x000002d17c392d80, 0x000002d133726b90,
0x000002d133725c60, 0x000002d26b7cd1b0, 0x000002d13971fe50, 0x000002d139720870,
0x000002d12b526f30, 0x000002d12b527950, 0x000002d112d32090, 0x000002d112d334d0,
0x000002d12b7c3ce0, 0x000002d12b7c32c0, 0x000002d27f5fc470, 0x000002d27f5f96e0,
0x000002d12b7c1e80, 0x000002d26b7cc280, 0x000002d12b3aa980, 0x000002d27fc75810,
0x000002d12b3ac2d0, 0x000002d26b7ce0e0, 0x000002d17db52d20, 0x000002d17db555a0,
0x000002d27fc74df0, 0x000002d12b528370, 0x000002d17e1b5f90, 0x000002d12b5255e0,
0x000002d27fc75300, 0x000002d112d339e0, 0x000002d17e7f9b80, 0x000002d17e1b5a80,
0x000002d27fc743d0, 0x000002d17e7f58a0, 0x000002d27ee65e90, 0x000002d22c130720,
0x000002d22c12f2e0, 0x000002d22c131140, 0x000002d22c130210, 0x000002d22c131650,
0x000002d22c131b60, 0x000002d22c12fd00, 0x000002d22c130c30, 0x000002d22c12f7f0,
0x000002d22c132070
}

Java Threads: ( => current thread )
=>0x000002d14a539e80 JavaThread "Render thread" [_thread_in_Java, id=20708, stack(0x000000e17af00000,0x000000e17b000000)]
  0x000002d176bc0cc0 JavaThread "Reference Handler" daemon [_thread_blocked, id=7036, stack(0x000000e17b600000,0x000000e17b700000)]
  0x000002d176bc2860 JavaThread "Finalizer" daemon [_thread_blocked, id=10632, stack(0x000000e17b700000,0x000000e17b800000)]
  0x000002d176c209d0 JavaThread "Signal Dispatcher" daemon [_thread_blocked, id=21956, stack(0x000000e17b800000,0x000000e17b900000)]
  0x000002d176c222b0 JavaThread "Attach Listener" daemon [_thread_blocked, id=8984, stack(0x000000e17b900000,0x000000e17ba00000)]
  0x000002d176c22b80 JavaThread "Service Thread" daemon [_thread_blocked, id=20852, stack(0x000000e17ba00000,0x000000e17bb00000)]
  0x000002d176c23450 JavaThread "Monitor Deflation Thread" daemon [_thread_blocked, id=4968, stack(0x000000e17bb00000,0x000000e17bc00000)]
  0x000002d176c28820 JavaThread "C2 CompilerThread0" daemon [_thread_blocked, id=3224, stack(0x000000e17bc00000,0x000000e17bd00000)]
  0x000002d176c44d70 JavaThread "C1 CompilerThread0" daemon [_thread_blocked, id=4108, stack(0x000000e17bd00000,0x000000e17be00000)]
  0x000002d176c4d280 JavaThread "Sweeper thread" daemon [_thread_blocked, id=19588, stack(0x000000e17be00000,0x000000e17bf00000)]
  0x000002d14a523ed0 JavaThread "Common-Cleaner" daemon [_thread_blocked, id=22872, stack(0x000000e17bf00000,0x000000e17c000000)]
  0x000002d14a524e00 JavaThread "Notification Thread" daemon [_thread_blocked, id=7364, stack(0x000000e17c400000,0x000000e17c500000)]
  0x000002d17f41f360 JavaThread "pool-2-thread-1" daemon [_thread_blocked, id=14828, stack(0x000000e17ce00000,0x000000e17cf00000)]
  0x000002d17f41f870 JavaThread "Thread-0" daemon [_thread_blocked, id=22028, stack(0x000000e17e000000,0x000000e17e100000)]
  0x000002d17f41fd80 JavaThread "JNA Cleaner" daemon [_thread_blocked, id=10300, stack(0x000000e17e300000,0x000000e17e400000)]
  0x000002d17f419d50 JavaThread "Thread-2" daemon [_thread_in_native, id=3480, stack(0x000000e17e800000,0x000000e17e900000)]
  0x000002d17f41c0c0 JavaThread "Thread-3" daemon [_thread_in_native, id=21308, stack(0x000000e17e900000,0x000000e17ea00000)]
  0x000002d17f41b6a0 JavaThread "Thread-4" daemon [_thread_in_native, id=10508, stack(0x000000e17ea00000,0x000000e17eb00000)]
  0x000002d17f41cff0 JavaThread "Thread-5" daemon [_thread_in_native, id=22492, stack(0x000000e17eb00000,0x000000e17ec00000)]
  0x000002d17f41e940 JavaThread "Thread-6" daemon [_thread_in_native, id=17348, stack(0x000000e17ec00000,0x000000e17ed00000)]
  0x000002d17f41ee50 JavaThread "Thread-7" daemon [_thread_in_native, id=9984, stack(0x000000e17ed00000,0x000000e17ee00000)]
  0x000002d14a5248f0 JavaThread "Thread-8" daemon [_thread_in_native, id=6884, stack(0x000000e17ee00000,0x000000e17ef00000)]
  0x000002d11c1073b0 JavaThread "Thread-9" daemon [_thread_in_native, id=14664, stack(0x000000e17ef00000,0x000000e17f000000)]
  0x000002d11c1087f0 JavaThread "Thread-10" daemon [_thread_in_native, id=19560, stack(0x000000e17f000000,0x000000e17f100000)]
  0x000002d11c106480 JavaThread "Thread-11" daemon [_thread_in_native, id=21676, stack(0x000000e17f100000,0x000000e17f200000)]
  0x000002d11c106990 JavaThread "Thread-12" daemon [_thread_in_native, id=1448, stack(0x000000e17f200000,0x000000e17f300000)]
  0x000002d11c1078c0 JavaThread "Thread-13" daemon [_thread_in_native, id=5544, stack(0x000000e17f300000,0x000000e17f400000)]
  0x000002d11c107dd0 JavaThread "Thread-14" daemon [_thread_in_native, id=8552, stack(0x000000e17f400000,0x000000e17f500000)]
  0x000002d11c105040 JavaThread "Thread-15" daemon [_thread_in_native, id=23344, stack(0x000000e17f500000,0x000000e17f600000)]
  0x000002d11c105550 JavaThread "Thread-16" daemon [_thread_in_native, id=4948, stack(0x000000e17f600000,0x000000e17f700000)]
  0x000002d11c105a60 JavaThread "Thread-17" daemon [_thread_in_native, id=17232, stack(0x000000e17f700000,0x000000e17f800000)]
  0x000002d11c106ea0 JavaThread "Thread-18" daemon [_thread_in_native, id=20344, stack(0x000000e17f800000,0x000000e17f900000)]
  0x000002d11c1082e0 JavaThread "Thread-19" daemon [_thread_in_native, id=8304, stack(0x000000e17f900000,0x000000e17fa00000)]
  0x000002d11c105f70 JavaThread "Thread-20" daemon [_thread_in_native, id=3352, stack(0x000000e17fa00000,0x000000e17fb00000)]
  0x000002d17e63bec0 JavaThread "Thread-21" daemon [_thread_in_native, id=14988, stack(0x000000e17fb00000,0x000000e17fc00000)]
  0x000002d17e640fc0 JavaThread "Thread-22" daemon [_thread_in_native, id=20696, stack(0x000000e17fc00000,0x000000e17fd00000)]
  0x000002d1113cd720 JavaThread "Timer hack thread" daemon [_thread_blocked, id=20392, stack(0x000000e100100000,0x000000e100200000)]
  0x000002d1113caea0 JavaThread "Yggdrasil Key Fetcher" daemon [_thread_blocked, id=11324, stack(0x000000e100900000,0x000000e100a00000)]
  0x000002d1113c8620 JavaThread "FileSystemWatchService" daemon [_thread_in_native, id=22496, stack(0x000000e100600000,0x000000e100700000)]
  0x000002d1113c7c00 JavaThread "DFU cleaning thread" daemon [_thread_blocked, id=9692, stack(0x000000e100700000,0x000000e100800000)]
  0x000002d17f417570 JavaThread "modloading-worker-0" daemon [_thread_blocked, id=13872, stack(0x000000e100d00000,0x000000e100e00000)]
  0x000002d112d34fd0 JavaThread "modloading-worker-0" daemon [_thread_blocked, id=15004, stack(0x000000e100e00000,0x000000e100f00000)]
  0x000002d17f264070 JavaThread "modloading-worker-0" daemon [_thread_blocked, id=22104, stack(0x000000e100f00000,0x000000e101000000)]
  0x000002d17e7f67d0 JavaThread "modloading-worker-0" daemon [_thread_blocked, id=24508, stack(0x000000e101100000,0x000000e101200000)]
  0x000002d11dcb2fe0 JavaThread "modloading-worker-0" daemon [_thread_blocked, id=20976, stack(0x000000e101200000,0x000000e101300000)]
  0x000002d11eb93570 JavaThread "modloading-worker-0" daemon [_thread_blocked, id=13280, stack(0x000000e101300000,0x000000e101400000)]
  0x000002d11eb93f90 JavaThread "modloading-worker-0" daemon [_thread_blocked, id=2772, stack(0x000000e101500000,0x000000e101600000)]
  0x000002d112d32ab0 JavaThread "modloading-worker-0" daemon [_thread_blocked, id=14976, stack(0x000000e101600000,0x000000e101700000)]
  0x000002d17c0dccb0 JavaThread "modloading-worker-0" daemon [_thread_blocked, id=11164, stack(0x000000e101700000,0x000000e101800000)]
  0x000002d110d13540 JavaThread "modloading-worker-0" daemon [_thread_blocked, id=20520, stack(0x000000e101800000,0x000000e101900000)]
  0x000002d17c0dc290 JavaThread "modloading-worker-0" daemon [_thread_blocked, id=11008, stack(0x000000e101900000,0x000000e101a00000)]
  0x000002d11dcb2ad0 JavaThread "modloading-worker-0" daemon [_thread_blocked, id=22996, stack(0x000000e101a00000,0x000000e101b00000)]
  0x000002d17f417a80 JavaThread "modloading-worker-0" daemon [_thread_blocked, id=24340, stack(0x000000e101d00000,0x000000e101e00000)]
  0x000002d17f417f90 JavaThread "modloading-worker-0" daemon [_thread_blocked, id=3052, stack(0x000000e101f00000,0x000000e102000000)]
  0x000002d12b660f10 JavaThread "Java2D Disposer" daemon [_thread_blocked, id=4508, stack(0x000000e102600000,0x000000e102700000)]
  0x000002d17e82d570 JavaThread "FileSystemWatchService" daemon [_thread_in_native, id=20156, stack(0x000000e102300000,0x000000e102400000)]
  0x000002d12b661420 JavaThread "JEI Config File Watcher" daemon [_thread_blocked, id=24192, stack(0x000000e102700000,0x000000e102800000)]
  0x000002d11c371090 JavaThread "IO-Worker-1" daemon [_thread_blocked, id=2836, stack(0x000000e102800000,0x000000e102900000)]
  0x000002d11eb944a0 JavaThread "HttpClient-2-SelectorManager" daemon [_thread_in_native, id=11824, stack(0x000000e102a00000,0x000000e102b00000)]
  0x000002d17e7f71f0 JavaThread "FileSystemWatchService" daemon [_thread_in_native, id=5976, stack(0x000000e102d00000,0x000000e102e00000)]
  0x000002d112d359f0 JavaThread "Config Lib config file watcher" daemon [_thread_blocked, id=5748, stack(0x000000e102e00000,0x000000e102f00000)]
  0x000002d131eb1bd0 JavaThread "FileSystemWatchService" daemon [_thread_in_native, id=2564, stack(0x000000e102f00000,0x000000e103000000)]
  0x000002d112d32fc0 JavaThread "FTB Backups Config Watcher 0" daemon [_thread_blocked, id=23476, stack(0x000000e100200000,0x000000e100300000)]
  0x000002d11dd32480 JavaThread "FileSystemWatchService" daemon [_thread_in_native, id=14304, stack(0x000000e103000000,0x000000e103100000)]
  0x000002d17f4189b0 JavaThread "FTB Backups scheduled executor 0" daemon [_thread_blocked, id=10516, stack(0x000000e103100000,0x000000e103200000)]
  0x000002d17f417060 JavaThread "ftbbackups2_Worker-1" daemon [_thread_blocked, id=23188, stack(0x000000e103200000,0x000000e103300000)]
  0x000002d17e7f9160 JavaThread "ftbbackups2_QuartzSchedulerThread" daemon [_thread_blocked, id=14236, stack(0x000000e103300000,0x000000e103400000)]
  0x000002d12b3aae90 JavaThread "Timer-0" daemon [_thread_blocked, id=21580, stack(0x000000e103400000,0x000000e103500000)]
  0x000002d11c3715a0 JavaThread "Thread-33" daemon [_thread_blocked, id=18636, stack(0x000000e103500000,0x000000e103600000)]
  0x000002d17b11bbb0 JavaThread "FileSystemWatchService" daemon [_thread_in_native, id=17196, stack(0x000000e103600000,0x000000e103700000)]
  0x000002d112fc3390 JavaThread "Worker-Main-2" daemon [_thread_blocked, id=11216, stack(0x000000e102200000,0x000000e102300000)]
  0x000002d112fc1020 JavaThread "Worker-Main-3" daemon [_thread_blocked, id=14612, stack(0x000000e102900000,0x000000e102a00000)]
  0x000002d112d325a0 JavaThread "Worker-Main-4" daemon [_thread_blocked, id=17204, stack(0x000000e103800000,0x000000e103900000)]
  0x000002d1325b0e30 JavaThread "Worker-ResourceReload-0" daemon [_thread_blocked, id=4316, stack(0x000000e103c00000,0x000000e103d00000)]
  0x000002d1325b0920 JavaThread "Worker-ResourceReload-1" daemon [_thread_blocked, id=22876, stack(0x000000e103d00000,0x000000e103e00000)]
  0x000002d1325af4e0 JavaThread "Worker-ResourceReload-2" daemon [_thread_blocked, id=7784, stack(0x000000e103e00000,0x000000e103f00000)]
  0x000002d1117908b0 JavaThread "Worker-ResourceReload-4" daemon [_thread_blocked, id=23732, stack(0x000000e104000000,0x000000e104100000)]
  0x000002d12b661e40 JavaThread "Worker-ResourceReload-5" daemon [_thread_blocked, id=6716, stack(0x000000e104100000,0x000000e104200000)]
  0x000002d132f6e920 JavaThread "Worker-ResourceReload-6" daemon [_thread_blocked, id=20692, stack(0x000000e104200000,0x000000e104300000)]
  0x000002d17b11b190 JavaThread "Worker-ResourceReload-8" daemon [_thread_blocked, id=2404, stack(0x000000e104400000,0x000000e104500000)]
  0x000002d11eb93060 JavaThread "Worker-ResourceReload-10" daemon [_thread_blocked, id=4636, stack(0x000000e104600000,0x000000e104700000)]
  0x000002d112fc2e80 JavaThread "Worker-ResourceReload-12" daemon [_thread_blocked, id=24012, stack(0x000000e104800000,0x000000e104900000)]
  0x000002d1325b1340 JavaThread "Worker-ResourceReload-13" daemon [_thread_blocked, id=22508, stack(0x000000e104900000,0x000000e104a00000)]
  0x000002d11eb949b0 JavaThread "FileSystemWatchService" daemon [_thread_in_native, id=15332, stack(0x000000e104b00000,0x000000e104c00000)]
  0x000002d11dd32990 JavaThread "Worker-ResourceReload-15" daemon [_thread_blocked, id=9596, stack(0x000000e104f00000,0x000000e105000000)]
  0x000002d12b3ab3a0 JavaThread "Worker-ResourceReload-16" daemon [_thread_blocked, id=19108, stack(0x000000e105000000,0x000000e105100000)]
  0x000002d1325aff00 JavaThread "Worker-ResourceReload-17" daemon [_thread_blocked, id=6056, stack(0x000000e105100000,0x000000e105200000)]
  0x000002d1113cc2e0 JavaThread "FileSystemWatchService" daemon [_thread_in_native, id=6188, stack(0x000000e105600000,0x000000e105700000)]
  0x000002d11eafb640 JavaThread "FileSystemWatchService" daemon [_thread_in_native, id=7492, stack(0x000000e105700000,0x000000e105800000)]
  0x000002d11eafac20 JavaThread "FileSystemWatchService" daemon [_thread_in_native, id=7112, stack(0x000000e105800000,0x000000e105900000)]
  0x000002d11178f470 JavaThread "FileSystemWatchService" daemon [_thread_in_native, id=2596, stack(0x000000e105900000,0x000000e105a00000)]
  0x000002d17f2cafe0 JavaThread "FileSystemWatchService" daemon [_thread_in_native, id=2000, stack(0x000000e105a00000,0x000000e105b00000)]
  0x000002d1117903a0 JavaThread "Thread-39" [_thread_blocked, id=8012, stack(0x000000e105b00000,0x000000e105c00000)]
  0x000002d12b661930 JavaThread "Worker-Main-5" daemon [_thread_blocked, id=6540, stack(0x000000e105c00000,0x000000e105d00000)]
  0x000002d17f2659c0 JavaThread "Worker-Main-6" daemon [_thread_blocked, id=7680, stack(0x000000e105d00000,0x000000e105e00000)]
  0x000002d11178ef60 JavaThread "Worker-Main-7" daemon [_thread_blocked, id=8556, stack(0x000000e105e00000,0x000000e105f00000)]
  0x000002d12b660a00 JavaThread "Worker-Main-8" daemon [_thread_blocked, id=2488, stack(0x000000e105f00000,0x000000e106000000)]
  0x000002d17f264fa0 JavaThread "Worker-Main-9" daemon [_thread_blocked, id=20672, stack(0x000000e106000000,0x000000e106100000)]
  0x000002d11178f980 JavaThread "Worker-Main-11" daemon [_thread_blocked, id=9136, stack(0x000000e106200000,0x000000e106300000)]
  0x000002d17b11a770 JavaThread "Worker-Main-12" daemon [_thread_blocked, id=14248, stack(0x000000e106300000,0x000000e106400000)]
  0x000002d17e82d060 JavaThread "Worker-Main-13" daemon [_thread_blocked, id=23484, stack(0x000000e106400000,0x000000e106500000)]
  0x000002d11dcb20b0 JavaThread "Worker-Main-15" daemon [_thread_blocked, id=24412, stack(0x000000e106600000,0x000000e106700000)]
  0x000002d17e82da80 JavaThread "Worker-Main-16" daemon [_thread_blocked, id=21672, stack(0x000000e106700000,0x000000e106800000)]
  0x000002d17e82e4a0 JavaThread "Worker-Main-19" daemon [_thread_blocked, id=2156, stack(0x000000e106800000,0x000000e106900000)]
  0x000002d12b526a20 JavaThread "Worker-Main-17" daemon [_thread_blocked, id=23688, stack(0x000000e106a00000,0x000000e106b00000)]
  0x000002d11dcb25c0 JavaThread "Worker-Main-18" daemon [_thread_blocked, id=19136, stack(0x000000e106b00000,0x000000e106c00000)]
  0x000002d1325b0410 JavaThread "FileSystemWatchService" daemon [_thread_in_native, id=19880, stack(0x000000e106c00000,0x000000e106d00000)]
  0x000002d132f6f340 JavaThread "FileSystemWatchService" daemon [_thread_in_native, id=6224, stack(0x000000e106d00000,0x000000e106e00000)]
  0x000002d12b526510 JavaThread "FileSystemWatchService" daemon [_thread_in_native, id=4448, stack(0x000000e106e00000,0x000000e106f00000)]
  0x000002d133726680 JavaThread "FileSystemWatchService" daemon [_thread_in_native, id=12016, stack(0x000000e106f00000,0x000000e107000000)]
  0x000002d17f2cb4f0 JavaThread "ConfigSaver" daemon [_thread_blocked, id=21688, stack(0x000000e107400000,0x000000e107500000)]
  0x000002d12b3ab8b0 JavaThread "ConfigSaver" daemon [_thread_blocked, id=14620, stack(0x000000e107500000,0x000000e107600000)]
  0x000002d1a3093f80 JavaThread "Timer-1" daemon [_thread_blocked, id=17000, stack(0x000000e107600000,0x000000e107700000)]
  0x000002d17b119330 JavaThread "Thread-44" daemon [_thread_blocked, id=23892, stack(0x000000e107900000,0x000000e107a00000)]
  0x000002d17e7f4e80 JavaThread "HttpClient-5-SelectorManager" daemon [_thread_in_native, id=11772, stack(0x000000e107700000,0x000000e107800000)]
  0x000002d1a301db10 JavaThread "spark-monitoring-thread" daemon [_thread_blocked, id=14912, stack(0x000000e107800000,0x000000e107900000)]
  0x000002d1a301c6d0 JavaThread "spark-worker-pool-1-thread-1" daemon [_thread_blocked, id=23572, stack(0x000000e107c00000,0x000000e107d00000)]
  0x000002d1a301cbe0 JavaThread "HttpClient-6-SelectorManager" daemon [_thread_in_native, id=2968, stack(0x000000e107d00000,0x000000e107e00000)]
  0x000002d1113ca480 JavaThread "Thread-45" daemon [_thread_blocked, id=3340, stack(0x000000e104c00000,0x000000e104d00000)]
  0x000002d17d2e1640 JavaThread "AWT-Windows" daemon [_thread_in_native, id=6052, stack(0x000000e107f00000,0x000000e108000000)]
  0x000002d27ee67cf0 JavaThread "FileSystemWatchService" daemon [_thread_in_native, id=24520, stack(0x000000e104d00000,0x000000e104e00000)]
  0x000002d17d2e1b50 JavaThread "Thread-61" daemon [_thread_in_native, id=4516, stack(0x000000e101e00000,0x000000e101f00000)]
  0x000002d112d354e0 JavaThread "Netty Client IO #0" daemon [_thread_in_native, id=21240, stack(0x000000e103b00000,0x000000e103c00000)]
  0x000002d1325aeac0 JavaThread "Sound engine" daemon [_thread_blocked, id=2216, stack(0x000000e106100000,0x000000e106200000)]
  0x000002d110d13030 JavaThread "Flywheel 0" [_thread_blocked, id=7292, stack(0x000000e100b00000,0x000000e100c00000)]
  0x000002d110d12610 JavaThread "Flywheel 1" [_thread_blocked, id=24500, stack(0x000000e101c00000,0x000000e101d00000)]
  0x000002d112fc3db0 JavaThread "Flywheel 2" [_thread_blocked, id=13060, stack(0x000000e102c00000,0x000000e102d00000)]
  0x000002d112fc1a40 JavaThread "Flywheel 3" [_thread_blocked, id=22576, stack(0x000000e103900000,0x000000e103a00000)]
  0x000002d112fc42c0 JavaThread "Flywheel 4" [_thread_blocked, id=23244, stack(0x000000e104300000,0x000000e104400000)]
  0x000002d112fc1f50 JavaThread "Flywheel 5" [_thread_blocked, id=22444, stack(0x000000e104500000,0x000000e104600000)]
  0x000002d112fc2460 JavaThread "Flywheel 6" [_thread_blocked, id=12484, stack(0x000000e104700000,0x000000e104800000)]
  0x000002d112fc47d0 JavaThread "Flywheel 7" [_thread_blocked, id=23840, stack(0x000000e105400000,0x000000e105500000)]
  0x000002d27f1944a0 JavaThread "Flywheel 8" [_thread_blocked, id=22392, stack(0x000000e106500000,0x000000e106600000)]
  0x000002d27f1949b0 JavaThread "Flywheel 9" [_thread_blocked, id=18380, stack(0x000000e106900000,0x000000e106a00000)]
  0x000002d27fc739b0 JavaThread "ForkJoinPool.commonPool-worker-3" daemon [_thread_blocked, id=9496, stack(0x000000e10a400000,0x000000e10a500000)]
  0x000002d17d1845f0 JavaThread "VoiceChatAuthenticationThread" daemon [_thread_blocked, id=9676, stack(0x000000e10a600000,0x000000e10a700000)]
  0x000002d17d185010 JavaThread "VoiceChatConnectionThread" daemon [_thread_in_native, id=2768, stack(0x000000e10a700000,0x000000e10a800000)]
  0x000002d27fc73ec0 JavaThread "FastSuite Recipe Lookup Thread: 1" daemon [_thread_blocked, id=19564, stack(0x000000e109c00000,0x000000e109d00000)]
  0x000002d17c392d80 JavaThread "FastSuite Recipe Lookup Thread: 2" daemon [_thread_blocked, id=6968, stack(0x000000e109d00000,0x000000e109e00000)]
  0x000002d133726b90 JavaThread "FastSuite Recipe Lookup Thread: 3" daemon [_thread_blocked, id=23156, stack(0x000000e10a000000,0x000000e10a100000)]
  0x000002d133725c60 JavaThread "FastSuite Recipe Lookup Thread: 4" daemon [_thread_blocked, id=14504, stack(0x000000e10a100000,0x000000e10a200000)]
  0x000002d26b7cd1b0 JavaThread "FastSuite Recipe Lookup Thread: 5" daemon [_thread_blocked, id=18668, stack(0x000000e10a200000,0x000000e10a300000)]
  0x000002d13971fe50 JavaThread "FastSuite Recipe Lookup Thread: 7" daemon [_thread_blocked, id=14532, stack(0x000000e10a500000,0x000000e10a600000)]
  0x000002d139720870 JavaThread "FastSuite Recipe Lookup Thread: 8" daemon [_thread_blocked, id=2060, stack(0x000000e10a800000,0x000000e10a900000)]
  0x000002d12b526f30 JavaThread "FastSuite Recipe Lookup Thread: 9" daemon [_thread_blocked, id=21616, stack(0x000000e10a900000,0x000000e10aa00000)]
  0x000002d12b527950 JavaThread "FastSuite Recipe Lookup Thread: 10" daemon [_thread_blocked, id=1528, stack(0x000000e10aa00000,0x000000e10ab00000)]
  0x000002d112d32090 JavaThread "FastSuite Recipe Lookup Thread: 11" daemon [_thread_blocked, id=9448, stack(0x000000e10ab00000,0x000000e10ac00000)]
  0x000002d112d334d0 JavaThread "FastSuite Recipe Lookup Thread: 12" daemon [_thread_blocked, id=24292, stack(0x000000e10ac00000,0x000000e10ad00000)]
  0x000002d12b7c3ce0 JavaThread "FastSuite Recipe Lookup Thread: 13" daemon [_thread_blocked, id=22708, stack(0x000000e10ad00000,0x000000e10ae00000)]
  0x000002d12b7c32c0 JavaThread "FastSuite Recipe Lookup Thread: 14" daemon [_thread_blocked, id=3840, stack(0x000000e10ae00000,0x000000e10af00000)]
  0x000002d27f5fc470 JavaThread "FastSuite Recipe Lookup Thread: 15" daemon [_thread_blocked, id=22292, stack(0x000000e10af00000,0x000000e10b000000)]
  0x000002d27f5f96e0 JavaThread "FastSuite Recipe Lookup Thread: 16" daemon [_thread_blocked, id=6212, stack(0x000000e10b000000,0x000000e10b100000)]
  0x000002d12b7c1e80 JavaThread "Keep-Alive-Timer" daemon [_thread_blocked, id=15672, stack(0x000000e105200000,0x000000e105300000)]
  0x000002d26b7cc280 JavaThread "ForkJoinPool.commonPool-worker-5" daemon [_thread_blocked, id=23524, stack(0x000000e107000000,0x000000e107100000)]
  0x000002d12b3aa980 JavaThread "ForkJoinPool.commonPool-worker-6" daemon [_thread_blocked, id=6084, stack(0x000000e109400000,0x000000e109500000)]
  0x000002d27fc75810 JavaThread "ForkJoinPool.commonPool-worker-7" daemon [_thread_blocked, id=21680, stack(0x000000e109900000,0x000000e109a00000)]
  0x000002d12b3ac2d0 JavaThread "ForkJoinPool.commonPool-worker-8" daemon [_thread_blocked, id=4460, stack(0x000000e109b00000,0x000000e109c00000)]
  0x000002d26b7ce0e0 JavaThread "ForkJoinPool.commonPool-worker-10" daemon [_thread_blocked, id=10768, stack(0x000000e109f00000,0x000000e10a000000)]
  0x000002d17db52d20 JavaThread "ForkJoinPool.commonPool-worker-9" daemon [_thread_blocked, id=3832, stack(0x000000e10b100000,0x000000e10b200000)]
  0x000002d17db555a0 JavaThread "ForkJoinPool.commonPool-worker-11" daemon [_thread_blocked, id=21848, stack(0x000000e10b200000,0x000000e10b300000)]
  0x000002d27fc74df0 JavaThread "ForkJoinPool.commonPool-worker-12" daemon [_thread_blocked, id=1168, stack(0x000000e10b300000,0x000000e10b400000)]
  0x000002d12b528370 JavaThread "ForkJoinPool.commonPool-worker-13" daemon [_thread_blocked, id=20576, stack(0x000000e10b400000,0x000000e10b500000)]
  0x000002d17e1b5f90 JavaThread "ForkJoinPool.commonPool-worker-14" daemon [_thread_blocked, id=21200, stack(0x000000e10b500000,0x000000e10b600000)]
  0x000002d12b5255e0 JavaThread "ForkJoinPool.commonPool-worker-15" daemon [_thread_blocked, id=7964, stack(0x000000e10b600000,0x000000e10b700000)]
  0x000002d27fc75300 JavaThread "ForkJoinPool.commonPool-worker-16" daemon [_thread_blocked, id=24480, stack(0x000000e10b700000,0x000000e10b800000)]
  0x000002d112d339e0 JavaThread "ForkJoinPool.commonPool-worker-17" daemon [_thread_blocked, id=4392, stack(0x000000e10b800000,0x000000e10b900000)]
  0x000002d17e7f9b80 JavaThread "ForkJoinPool.commonPool-worker-18" daemon [_thread_blocked, id=23712, stack(0x000000e10b900000,0x000000e10ba00000)]
  0x000002d17e1b5a80 JavaThread "ForkJoinPool.commonPool-worker-19" daemon [_thread_blocked, id=2728, stack(0x000000e10ba00000,0x000000e10bb00000)]
  0x000002d27fc743d0 JavaThread "ForkJoinPool.commonPool-worker-20" daemon [_thread_blocked, id=13240, stack(0x000000e10bb00000,0x000000e10bc00000)]
  0x000002d17e7f58a0 JavaThread "ForkJoinPool.commonPool-worker-21" daemon [_thread_blocked, id=22932, stack(0x000000e10be00000,0x000000e10bf00000)]
  0x000002d27ee65e90 JavaThread "FileSystemWatchService" daemon [_thread_in_native, id=23828, stack(0x000000e101000000,0x000000e101100000)]
  0x000002d22c130720 JavaThread "Chunk Render Task Executor #0" [_thread_blocked, id=5384, stack(0x000000e100c00000,0x000000e100d00000)]
  0x000002d22c12f2e0 JavaThread "Chunk Render Task Executor #1" [_thread_blocked, id=22808, stack(0x000000e101400000,0x000000e101500000)]
  0x000002d22c131140 JavaThread "Chunk Render Task Executor #2" [_thread_blocked, id=4476, stack(0x000000e102100000,0x000000e102200000)]
  0x000002d22c130210 JavaThread "Chunk Render Task Executor #3" [_thread_blocked, id=8280, stack(0x000000e103f00000,0x000000e104000000)]
  0x000002d22c131650 JavaThread "Chunk Render Task Executor #4" [_thread_blocked, id=23160, stack(0x000000e104e00000,0x000000e104f00000)]
  0x000002d22c131b60 JavaThread "Chunk Render Task Executor #5" [_thread_blocked, id=21796, stack(0x000000e107100000,0x000000e107200000)]
  0x000002d22c12fd00 JavaThread "Chunk Render Task Executor #6" [_thread_blocked, id=8360, stack(0x000000e107200000,0x000000e107300000)]
  0x000002d22c130c30 JavaThread "Chunk Render Task Executor #7" [_thread_blocked, id=9764, stack(0x000000e107a00000,0x000000e107b00000)]
  0x000002d22c12f7f0 JavaThread "Chunk Render Task Executor #8" [_thread_blocked, id=2532, stack(0x000000e107b00000,0x000000e107c00000)]
  0x000002d22c132070 JavaThread "Chunk Render Task Executor #9" [_thread_blocked, id=20736, stack(0x000000e107e00000,0x000000e107f00000)]

Other Threads:
  0x000002d176bbe610 VMThread "VM Thread" [stack: 0x000000e17b500000,0x000000e17b600000] [id=22664]
  0x000002d17b059590 WatcherThread [stack: 0x000000e17c500000,0x000000e17c600000] [id=6840]
  0x000002d14a5a7f00 GCTaskThread "GC Thread#0" [stack: 0x000000e17b000000,0x000000e17b100000] [id=14524]
  0x000002d15d96a4f0 GCTaskThread "GC Thread#1" [stack: 0x000000e17c600000,0x000000e17c700000] [id=9444]
  0x000002d15d96a7b0 GCTaskThread "GC Thread#2" [stack: 0x000000e17c700000,0x000000e17c800000] [id=24088]
  0x000002d15d96ae80 GCTaskThread "GC Thread#3" [stack: 0x000000e17c800000,0x000000e17c900000] [id=24332]
  0x000002d15d96b140 GCTaskThread "GC Thread#4" [stack: 0x000000e17c900000,0x000000e17ca00000] [id=22168]
  0x000002d17b41b100 GCTaskThread "GC Thread#5" [stack: 0x000000e17ca00000,0x000000e17cb00000] [id=17672]
  0x000002d17ecf7720 GCTaskThread "GC Thread#6" [stack: 0x000000e17d100000,0x000000e17d200000] [id=23880]
  0x000002d17ecf6ee0 GCTaskThread "GC Thread#7" [stack: 0x000000e17d200000,0x000000e17d300000] [id=5000]
  0x000002d17ecf6c20 GCTaskThread "GC Thread#8" [stack: 0x000000e17d300000,0x000000e17d400000] [id=1500]
  0x000002d17ecf6960 GCTaskThread "GC Thread#9" [stack: 0x000000e17d400000,0x000000e17d500000] [id=2744]
  0x000002d17ecf71a0 GCTaskThread "GC Thread#10" [stack: 0x000000e17d500000,0x000000e17d600000] [id=392]
  0x000002d17ecf5e60 GCTaskThread "GC Thread#11" [stack: 0x000000e17d900000,0x000000e17da00000] [id=21248]
  0x000002d1118e2960 GCTaskThread "GC Thread#12" [stack: 0x000000e17db00000,0x000000e17dc00000] [id=3280]
  0x000002d1118e1620 GCTaskThread "GC Thread#13" [stack: 0x000000e17dc00000,0x000000e17dd00000] [id=24492]
  0x000002d1118e26a0 GCTaskThread "GC Thread#14" [stack: 0x000000e17dd00000,0x000000e17de00000] [id=20192]
  0x000002d14a5b92a0 ConcurrentGCThread "G1 Main Marker" [stack: 0x000000e17b100000,0x000000e17b200000] [id=1164]
  0x000002d14a5b9bc0 ConcurrentGCThread "G1 Conc#0" [stack: 0x000000e17b200000,0x000000e17b300000] [id=21804]
  0x000002d17ecf7460 ConcurrentGCThread "G1 Conc#1" [stack: 0x000000e17d600000,0x000000e17d700000] [id=1368]
  0x000002d17ecf63e0 ConcurrentGCThread "G1 Conc#2" [stack: 0x000000e17d700000,0x000000e17d800000] [id=2224]
  0x000002d17ecf79e0 ConcurrentGCThread "G1 Conc#3" [stack: 0x000000e17d800000,0x000000e17d900000] [id=20056]
  0x000002d14a5cecc0 ConcurrentGCThread "G1 Refine#0" [stack: 0x000000e17b300000,0x000000e17b400000] [id=24216]
  0x000002d17ef72700 ConcurrentGCThread "G1 Refine#1" [stack: 0x000000e17fd00000,0x000000e17fe00000] [id=8836]
  0x000002d17ef735b0 ConcurrentGCThread "G1 Refine#2" [stack: 0x000000e17de00000,0x000000e17df00000] [id=5304]
  0x000002d17ef72ce0 ConcurrentGCThread "G1 Refine#3" [stack: 0x000000e17e200000,0x000000e17e300000] [id=22912]
  0x000002d17ef71b40 ConcurrentGCThread "G1 Refine#4" [stack: 0x000000e17e600000,0x000000e17e700000] [id=22140]
  0x000002d17ef71e30 ConcurrentGCThread "G1 Refine#5" [stack: 0x000000e17e700000,0x000000e17e800000] [id=8240]
  0x000002d17ef732c0 ConcurrentGCThread "G1 Refine#6" [stack: 0x000000e100000000,0x000000e100100000] [id=21728]
  0x000002d17c413fd0 ConcurrentGCThread "G1 Refine#7" [stack: 0x000000e100300000,0x000000e100400000] [id=21760]
  0x000002d17c414e80 ConcurrentGCThread "G1 Refine#8" [stack: 0x000000e100800000,0x000000e100900000] [id=23860]
  0x000002d17c412270 ConcurrentGCThread "G1 Refine#9" [stack: 0x000000e100400000,0x000000e100500000] [id=5860]
  0x000002d17c415a40 ConcurrentGCThread "G1 Refine#10" [stack: 0x000000e102000000,0x000000e102100000] [id=22296]
  0x000002d17d9a0100 ConcurrentGCThread "G1 Refine#11" [stack: 0x000000e104a00000,0x000000e104b00000] [id=21748]
  0x000002d1393825a0 ConcurrentGCThread "G1 Refine#12" [stack: 0x000000e105300000,0x000000e105400000] [id=3456]
  0x000002d139380b30 ConcurrentGCThread "G1 Refine#13" [stack: 0x000000e105500000,0x000000e105600000] [id=21492]
  0x000002d139381110 ConcurrentGCThread "G1 Refine#14" [stack: 0x000000e103a00000,0x000000e103b00000] [id=18648]
  0x000002d15d8e0a90 ConcurrentGCThread "G1 Service" [stack: 0x000000e17b400000,0x000000e17b500000] [id=18976]

Threads with active compile tasks:

VM state: not at safepoint (normal execution)

VM Mutex/Monitor currently owned by a thread: None

Heap address: 0x0000000400000000, size: 16384 MB, Compressed Oops mode: Zero based, Oop shift amount: 3

CDS archive(s) not mapped
Compressed class space mapped at: 0x0000000800000000-0x0000000840000000, reserved size: 1073741824
Narrow klass base: 0x0000000800000000, Narrow klass shift: 0, Narrow klass range: 0x40000000

GC Precious Log:
 CPUs: 20 total, 20 available
 Memory: 32592M
 Large Page Support: Disabled
 NUMA Support: Disabled
 Compressed Oops: Enabled (Zero based)
 Heap Region Size: 8M
 Heap Min Capacity: 256M
 Heap Initial Capacity: 256M
 Heap Max Capacity: 16G
 Pre-touch: Disabled
 Parallel Workers: 15
 Concurrent Workers: 4
 Concurrent Refinement Workers: 15
 Periodic GC: Disabled

Heap:
 garbage-first heap   total 7258112K, used 4043157K [0x0000000400000000, 0x0000000800000000)
  region size 8192K, 56 young (458752K), 10 survivors (81920K)
 Metaspace       used 541021K, committed 544576K, reserved 1507328K
  class space    used 105562K, committed 107136K, reserved 1048576K

Heap Regions: E=young(eden), S=young(survivor), O=old, HS=humongous(starts), HC=humongous(continues), CS=collection set, F=free, OA=open archive, CA=closed archive, TAMS=top-at-mark-start (previous, next)
|   0|0x0000000400000000, 0x0000000400800000, 0x0000000400800000|100%| O|  |TAMS 0x0000000400800000, 0x0000000400000000| Untracked 
|   1|0x0000000400800000, 0x0000000401000000, 0x0000000401000000|100%| O|  |TAMS 0x0000000401000000, 0x0000000400800000| Untracked 
|   2|0x0000000401000000, 0x0000000401800000, 0x0000000401800000|100%| O|  |TAMS 0x0000000401800000, 0x0000000401000000| Untracked 
|   3|0x0000000401800000, 0x0000000402000000, 0x0000000402000000|100%| O|  |TAMS 0x0000000402000000, 0x0000000401800000| Untracked 
|   4|0x0000000402000000, 0x0000000402800000, 0x0000000402800000|100%| O|  |TAMS 0x0000000402800000, 0x0000000402000000| Untracked 
|   5|0x0000000402800000, 0x0000000403000000, 0x0000000403000000|100%| O|  |TAMS 0x0000000403000000, 0x0000000402800000| Untracked 
|   6|0x0000000403000000, 0x0000000403800000, 0x0000000403800000|100%| O|  |TAMS 0x0000000403800000, 0x0000000403000000| Untracked 
|   7|0x0000000403800000, 0x0000000404000000, 0x0000000404000000|100%| O|  |TAMS 0x0000000404000000, 0x0000000403800000| Untracked 
|   8|0x0000000404000000, 0x0000000404800000, 0x0000000404800000|100%| O|  |TAMS 0x0000000404800000, 0x0000000404000000| Untracked 
|   9|0x0000000404800000, 0x0000000405000000, 0x0000000405000000|100%| O|  |TAMS 0x0000000405000000, 0x0000000404800000| Untracked 
|  10|0x0000000405000000, 0x0000000405800000, 0x0000000405800000|100%| O|  |TAMS 0x0000000405800000, 0x0000000405000000| Untracked 
|  11|0x0000000405800000, 0x0000000406000000, 0x0000000406000000|100%| O|  |TAMS 0x0000000406000000, 0x0000000405800000| Untracked 
|  12|0x0000000406000000, 0x0000000406800000, 0x0000000406800000|100%| O|  |TAMS 0x0000000406800000, 0x0000000406000000| Untracked 
|  13|0x0000000406800000, 0x0000000407000000, 0x0000000407000000|100%|HS|  |TAMS 0x0000000407000000, 0x0000000406800000| Complete 
|  14|0x0000000407000000, 0x0000000407800000, 0x0000000407800000|100%| O|  |TAMS 0x0000000407800000, 0x0000000407000000| Untracked 
|  15|0x0000000407800000, 0x0000000408000000, 0x0000000408000000|100%| O|  |TAMS 0x0000000408000000, 0x0000000407800000| Untracked 
|  16|0x0000000408000000, 0x0000000408800000, 0x0000000408800000|100%| O|  |TAMS 0x0000000408800000, 0x0000000408000000| Untracked 
|  17|0x0000000408800000, 0x0000000409000000, 0x0000000409000000|100%| O|  |TAMS 0x0000000409000000, 0x0000000408800000| Untracked 
|  18|0x0000000409000000, 0x0000000409800000, 0x0000000409800000|100%| O|  |TAMS 0x0000000409800000, 0x0000000409000000| Untracked 
|  19|0x0000000409800000, 0x000000040a000000, 0x000000040a000000|100%| O|  |TAMS 0x000000040a000000, 0x0000000409800000| Untracked 
|  20|0x000000040a000000, 0x000000040a800000, 0x000000040a800000|100%| O|  |TAMS 0x000000040a800000, 0x000000040a000000| Untracked 
|  21|0x000000040a800000, 0x000000040b000000, 0x000000040b000000|100%| O|  |TAMS 0x000000040b000000, 0x000000040a800000| Untracked 
|  22|0x000000040b000000, 0x000000040b800000, 0x000000040b800000|100%|HS|  |TAMS 0x000000040b800000, 0x000000040b000000| Complete 
|  23|0x000000040b800000, 0x000000040c000000, 0x000000040c000000|100%| O|  |TAMS 0x000000040c000000, 0x000000040b800000| Untracked 
|  24|0x000000040c000000, 0x000000040c800000, 0x000000040c800000|100%| O|  |TAMS 0x000000040c800000, 0x000000040c000000| Untracked 
|  25|0x000000040c800000, 0x000000040d000000, 0x000000040d000000|100%| O|  |TAMS 0x000000040d000000, 0x000000040c800000| Untracked 
|  26|0x000000040d000000, 0x000000040d800000, 0x000000040d800000|100%| O|  |TAMS 0x000000040d800000, 0x000000040d000000| Untracked 
|  27|0x000000040d800000, 0x000000040e000000, 0x000000040e000000|100%| O|  |TAMS 0x000000040e000000, 0x000000040d800000| Untracked 
|  28|0x000000040e000000, 0x000000040e800000, 0x000000040e800000|100%| O|  |TAMS 0x000000040e800000, 0x000000040e000000| Untracked 
|  29|0x000000040e800000, 0x000000040f000000, 0x000000040f000000|100%| O|  |TAMS 0x000000040f000000, 0x000000040e800000| Untracked 
|  30|0x000000040f000000, 0x000000040f800000, 0x000000040f800000|100%| O|  |TAMS 0x000000040f800000, 0x000000040f000000| Untracked 
|  31|0x000000040f800000, 0x0000000410000000, 0x0000000410000000|100%| O|  |TAMS 0x0000000410000000, 0x000000040f800000| Untracked 
|  32|0x0000000410000000, 0x0000000410800000, 0x0000000410800000|100%| O|  |TAMS 0x0000000410800000, 0x0000000410000000| Untracked 
|  33|0x0000000410800000, 0x0000000411000000, 0x0000000411000000|100%|HS|  |TAMS 0x0000000411000000, 0x0000000410800000| Complete 
|  34|0x0000000411000000, 0x0000000411800000, 0x0000000411800000|100%| O|  |TAMS 0x0000000411800000, 0x0000000411000000| Untracked 
|  35|0x0000000411800000, 0x0000000412000000, 0x0000000412000000|100%| O|  |TAMS 0x0000000412000000, 0x0000000411800000| Untracked 
|  36|0x0000000412000000, 0x0000000412800000, 0x0000000412800000|100%| O|  |TAMS 0x0000000412800000, 0x0000000412000000| Untracked 
|  37|0x0000000412800000, 0x0000000413000000, 0x0000000413000000|100%| O|  |TAMS 0x0000000413000000, 0x0000000412800000| Untracked 
|  38|0x0000000413000000, 0x0000000413800000, 0x0000000413800000|100%| O|  |TAMS 0x0000000413800000, 0x0000000413000000| Untracked 
|  39|0x0000000413800000, 0x0000000414000000, 0x0000000414000000|100%| O|  |TAMS 0x0000000414000000, 0x0000000413800000| Untracked 
|  40|0x0000000414000000, 0x0000000414800000, 0x0000000414800000|100%| O|  |TAMS 0x0000000414800000, 0x0000000414000000| Untracked 
|  41|0x0000000414800000, 0x0000000415000000, 0x0000000415000000|100%| O|  |TAMS 0x0000000415000000, 0x0000000414800000| Untracked 
|  42|0x0000000415000000, 0x0000000415800000, 0x0000000415800000|100%| O|  |TAMS 0x0000000415800000, 0x0000000415000000| Untracked 
|  43|0x0000000415800000, 0x0000000416000000, 0x0000000416000000|100%| O|  |TAMS 0x0000000416000000, 0x0000000415800000| Untracked 
|  44|0x0000000416000000, 0x0000000416800000, 0x0000000416800000|100%| O|  |TAMS 0x0000000416800000, 0x0000000416000000| Untracked 
|  45|0x0000000416800000, 0x0000000417000000, 0x0000000417000000|100%| O|  |TAMS 0x0000000417000000, 0x0000000416800000| Untracked 
|  46|0x0000000417000000, 0x0000000417800000, 0x0000000417800000|100%| O|  |TAMS 0x0000000417800000, 0x0000000417000000| Untracked 
|  47|0x0000000417800000, 0x0000000418000000, 0x0000000418000000|100%| O|  |TAMS 0x0000000418000000, 0x0000000417800000| Untracked 
|  48|0x0000000418000000, 0x0000000418800000, 0x0000000418800000|100%| O|  |TAMS 0x0000000418800000, 0x0000000418000000| Untracked 
|  49|0x0000000418800000, 0x0000000419000000, 0x0000000419000000|100%| O|  |TAMS 0x0000000419000000, 0x0000000418800000| Untracked 
|  50|0x0000000419000000, 0x0000000419800000, 0x0000000419800000|100%| O|  |TAMS 0x0000000419800000, 0x0000000419000000| Untracked 
|  51|0x0000000419800000, 0x000000041a000000, 0x000000041a000000|100%| O|  |TAMS 0x000000041a000000, 0x0000000419800000| Untracked 
|  52|0x000000041a000000, 0x000000041a800000, 0x000000041a800000|100%| O|  |TAMS 0x000000041a800000, 0x000000041a000000| Untracked 
|  53|0x000000041a800000, 0x000000041b000000, 0x000000041b000000|100%| O|  |TAMS 0x000000041b000000, 0x000000041a800000| Untracked 
|  54|0x000000041b000000, 0x000000041b800000, 0x000000041b800000|100%| O|  |TAMS 0x000000041b800000, 0x000000041b000000| Untracked 
|  55|0x000000041b800000, 0x000000041c000000, 0x000000041c000000|100%| O|  |TAMS 0x000000041c000000, 0x000000041b800000| Untracked 
|  56|0x000000041c000000, 0x000000041c800000, 0x000000041c800000|100%| O|  |TAMS 0x000000041c800000, 0x000000041c000000| Untracked 
|  57|0x000000041c800000, 0x000000041d000000, 0x000000041d000000|100%| O|  |TAMS 0x000000041d000000, 0x000000041c800000| Untracked 
|  58|0x000000041d000000, 0x000000041d800000, 0x000000041d800000|100%| O|  |TAMS 0x000000041d800000, 0x000000041d000000| Untracked 
|  59|0x000000041d800000, 0x000000041e000000, 0x000000041e000000|100%| O|  |TAMS 0x000000041e000000, 0x000000041d800000| Untracked 
|  60|0x000000041e000000, 0x000000041e800000, 0x000000041e800000|100%| O|  |TAMS 0x000000041e800000, 0x000000041e000000| Untracked 
|  61|0x000000041e800000, 0x000000041f000000, 0x000000041f000000|100%| O|  |TAMS 0x000000041f000000, 0x000000041e800000| Untracked 
|  62|0x000000041f000000, 0x000000041f800000, 0x000000041f800000|100%| O|  |TAMS 0x000000041f800000, 0x000000041f000000| Untracked 
|  63|0x000000041f800000, 0x0000000420000000, 0x0000000420000000|100%| O|  |TAMS 0x0000000420000000, 0x000000041f800000| Untracked 
|  64|0x0000000420000000, 0x0000000420800000, 0x0000000420800000|100%| O|  |TAMS 0x0000000420800000, 0x0000000420000000| Untracked 
|  65|0x0000000420800000, 0x0000000421000000, 0x0000000421000000|100%| O|  |TAMS 0x0000000421000000, 0x0000000420800000| Untracked 
|  66|0x0000000421000000, 0x0000000421800000, 0x0000000421800000|100%| O|  |TAMS 0x0000000421800000, 0x0000000421000000| Untracked 
|  67|0x0000000421800000, 0x0000000422000000, 0x0000000422000000|100%| O|  |TAMS 0x0000000422000000, 0x0000000421800000| Untracked 
|  68|0x0000000422000000, 0x0000000422800000, 0x0000000422800000|100%| O|  |TAMS 0x0000000422800000, 0x0000000422000000| Untracked 
|  69|0x0000000422800000, 0x0000000423000000, 0x0000000423000000|100%| O|  |TAMS 0x0000000423000000, 0x0000000422800000| Untracked 
|  70|0x0000000423000000, 0x0000000423800000, 0x0000000423800000|100%| O|  |TAMS 0x0000000423800000, 0x0000000423000000| Untracked 
|  71|0x0000000423800000, 0x0000000424000000, 0x0000000424000000|100%| O|  |TAMS 0x0000000424000000, 0x0000000423800000| Untracked 
|  72|0x0000000424000000, 0x0000000424800000, 0x0000000424800000|100%| O|  |TAMS 0x0000000424800000, 0x0000000424000000| Untracked 
|  73|0x0000000424800000, 0x0000000425000000, 0x0000000425000000|100%| O|  |TAMS 0x0000000425000000, 0x0000000424800000| Untracked 
|  74|0x0000000425000000, 0x0000000425800000, 0x0000000425800000|100%| O|  |TAMS 0x0000000425800000, 0x0000000425000000| Untracked 
|  75|0x0000000425800000, 0x0000000426000000, 0x0000000426000000|100%| O|  |TAMS 0x0000000426000000, 0x0000000425800000| Untracked 
|  76|0x0000000426000000, 0x0000000426800000, 0x0000000426800000|100%| O|  |TAMS 0x0000000426800000, 0x0000000426000000| Untracked 
|  77|0x0000000426800000, 0x0000000427000000, 0x0000000427000000|100%| O|  |TAMS 0x0000000427000000, 0x0000000426800000| Untracked 
|  78|0x0000000427000000, 0x0000000427800000, 0x0000000427800000|100%| O|  |TAMS 0x0000000427800000, 0x0000000427000000| Untracked 
|  79|0x0000000427800000, 0x0000000428000000, 0x0000000428000000|100%| O|  |TAMS 0x0000000428000000, 0x0000000427800000| Untracked 
|  80|0x0000000428000000, 0x0000000428800000, 0x0000000428800000|100%| O|  |TAMS 0x0000000428800000, 0x0000000428000000| Untracked 
|  81|0x0000000428800000, 0x0000000429000000, 0x0000000429000000|100%| O|  |TAMS 0x0000000429000000, 0x0000000428800000| Untracked 
|  82|0x0000000429000000, 0x0000000429800000, 0x0000000429800000|100%| O|  |TAMS 0x0000000429000000, 0x0000000429000000| Untracked 
|  83|0x0000000429800000, 0x000000042a000000, 0x000000042a000000|100%| O|  |TAMS 0x000000042a000000, 0x0000000429800000| Untracked 
|  84|0x000000042a000000, 0x000000042a800000, 0x000000042a800000|100%| O|  |TAMS 0x000000042a800000, 0x000000042a000000| Untracked 
|  85|0x000000042a800000, 0x000000042b000000, 0x000000042b000000|100%| O|  |TAMS 0x000000042b000000, 0x000000042a800000| Untracked 
|  86|0x000000042b000000, 0x000000042b800000, 0x000000042b800000|100%| O|  |TAMS 0x000000042b800000, 0x000000042b000000| Untracked 
|  87|0x000000042b800000, 0x000000042c000000, 0x000000042c000000|100%| O|  |TAMS 0x000000042c000000, 0x000000042b800000| Untracked 
|  88|0x000000042c000000, 0x000000042c800000, 0x000000042c800000|100%| O|  |TAMS 0x000000042c800000, 0x000000042c000000| Untracked 
|  89|0x000000042c800000, 0x000000042d000000, 0x000000042d000000|100%| O|  |TAMS 0x000000042d000000, 0x000000042c800000| Untracked 
|  90|0x000000042d000000, 0x000000042d800000, 0x000000042d800000|100%| O|  |TAMS 0x000000042d800000, 0x000000042d000000| Untracked 
|  91|0x000000042d800000, 0x000000042e000000, 0x000000042e000000|100%| O|  |TAMS 0x000000042e000000, 0x000000042d800000| Untracked 
|  92|0x000000042e000000, 0x000000042e800000, 0x000000042e800000|100%| O|  |TAMS 0x000000042e800000, 0x000000042e000000| Untracked 
|  93|0x000000042e800000, 0x000000042f000000, 0x000000042f000000|100%| O|  |TAMS 0x000000042f000000, 0x000000042e800000| Untracked 
|  94|0x000000042f000000, 0x000000042f800000, 0x000000042f800000|100%| O|  |TAMS 0x000000042f800000, 0x000000042f000000| Untracked 
|  95|0x000000042f800000, 0x0000000430000000, 0x0000000430000000|100%| O|  |TAMS 0x0000000430000000, 0x000000042f800000| Untracked 
|  96|0x0000000430000000, 0x0000000430800000, 0x0000000430800000|100%| O|  |TAMS 0x0000000430800000, 0x0000000430000000| Untracked 
|  97|0x0000000430800000, 0x0000000431000000, 0x0000000431000000|100%| O|  |TAMS 0x0000000431000000, 0x0000000430800000| Untracked 
|  98|0x0000000431000000, 0x0000000431800000, 0x0000000431800000|100%| O|  |TAMS 0x0000000431800000, 0x0000000431000000| Untracked 
|  99|0x0000000431800000, 0x0000000432000000, 0x0000000432000000|100%| O|  |TAMS 0x0000000431800000, 0x0000000431800000| Untracked 
| 100|0x0000000432000000, 0x0000000432800000, 0x0000000432800000|100%| O|  |TAMS 0x0000000432800000, 0x0000000432000000| Untracked 
| 101|0x0000000432800000, 0x0000000433000000, 0x0000000433000000|100%| O|  |TAMS 0x0000000433000000, 0x0000000432800000| Untracked 
| 102|0x0000000433000000, 0x0000000433800000, 0x0000000433800000|100%| O|  |TAMS 0x0000000433800000, 0x0000000433000000| Untracked 
| 103|0x0000000433800000, 0x0000000434000000, 0x0000000434000000|100%| O|  |TAMS 0x0000000434000000, 0x0000000433800000| Untracked 
| 104|0x0000000434000000, 0x0000000434800000, 0x0000000434800000|100%| O|  |TAMS 0x0000000434800000, 0x0000000434000000| Untracked 
| 105|0x0000000434800000, 0x0000000435000000, 0x0000000435000000|100%| O|  |TAMS 0x0000000435000000, 0x0000000434800000| Untracked 
| 106|0x0000000435000000, 0x0000000435800000, 0x0000000435800000|100%| O|  |TAMS 0x0000000435800000, 0x0000000435000000| Untracked 
| 107|0x0000000435800000, 0x0000000436000000, 0x0000000436000000|100%| O|  |TAMS 0x0000000436000000, 0x0000000435800000| Untracked 
| 108|0x0000000436000000, 0x0000000436800000, 0x0000000436800000|100%| O|  |TAMS 0x0000000436800000, 0x0000000436000000| Untracked 
| 109|0x0000000436800000, 0x0000000437000000, 0x0000000437000000|100%| O|  |TAMS 0x0000000437000000, 0x0000000436800000| Untracked 
| 110|0x0000000437000000, 0x0000000437800000, 0x0000000437800000|100%| O|  |TAMS 0x0000000437800000, 0x0000000437000000| Untracked 
| 111|0x0000000437800000, 0x0000000438000000, 0x0000000438000000|100%| O|  |TAMS 0x0000000438000000, 0x0000000437800000| Untracked 
| 112|0x0000000438000000, 0x0000000438800000, 0x0000000438800000|100%| O|  |TAMS 0x0000000438000000, 0x0000000438000000| Untracked 
| 113|0x0000000438800000, 0x0000000439000000, 0x0000000439000000|100%| O|  |TAMS 0x0000000438800000, 0x0000000438800000| Untracked 
| 114|0x0000000439000000, 0x0000000439800000, 0x0000000439800000|100%| O|  |TAMS 0x0000000439800000, 0x0000000439000000| Untracked 
| 115|0x0000000439800000, 0x000000043a000000, 0x000000043a000000|100%| O|  |TAMS 0x000000043a000000, 0x0000000439800000| Untracked 
| 116|0x000000043a000000, 0x000000043a800000, 0x000000043a800000|100%| O|  |TAMS 0x000000043a800000, 0x000000043a000000| Untracked 
| 117|0x000000043a800000, 0x000000043b000000, 0x000000043b000000|100%| O|  |TAMS 0x000000043b000000, 0x000000043a800000| Untracked 
| 118|0x000000043b000000, 0x000000043b800000, 0x000000043b800000|100%| O|  |TAMS 0x000000043b800000, 0x000000043b000000| Untracked 
| 119|0x000000043b800000, 0x000000043c000000, 0x000000043c000000|100%| O|  |TAMS 0x000000043c000000, 0x000000043b800000| Untracked 
| 120|0x000000043c000000, 0x000000043c800000, 0x000000043c800000|100%| O|  |TAMS 0x000000043c800000, 0x000000043c000000| Untracked 
| 121|0x000000043c800000, 0x000000043d000000, 0x000000043d000000|100%| O|  |TAMS 0x000000043d000000, 0x000000043c800000| Untracked 
| 122|0x000000043d000000, 0x000000043d800000, 0x000000043d800000|100%| O|  |TAMS 0x000000043d800000, 0x000000043d000000| Untracked 
| 123|0x000000043d800000, 0x000000043e000000, 0x000000043e000000|100%| O|  |TAMS 0x000000043e000000, 0x000000043d800000| Untracked 
| 124|0x000000043e000000, 0x000000043e800000, 0x000000043e800000|100%| O|  |TAMS 0x000000043e800000, 0x000000043e000000| Untracked 
| 125|0x000000043e800000, 0x000000043f000000, 0x000000043f000000|100%| O|  |TAMS 0x000000043f000000, 0x000000043e800000| Untracked 
| 126|0x000000043f000000, 0x000000043f800000, 0x000000043f800000|100%| O|  |TAMS 0x000000043f800000, 0x000000043f000000| Untracked 
| 127|0x000000043f800000, 0x0000000440000000, 0x0000000440000000|100%| O|  |TAMS 0x0000000440000000, 0x000000043f800000| Untracked 
| 128|0x0000000440000000, 0x0000000440800000, 0x0000000440800000|100%| O|  |TAMS 0x0000000440000000, 0x0000000440000000| Untracked 
| 129|0x0000000440800000, 0x0000000441000000, 0x0000000441000000|100%| O|  |TAMS 0x0000000441000000, 0x0000000440800000| Untracked 
| 130|0x0000000441000000, 0x0000000441800000, 0x0000000441800000|100%| O|  |TAMS 0x0000000441800000, 0x0000000441000000| Untracked 
| 131|0x0000000441800000, 0x0000000442000000, 0x0000000442000000|100%| O|  |TAMS 0x0000000442000000, 0x0000000441800000| Untracked 
| 132|0x0000000442000000, 0x0000000442800000, 0x0000000442800000|100%| O|  |TAMS 0x0000000442800000, 0x0000000442000000| Untracked 
| 133|0x0000000442800000, 0x0000000443000000, 0x0000000443000000|100%| O|  |TAMS 0x0000000443000000, 0x0000000442800000| Untracked 
| 134|0x0000000443000000, 0x0000000443800000, 0x0000000443800000|100%| O|  |TAMS 0x0000000443000000, 0x0000000443000000| Untracked 
| 135|0x0000000443800000, 0x0000000444000000, 0x0000000444000000|100%|HS|  |TAMS 0x0000000444000000, 0x0000000443800000| Complete 
| 136|0x0000000444000000, 0x0000000444800000, 0x0000000444800000|100%| O|  |TAMS 0x0000000444800000, 0x0000000444000000| Untracked 
| 137|0x0000000444800000, 0x0000000445000000, 0x0000000445000000|100%| O|  |TAMS 0x0000000444800000, 0x0000000444800000| Untracked 
| 138|0x0000000445000000, 0x0000000445800000, 0x0000000445800000|100%| O|  |TAMS 0x0000000445800000, 0x0000000445000000| Untracked 
| 139|0x0000000445800000, 0x0000000446000000, 0x0000000446000000|100%| O|  |TAMS 0x0000000445800000, 0x0000000445800000| Untracked 
| 140|0x0000000446000000, 0x0000000446800000, 0x0000000446800000|100%| O|  |TAMS 0x0000000446000000, 0x0000000446000000| Untracked 
| 141|0x0000000446800000, 0x0000000447000000, 0x0000000447000000|100%| O|  |TAMS 0x0000000447000000, 0x0000000446800000| Untracked 
| 142|0x0000000447000000, 0x0000000447800000, 0x0000000447800000|100%| O|  |TAMS 0x0000000447000000, 0x0000000447000000| Untracked 
| 143|0x0000000447800000, 0x0000000448000000, 0x0000000448000000|100%| O|  |TAMS 0x0000000447800000, 0x0000000447800000| Untracked 
| 144|0x0000000448000000, 0x0000000448800000, 0x0000000448800000|100%| O|  |TAMS 0x0000000448800000, 0x0000000448000000| Untracked 
| 145|0x0000000448800000, 0x0000000449000000, 0x0000000449000000|100%| O|  |TAMS 0x0000000449000000, 0x0000000448800000| Untracked 
| 146|0x0000000449000000, 0x0000000449800000, 0x0000000449800000|100%| O|  |TAMS 0x0000000449000000, 0x0000000449000000| Untracked 
| 147|0x0000000449800000, 0x000000044a000000, 0x000000044a000000|100%| O|  |TAMS 0x0000000449800000, 0x0000000449800000| Untracked 
| 148|0x000000044a000000, 0x000000044a800000, 0x000000044a800000|100%| O|  |TAMS 0x000000044a000000, 0x000000044a000000| Untracked 
| 149|0x000000044a800000, 0x000000044b000000, 0x000000044b000000|100%| O|  |TAMS 0x000000044b000000, 0x000000044a800000| Untracked 
| 150|0x000000044b000000, 0x000000044b800000, 0x000000044b800000|100%| O|  |TAMS 0x000000044b800000, 0x000000044b000000| Untracked 
| 151|0x000000044b800000, 0x000000044c000000, 0x000000044c000000|100%| O|  |TAMS 0x000000044c000000, 0x000000044b800000| Untracked 
| 152|0x000000044c000000, 0x000000044c800000, 0x000000044c800000|100%| O|  |TAMS 0x000000044c800000, 0x000000044c000000| Untracked 
| 153|0x000000044c800000, 0x000000044d000000, 0x000000044d000000|100%| O|  |TAMS 0x000000044d000000, 0x000000044c800000| Untracked 
| 154|0x000000044d000000, 0x000000044d800000, 0x000000044d800000|100%| O|  |TAMS 0x000000044d800000, 0x000000044d000000| Untracked 
| 155|0x000000044d800000, 0x000000044e000000, 0x000000044e000000|100%| O|  |TAMS 0x000000044e000000, 0x000000044d800000| Untracked 
| 156|0x000000044e000000, 0x000000044e800000, 0x000000044e800000|100%| O|  |TAMS 0x000000044e800000, 0x000000044e000000| Untracked 
| 157|0x000000044e800000, 0x000000044f000000, 0x000000044f000000|100%| O|  |TAMS 0x000000044f000000, 0x000000044e800000| Untracked 
| 158|0x000000044f000000, 0x000000044f800000, 0x000000044f800000|100%| O|  |TAMS 0x000000044f800000, 0x000000044f000000| Untracked 
| 159|0x000000044f800000, 0x0000000450000000, 0x0000000450000000|100%| O|  |TAMS 0x0000000450000000, 0x000000044f800000| Untracked 
| 160|0x0000000450000000, 0x0000000450800000, 0x0000000450800000|100%| O|  |TAMS 0x0000000450800000, 0x0000000450000000| Untracked 
| 161|0x0000000450800000, 0x0000000451000000, 0x0000000451000000|100%| O|  |TAMS 0x0000000451000000, 0x0000000450800000| Untracked 
| 162|0x0000000451000000, 0x0000000451800000, 0x0000000451800000|100%| O|  |TAMS 0x0000000451800000, 0x0000000451000000| Untracked 
| 163|0x0000000451800000, 0x0000000452000000, 0x0000000452000000|100%| O|  |TAMS 0x0000000452000000, 0x0000000451800000| Untracked 
| 164|0x0000000452000000, 0x0000000452800000, 0x0000000452800000|100%| O|  |TAMS 0x0000000452800000, 0x0000000452000000| Untracked 
| 165|0x0000000452800000, 0x0000000453000000, 0x0000000453000000|100%| O|  |TAMS 0x0000000453000000, 0x0000000452800000| Untracked 
| 166|0x0000000453000000, 0x0000000453800000, 0x0000000453800000|100%| O|  |TAMS 0x0000000453800000, 0x0000000453000000| Untracked 
| 167|0x0000000453800000, 0x0000000454000000, 0x0000000454000000|100%|HS|  |TAMS 0x0000000454000000, 0x0000000453800000| Complete 
| 168|0x0000000454000000, 0x0000000454800000, 0x0000000454800000|100%|HS|  |TAMS 0x0000000454800000, 0x0000000454000000| Complete 
| 169|0x0000000454800000, 0x0000000455000000, 0x0000000455000000|100%|HS|  |TAMS 0x0000000455000000, 0x0000000454800000| Complete 
| 170|0x0000000455000000, 0x0000000455800000, 0x0000000455800000|100%| O|  |TAMS 0x0000000455800000, 0x0000000455000000| Untracked 
| 171|0x0000000455800000, 0x0000000456000000, 0x0000000456000000|100%| O|  |TAMS 0x0000000456000000, 0x0000000455800000| Untracked 
| 172|0x0000000456000000, 0x0000000456800000, 0x0000000456800000|100%| O|  |TAMS 0x0000000456800000, 0x0000000456000000| Untracked 
| 173|0x0000000456800000, 0x0000000457000000, 0x0000000457000000|100%|HS|  |TAMS 0x0000000457000000, 0x0000000456800000| Complete 
| 174|0x0000000457000000, 0x0000000457800000, 0x0000000457800000|100%|HS|  |TAMS 0x0000000457800000, 0x0000000457000000| Complete 
| 175|0x0000000457800000, 0x0000000458000000, 0x0000000458000000|100%| O|  |TAMS 0x0000000458000000, 0x0000000457800000| Untracked 
| 176|0x0000000458000000, 0x0000000458800000, 0x0000000458800000|100%| O|  |TAMS 0x0000000458800000, 0x0000000458000000| Untracked 
| 177|0x0000000458800000, 0x0000000459000000, 0x0000000459000000|100%| O|  |TAMS 0x0000000459000000, 0x0000000458800000| Untracked 
| 178|0x0000000459000000, 0x0000000459800000, 0x0000000459800000|100%| O|  |TAMS 0x0000000459800000, 0x0000000459000000| Untracked 
| 179|0x0000000459800000, 0x000000045a000000, 0x000000045a000000|100%| O|  |TAMS 0x000000045a000000, 0x0000000459800000| Untracked 
| 180|0x000000045a000000, 0x000000045a800000, 0x000000045a800000|100%| O|  |TAMS 0x000000045a800000, 0x000000045a000000| Untracked 
| 181|0x000000045a800000, 0x000000045b000000, 0x000000045b000000|100%| O|  |TAMS 0x000000045b000000, 0x000000045a800000| Untracked 
| 182|0x000000045b000000, 0x000000045b800000, 0x000000045b800000|100%| O|  |TAMS 0x000000045b800000, 0x000000045b000000| Untracked 
| 183|0x000000045b800000, 0x000000045c000000, 0x000000045c000000|100%| O|  |TAMS 0x000000045c000000, 0x000000045b800000| Untracked 
| 184|0x000000045c000000, 0x000000045c800000, 0x000000045c800000|100%| O|  |TAMS 0x000000045c800000, 0x000000045c000000| Untracked 
| 185|0x000000045c800000, 0x000000045d000000, 0x000000045d000000|100%| O|  |TAMS 0x000000045d000000, 0x000000045c800000| Untracked 
| 186|0x000000045d000000, 0x000000045d800000, 0x000000045d800000|100%| O|  |TAMS 0x000000045d800000, 0x000000045d000000| Untracked 
| 187|0x000000045d800000, 0x000000045e000000, 0x000000045e000000|100%| O|  |TAMS 0x000000045e000000, 0x000000045d800000| Untracked 
| 188|0x000000045e000000, 0x000000045e800000, 0x000000045e800000|100%| O|  |TAMS 0x000000045e800000, 0x000000045e000000| Untracked 
| 189|0x000000045e800000, 0x000000045f000000, 0x000000045f000000|100%| O|  |TAMS 0x000000045f000000, 0x000000045e800000| Untracked 
| 190|0x000000045f000000, 0x000000045f800000, 0x000000045f800000|100%| O|  |TAMS 0x000000045f800000, 0x000000045f000000| Untracked 
| 191|0x000000045f800000, 0x0000000460000000, 0x0000000460000000|100%| O|  |TAMS 0x0000000460000000, 0x000000045f800000| Untracked 
| 192|0x0000000460000000, 0x0000000460800000, 0x0000000460800000|100%| O|  |TAMS 0x0000000460800000, 0x0000000460000000| Untracked 
| 193|0x0000000460800000, 0x0000000461000000, 0x0000000461000000|100%| O|  |TAMS 0x0000000461000000, 0x0000000460800000| Untracked 
| 194|0x0000000461000000, 0x0000000461800000, 0x0000000461800000|100%| O|  |TAMS 0x0000000461800000, 0x0000000461000000| Untracked 
| 195|0x0000000461800000, 0x0000000462000000, 0x0000000462000000|100%| O|  |TAMS 0x0000000462000000, 0x0000000461800000| Untracked 
| 196|0x0000000462000000, 0x0000000462800000, 0x0000000462800000|100%| O|  |TAMS 0x0000000462800000, 0x0000000462000000| Untracked 
| 197|0x0000000462800000, 0x0000000463000000, 0x0000000463000000|100%| O|  |TAMS 0x0000000463000000, 0x0000000462800000| Untracked 
| 198|0x0000000463000000, 0x0000000463800000, 0x0000000463800000|100%| O|  |TAMS 0x0000000463800000, 0x0000000463000000| Untracked 
| 199|0x0000000463800000, 0x0000000464000000, 0x0000000464000000|100%| O|  |TAMS 0x0000000464000000, 0x0000000463800000| Untracked 
| 200|0x0000000464000000, 0x0000000464800000, 0x0000000464800000|100%| O|  |TAMS 0x0000000464800000, 0x0000000464000000| Untracked 
| 201|0x0000000464800000, 0x0000000465000000, 0x0000000465000000|100%| O|  |TAMS 0x0000000465000000, 0x0000000464800000| Untracked 
| 202|0x0000000465000000, 0x0000000465800000, 0x0000000465800000|100%| O|  |TAMS 0x0000000465800000, 0x0000000465000000| Untracked 
| 203|0x0000000465800000, 0x0000000466000000, 0x0000000466000000|100%| O|  |TAMS 0x0000000466000000, 0x0000000465800000| Untracked 
| 204|0x0000000466000000, 0x0000000466800000, 0x0000000466800000|100%| O|  |TAMS 0x0000000466800000, 0x0000000466000000| Untracked 
| 205|0x0000000466800000, 0x0000000467000000, 0x0000000467000000|100%| O|  |TAMS 0x0000000467000000, 0x0000000466800000| Untracked 
| 206|0x0000000467000000, 0x0000000467800000, 0x0000000467800000|100%| O|  |TAMS 0x0000000467800000, 0x0000000467000000| Untracked 
| 207|0x0000000467800000, 0x0000000468000000, 0x0000000468000000|100%| O|  |TAMS 0x0000000468000000, 0x0000000467800000| Untracked 
| 208|0x0000000468000000, 0x0000000468800000, 0x0000000468800000|100%| O|  |TAMS 0x0000000468800000, 0x0000000468000000| Untracked 
| 209|0x0000000468800000, 0x0000000469000000, 0x0000000469000000|100%| O|  |TAMS 0x0000000469000000, 0x0000000468800000| Untracked 
| 210|0x0000000469000000, 0x0000000469800000, 0x0000000469800000|100%| O|  |TAMS 0x0000000469800000, 0x0000000469000000| Untracked 
| 211|0x0000000469800000, 0x000000046a000000, 0x000000046a000000|100%| O|  |TAMS 0x000000046a000000, 0x0000000469800000| Untracked 
| 212|0x000000046a000000, 0x000000046a800000, 0x000000046a800000|100%| O|  |TAMS 0x000000046a800000, 0x000000046a000000| Untracked 
| 213|0x000000046a800000, 0x000000046b000000, 0x000000046b000000|100%| O|  |TAMS 0x000000046b000000, 0x000000046a800000| Untracked 
| 214|0x000000046b000000, 0x000000046b800000, 0x000000046b800000|100%| O|  |TAMS 0x000000046b800000, 0x000000046b000000| Untracked 
| 215|0x000000046b800000, 0x000000046c000000, 0x000000046c000000|100%| O|  |TAMS 0x000000046c000000, 0x000000046b800000| Untracked 
| 216|0x000000046c000000, 0x000000046c800000, 0x000000046c800000|100%| O|  |TAMS 0x000000046c800000, 0x000000046c000000| Untracked 
| 217|0x000000046c800000, 0x000000046d000000, 0x000000046d000000|100%| O|  |TAMS 0x000000046d000000, 0x000000046c800000| Untracked 
| 218|0x000000046d000000, 0x000000046d800000, 0x000000046d800000|100%| O|  |TAMS 0x000000046d800000, 0x000000046d000000| Untracked 
| 219|0x000000046d800000, 0x000000046e000000, 0x000000046e000000|100%| O|  |TAMS 0x000000046e000000, 0x000000046d800000| Untracked 
| 220|0x000000046e000000, 0x000000046e800000, 0x000000046e800000|100%| O|  |TAMS 0x000000046e800000, 0x000000046e000000| Untracked 
| 221|0x000000046e800000, 0x000000046f000000, 0x000000046f000000|100%| O|  |TAMS 0x000000046f000000, 0x000000046e800000| Untracked 
| 222|0x000000046f000000, 0x000000046f800000, 0x000000046f800000|100%| O|  |TAMS 0x000000046f800000, 0x000000046f000000| Untracked 
| 223|0x000000046f800000, 0x0000000470000000, 0x0000000470000000|100%| O|  |TAMS 0x0000000470000000, 0x000000046f800000| Untracked 
| 224|0x0000000470000000, 0x0000000470800000, 0x0000000470800000|100%| O|  |TAMS 0x0000000470800000, 0x0000000470000000| Untracked 
| 225|0x0000000470800000, 0x0000000471000000, 0x0000000471000000|100%| O|  |TAMS 0x0000000471000000, 0x0000000470800000| Untracked 
| 226|0x0000000471000000, 0x0000000471800000, 0x0000000471800000|100%| O|  |TAMS 0x0000000471800000, 0x0000000471000000| Untracked 
| 227|0x0000000471800000, 0x0000000472000000, 0x0000000472000000|100%| O|  |TAMS 0x0000000472000000, 0x0000000471800000| Untracked 
| 228|0x0000000472000000, 0x0000000472800000, 0x0000000472800000|100%| O|  |TAMS 0x0000000472800000, 0x0000000472000000| Untracked 
| 229|0x0000000472800000, 0x0000000473000000, 0x0000000473000000|100%| O|  |TAMS 0x0000000473000000, 0x0000000472800000| Untracked 
| 230|0x0000000473000000, 0x0000000473800000, 0x0000000473800000|100%| O|  |TAMS 0x0000000473800000, 0x0000000473000000| Untracked 
| 231|0x0000000473800000, 0x0000000474000000, 0x0000000474000000|100%| O|  |TAMS 0x0000000474000000, 0x0000000473800000| Untracked 
| 232|0x0000000474000000, 0x0000000474800000, 0x0000000474800000|100%| O|  |TAMS 0x0000000474800000, 0x0000000474000000| Untracked 
| 233|0x0000000474800000, 0x0000000475000000, 0x0000000475000000|100%| O|  |TAMS 0x0000000475000000, 0x0000000474800000| Untracked 
| 234|0x0000000475000000, 0x0000000475800000, 0x0000000475800000|100%| O|  |TAMS 0x0000000475800000, 0x0000000475000000| Untracked 
| 235|0x0000000475800000, 0x0000000476000000, 0x0000000476000000|100%| O|  |TAMS 0x0000000476000000, 0x0000000475800000| Untracked 
| 236|0x0000000476000000, 0x0000000476800000, 0x0000000476800000|100%| O|  |TAMS 0x0000000476800000, 0x0000000476000000| Untracked 
| 237|0x0000000476800000, 0x0000000477000000, 0x0000000477000000|100%| O|  |TAMS 0x0000000477000000, 0x0000000476800000| Untracked 
| 238|0x0000000477000000, 0x0000000477800000, 0x0000000477800000|100%| O|  |TAMS 0x0000000477800000, 0x0000000477000000| Untracked 
| 239|0x0000000477800000, 0x0000000478000000, 0x0000000478000000|100%| O|  |TAMS 0x0000000478000000, 0x0000000477800000| Untracked 
| 240|0x0000000478000000, 0x0000000478800000, 0x0000000478800000|100%| O|  |TAMS 0x0000000478800000, 0x0000000478000000| Untracked 
| 241|0x0000000478800000, 0x0000000479000000, 0x0000000479000000|100%| O|  |TAMS 0x0000000479000000, 0x0000000478800000| Untracked 
| 242|0x0000000479000000, 0x0000000479800000, 0x0000000479800000|100%| O|  |TAMS 0x0000000479800000, 0x0000000479000000| Untracked 
| 243|0x0000000479800000, 0x000000047a000000, 0x000000047a000000|100%| O|  |TAMS 0x000000047a000000, 0x0000000479800000| Untracked 
| 244|0x000000047a000000, 0x000000047a800000, 0x000000047a800000|100%| O|  |TAMS 0x000000047a800000, 0x000000047a000000| Untracked 
| 245|0x000000047a800000, 0x000000047b000000, 0x000000047b000000|100%| O|  |TAMS 0x000000047a800000, 0x000000047a800000| Untracked 
| 246|0x000000047b000000, 0x000000047b800000, 0x000000047b800000|100%| O|  |TAMS 0x000000047b800000, 0x000000047b000000| Untracked 
| 247|0x000000047b800000, 0x000000047c000000, 0x000000047c000000|100%| O|  |TAMS 0x000000047c000000, 0x000000047b800000| Untracked 
| 248|0x000000047c000000, 0x000000047c800000, 0x000000047c800000|100%|HS|  |TAMS 0x000000047c800000, 0x000000047c000000| Complete 
| 249|0x000000047c800000, 0x000000047d000000, 0x000000047d000000|100%|HS|  |TAMS 0x000000047d000000, 0x000000047c800000| Complete 
| 250|0x000000047d000000, 0x000000047d800000, 0x000000047d800000|100%|HC|  |TAMS 0x000000047d800000, 0x000000047d000000| Complete 
| 251|0x000000047d800000, 0x000000047e000000, 0x000000047e000000|100%| O|  |TAMS 0x000000047e000000, 0x000000047d800000| Untracked 
| 252|0x000000047e000000, 0x000000047e800000, 0x000000047e800000|100%|HS|  |TAMS 0x000000047e800000, 0x000000047e000000| Complete 
| 253|0x000000047e800000, 0x000000047f000000, 0x000000047f000000|100%|HC|  |TAMS 0x000000047f000000, 0x000000047e800000| Complete 
| 254|0x000000047f000000, 0x000000047f800000, 0x000000047f800000|100%|HS|  |TAMS 0x000000047f800000, 0x000000047f000000| Complete 
| 255|0x000000047f800000, 0x0000000480000000, 0x0000000480000000|100%|HS|  |TAMS 0x0000000480000000, 0x000000047f800000| Complete 
| 256|0x0000000480000000, 0x0000000480800000, 0x0000000480800000|100%| O|  |TAMS 0x0000000480800000, 0x0000000480000000| Untracked 
| 257|0x0000000480800000, 0x0000000481000000, 0x0000000481000000|100%| O|  |TAMS 0x0000000481000000, 0x0000000480800000| Untracked 
| 258|0x0000000481000000, 0x0000000481800000, 0x0000000481800000|100%| O|  |TAMS 0x0000000481800000, 0x0000000481000000| Untracked 
| 259|0x0000000481800000, 0x0000000482000000, 0x0000000482000000|100%| O|  |TAMS 0x0000000482000000, 0x0000000481800000| Untracked 
| 260|0x0000000482000000, 0x0000000482800000, 0x0000000482800000|100%| O|  |TAMS 0x0000000482800000, 0x0000000482000000| Untracked 
| 261|0x0000000482800000, 0x0000000483000000, 0x0000000483000000|100%| O|  |TAMS 0x0000000483000000, 0x0000000482800000| Untracked 
| 262|0x0000000483000000, 0x0000000483800000, 0x0000000483800000|100%| O|  |TAMS 0x0000000483800000, 0x0000000483000000| Untracked 
| 263|0x0000000483800000, 0x0000000484000000, 0x0000000484000000|100%| O|  |TAMS 0x0000000484000000, 0x0000000483800000| Untracked 
| 264|0x0000000484000000, 0x0000000484800000, 0x0000000484800000|100%| O|  |TAMS 0x0000000484800000, 0x0000000484000000| Untracked 
| 265|0x0000000484800000, 0x0000000485000000, 0x0000000485000000|100%| O|  |TAMS 0x0000000485000000, 0x0000000484800000| Untracked 
| 266|0x0000000485000000, 0x0000000485800000, 0x0000000485800000|100%| O|  |TAMS 0x0000000485800000, 0x0000000485000000| Untracked 
| 267|0x0000000485800000, 0x0000000486000000, 0x0000000486000000|100%| O|  |TAMS 0x0000000486000000, 0x0000000485800000| Untracked 
| 268|0x0000000486000000, 0x0000000486800000, 0x0000000486800000|100%| O|  |TAMS 0x0000000486800000, 0x0000000486000000| Untracked 
| 269|0x0000000486800000, 0x0000000487000000, 0x0000000487000000|100%| O|  |TAMS 0x0000000487000000, 0x0000000486800000| Untracked 
| 270|0x0000000487000000, 0x0000000487800000, 0x0000000487800000|100%| O|  |TAMS 0x0000000487800000, 0x0000000487000000| Untracked 
| 271|0x0000000487800000, 0x0000000488000000, 0x0000000488000000|100%| O|  |TAMS 0x0000000488000000, 0x0000000487800000| Untracked 
| 272|0x0000000488000000, 0x0000000488800000, 0x0000000488800000|100%| O|  |TAMS 0x0000000488800000, 0x0000000488000000| Untracked 
| 273|0x0000000488800000, 0x0000000489000000, 0x0000000489000000|100%| O|  |TAMS 0x0000000489000000, 0x0000000488800000| Untracked 
| 274|0x0000000489000000, 0x0000000489800000, 0x0000000489800000|100%| O|  |TAMS 0x0000000489800000, 0x0000000489000000| Untracked 
| 275|0x0000000489800000, 0x000000048a000000, 0x000000048a000000|100%| O|  |TAMS 0x000000048a000000, 0x0000000489800000| Untracked 
| 276|0x000000048a000000, 0x000000048a800000, 0x000000048a800000|100%| O|  |TAMS 0x000000048a800000, 0x000000048a000000| Untracked 
| 277|0x000000048a800000, 0x000000048b000000, 0x000000048b000000|100%| O|  |TAMS 0x000000048b000000, 0x000000048a800000| Untracked 
| 278|0x000000048b000000, 0x000000048b800000, 0x000000048b800000|100%| O|  |TAMS 0x000000048b800000, 0x000000048b000000| Untracked 
| 279|0x000000048b800000, 0x000000048c000000, 0x000000048c000000|100%| O|  |TAMS 0x000000048c000000, 0x000000048b800000| Untracked 
| 280|0x000000048c000000, 0x000000048c800000, 0x000000048c800000|100%| O|  |TAMS 0x000000048c800000, 0x000000048c000000| Untracked 
| 281|0x000000048c800000, 0x000000048d000000, 0x000000048d000000|100%| O|  |TAMS 0x000000048d000000, 0x000000048c800000| Untracked 
| 282|0x000000048d000000, 0x000000048d800000, 0x000000048d800000|100%| O|  |TAMS 0x000000048d800000, 0x000000048d000000| Untracked 
| 283|0x000000048d800000, 0x000000048e000000, 0x000000048e000000|100%| O|  |TAMS 0x000000048e000000, 0x000000048d800000| Untracked 
| 284|0x000000048e000000, 0x000000048e800000, 0x000000048e800000|100%| O|  |TAMS 0x000000048e800000, 0x000000048e000000| Untracked 
| 285|0x000000048e800000, 0x000000048f000000, 0x000000048f000000|100%| O|  |TAMS 0x000000048f000000, 0x000000048e800000| Untracked 
| 286|0x000000048f000000, 0x000000048f800000, 0x000000048f800000|100%| O|  |TAMS 0x000000048f800000, 0x000000048f000000| Untracked 
| 287|0x000000048f800000, 0x0000000490000000, 0x0000000490000000|100%| O|  |TAMS 0x0000000490000000, 0x000000048f800000| Untracked 
| 288|0x0000000490000000, 0x0000000490800000, 0x0000000490800000|100%| O|  |TAMS 0x0000000490800000, 0x0000000490000000| Untracked 
| 289|0x0000000490800000, 0x0000000491000000, 0x0000000491000000|100%| O|  |TAMS 0x0000000491000000, 0x0000000490800000| Untracked 
| 290|0x0000000491000000, 0x0000000491800000, 0x0000000491800000|100%| O|  |TAMS 0x0000000491800000, 0x0000000491000000| Untracked 
| 291|0x0000000491800000, 0x0000000492000000, 0x0000000492000000|100%| O|  |TAMS 0x0000000492000000, 0x0000000491800000| Untracked 
| 292|0x0000000492000000, 0x0000000492800000, 0x0000000492800000|100%| O|  |TAMS 0x0000000492800000, 0x0000000492000000| Untracked 
| 293|0x0000000492800000, 0x0000000493000000, 0x0000000493000000|100%| O|  |TAMS 0x0000000493000000, 0x0000000492800000| Untracked 
| 294|0x0000000493000000, 0x0000000493800000, 0x0000000493800000|100%| O|  |TAMS 0x0000000493800000, 0x0000000493000000| Untracked 
| 295|0x0000000493800000, 0x0000000494000000, 0x0000000494000000|100%| O|  |TAMS 0x0000000493800000, 0x0000000493800000| Untracked 
| 296|0x0000000494000000, 0x0000000494800000, 0x0000000494800000|100%| O|  |TAMS 0x0000000494800000, 0x0000000494000000| Untracked 
| 297|0x0000000494800000, 0x0000000495000000, 0x0000000495000000|100%| O|  |TAMS 0x0000000495000000, 0x0000000494800000| Untracked 
| 298|0x0000000495000000, 0x0000000495800000, 0x0000000495800000|100%| O|  |TAMS 0x0000000495800000, 0x0000000495000000| Untracked 
| 299|0x0000000495800000, 0x0000000496000000, 0x0000000496000000|100%| O|  |TAMS 0x0000000496000000, 0x0000000495800000| Untracked 
| 300|0x0000000496000000, 0x0000000496800000, 0x0000000496800000|100%| O|  |TAMS 0x0000000496800000, 0x0000000496000000| Untracked 
| 301|0x0000000496800000, 0x0000000497000000, 0x0000000497000000|100%| O|  |TAMS 0x0000000497000000, 0x0000000496800000| Untracked 
| 302|0x0000000497000000, 0x0000000497800000, 0x0000000497800000|100%| O|  |TAMS 0x0000000497800000, 0x0000000497000000| Untracked 
| 303|0x0000000497800000, 0x0000000498000000, 0x0000000498000000|100%| O|  |TAMS 0x0000000498000000, 0x0000000497800000| Untracked 
| 304|0x0000000498000000, 0x0000000498800000, 0x0000000498800000|100%| O|  |TAMS 0x0000000498800000, 0x0000000498000000| Untracked 
| 305|0x0000000498800000, 0x0000000499000000, 0x0000000499000000|100%| O|  |TAMS 0x0000000499000000, 0x0000000498800000| Untracked 
| 306|0x0000000499000000, 0x0000000499800000, 0x0000000499800000|100%| O|  |TAMS 0x0000000499000000, 0x0000000499000000| Untracked 
| 307|0x0000000499800000, 0x000000049a000000, 0x000000049a000000|100%| O|  |TAMS 0x000000049a000000, 0x0000000499800000| Untracked 
| 308|0x000000049a000000, 0x000000049a800000, 0x000000049a800000|100%| O|  |TAMS 0x000000049a800000, 0x000000049a000000| Untracked 
| 309|0x000000049a800000, 0x000000049b000000, 0x000000049b000000|100%| O|  |TAMS 0x000000049b000000, 0x000000049a800000| Untracked 
| 310|0x000000049b000000, 0x000000049b800000, 0x000000049b800000|100%| O|  |TAMS 0x000000049b000000, 0x000000049b000000| Untracked 
| 311|0x000000049b800000, 0x000000049c000000, 0x000000049c000000|100%| O|  |TAMS 0x000000049c000000, 0x000000049b800000| Untracked 
| 312|0x000000049c000000, 0x000000049c800000, 0x000000049c800000|100%| O|  |TAMS 0x000000049c800000, 0x000000049c000000| Untracked 
| 313|0x000000049c800000, 0x000000049d000000, 0x000000049d000000|100%| O|  |TAMS 0x000000049d000000, 0x000000049c800000| Untracked 
| 314|0x000000049d000000, 0x000000049d800000, 0x000000049d800000|100%| O|  |TAMS 0x000000049d800000, 0x000000049d000000| Untracked 
| 315|0x000000049d800000, 0x000000049e000000, 0x000000049e000000|100%| O|  |TAMS 0x000000049e000000, 0x000000049d800000| Untracked 
| 316|0x000000049e000000, 0x000000049e800000, 0x000000049e800000|100%| O|  |TAMS 0x000000049e800000, 0x000000049e000000| Untracked 
| 317|0x000000049e800000, 0x000000049f000000, 0x000000049f000000|100%| O|  |TAMS 0x000000049f000000, 0x000000049e800000| Untracked 
| 318|0x000000049f000000, 0x000000049f800000, 0x000000049f800000|100%| O|  |TAMS 0x000000049f800000, 0x000000049f000000| Untracked 
| 319|0x000000049f800000, 0x00000004a0000000, 0x00000004a0000000|100%| O|  |TAMS 0x00000004a0000000, 0x000000049f800000| Untracked 
| 320|0x00000004a0000000, 0x00000004a0800000, 0x00000004a0800000|100%| O|  |TAMS 0x00000004a0800000, 0x00000004a0000000| Untracked 
| 321|0x00000004a0800000, 0x00000004a1000000, 0x00000004a1000000|100%| O|  |TAMS 0x00000004a1000000, 0x00000004a0800000| Untracked 
| 322|0x00000004a1000000, 0x00000004a1800000, 0x00000004a1800000|100%| O|  |TAMS 0x00000004a1800000, 0x00000004a1000000| Untracked 
| 323|0x00000004a1800000, 0x00000004a2000000, 0x00000004a2000000|100%| O|  |TAMS 0x00000004a2000000, 0x00000004a1800000| Untracked 
| 324|0x00000004a2000000, 0x00000004a2800000, 0x00000004a2800000|100%| O|  |TAMS 0x00000004a2800000, 0x00000004a2000000| Untracked 
| 325|0x00000004a2800000, 0x00000004a3000000, 0x00000004a3000000|100%| O|  |TAMS 0x00000004a3000000, 0x00000004a2800000| Untracked 
| 326|0x00000004a3000000, 0x00000004a3800000, 0x00000004a3800000|100%| O|  |TAMS 0x00000004a3800000, 0x00000004a3000000| Untracked 
| 327|0x00000004a3800000, 0x00000004a4000000, 0x00000004a4000000|100%| O|  |TAMS 0x00000004a4000000, 0x00000004a3800000| Untracked 
| 328|0x00000004a4000000, 0x00000004a4800000, 0x00000004a4800000|100%| O|  |TAMS 0x00000004a4800000, 0x00000004a4000000| Untracked 
| 329|0x00000004a4800000, 0x00000004a5000000, 0x00000004a5000000|100%| O|  |TAMS 0x00000004a5000000, 0x00000004a4800000| Untracked 
| 330|0x00000004a5000000, 0x00000004a5800000, 0x00000004a5800000|100%| O|  |TAMS 0x00000004a5800000, 0x00000004a5000000| Untracked 
| 331|0x00000004a5800000, 0x00000004a6000000, 0x00000004a6000000|100%| O|  |TAMS 0x00000004a6000000, 0x00000004a5800000| Untracked 
| 332|0x00000004a6000000, 0x00000004a6800000, 0x00000004a6800000|100%| O|  |TAMS 0x00000004a6800000, 0x00000004a6000000| Untracked 
| 333|0x00000004a6800000, 0x00000004a7000000, 0x00000004a7000000|100%| O|  |TAMS 0x00000004a7000000, 0x00000004a6800000| Untracked 
| 334|0x00000004a7000000, 0x00000004a7800000, 0x00000004a7800000|100%| O|  |TAMS 0x00000004a7800000, 0x00000004a7000000| Untracked 
| 335|0x00000004a7800000, 0x00000004a8000000, 0x00000004a8000000|100%| O|  |TAMS 0x00000004a8000000, 0x00000004a7800000| Untracked 
| 336|0x00000004a8000000, 0x00000004a8800000, 0x00000004a8800000|100%| O|  |TAMS 0x00000004a8800000, 0x00000004a8000000| Untracked 
| 337|0x00000004a8800000, 0x00000004a9000000, 0x00000004a9000000|100%| O|  |TAMS 0x00000004a9000000, 0x00000004a8800000| Untracked 
| 338|0x00000004a9000000, 0x00000004a9800000, 0x00000004a9800000|100%| O|  |TAMS 0x00000004a9800000, 0x00000004a9000000| Untracked 
| 339|0x00000004a9800000, 0x00000004aa000000, 0x00000004aa000000|100%| O|  |TAMS 0x00000004aa000000, 0x00000004a9800000| Untracked 
| 340|0x00000004aa000000, 0x00000004aa800000, 0x00000004aa800000|100%| O|  |TAMS 0x00000004aa800000, 0x00000004aa000000| Untracked 
| 341|0x00000004aa800000, 0x00000004ab000000, 0x00000004ab000000|100%| O|  |TAMS 0x00000004ab000000, 0x00000004aa800000| Untracked 
| 342|0x00000004ab000000, 0x00000004ab800000, 0x00000004ab800000|100%| O|  |TAMS 0x00000004ab800000, 0x00000004ab000000| Untracked 
| 343|0x00000004ab800000, 0x00000004ac000000, 0x00000004ac000000|100%| O|  |TAMS 0x00000004ac000000, 0x00000004ab800000| Untracked 
| 344|0x00000004ac000000, 0x00000004ac800000, 0x00000004ac800000|100%| O|  |TAMS 0x00000004ac800000, 0x00000004ac000000| Untracked 
| 345|0x00000004ac800000, 0x00000004ad000000, 0x00000004ad000000|100%| O|  |TAMS 0x00000004ad000000, 0x00000004ac800000| Untracked 
| 346|0x00000004ad000000, 0x00000004ad800000, 0x00000004ad800000|100%| O|  |TAMS 0x00000004ad800000, 0x00000004ad000000| Untracked 
| 347|0x00000004ad800000, 0x00000004ae000000, 0x00000004ae000000|100%| O|  |TAMS 0x00000004ae000000, 0x00000004ad800000| Untracked 
| 348|0x00000004ae000000, 0x00000004ae800000, 0x00000004ae800000|100%| O|  |TAMS 0x00000004ae800000, 0x00000004ae000000| Untracked 
| 349|0x00000004ae800000, 0x00000004af000000, 0x00000004af000000|100%| O|  |TAMS 0x00000004af000000, 0x00000004ae800000| Untracked 
| 350|0x00000004af000000, 0x00000004af800000, 0x00000004af800000|100%| O|  |TAMS 0x00000004af800000, 0x00000004af000000| Untracked 
| 351|0x00000004af800000, 0x00000004b0000000, 0x00000004b0000000|100%| O|  |TAMS 0x00000004b0000000, 0x00000004af800000| Untracked 
| 352|0x00000004b0000000, 0x00000004b0800000, 0x00000004b0800000|100%| O|  |TAMS 0x00000004b0800000, 0x00000004b0000000| Untracked 
| 353|0x00000004b0800000, 0x00000004b1000000, 0x00000004b1000000|100%| O|  |TAMS 0x00000004b0800000, 0x00000004b0800000| Untracked 
| 354|0x00000004b1000000, 0x00000004b1800000, 0x00000004b1800000|100%| O|  |TAMS 0x00000004b1800000, 0x00000004b1000000| Untracked 
| 355|0x00000004b1800000, 0x00000004b2000000, 0x00000004b2000000|100%| O|  |TAMS 0x00000004b2000000, 0x00000004b1800000| Untracked 
| 356|0x00000004b2000000, 0x00000004b2800000, 0x00000004b2800000|100%| O|  |TAMS 0x00000004b2800000, 0x00000004b2000000| Untracked 
| 357|0x00000004b2800000, 0x00000004b3000000, 0x00000004b3000000|100%| O|  |TAMS 0x00000004b3000000, 0x00000004b2800000| Untracked 
| 358|0x00000004b3000000, 0x00000004b3800000, 0x00000004b3800000|100%| O|  |TAMS 0x00000004b3800000, 0x00000004b3000000| Untracked 
| 359|0x00000004b3800000, 0x00000004b4000000, 0x00000004b4000000|100%| O|  |TAMS 0x00000004b4000000, 0x00000004b3800000| Untracked 
| 360|0x00000004b4000000, 0x00000004b4800000, 0x00000004b4800000|100%| O|  |TAMS 0x00000004b4800000, 0x00000004b4000000| Untracked 
| 361|0x00000004b4800000, 0x00000004b5000000, 0x00000004b5000000|100%| O|  |TAMS 0x00000004b5000000, 0x00000004b4800000| Untracked 
| 362|0x00000004b5000000, 0x00000004b5800000, 0x00000004b5800000|100%| O|  |TAMS 0x00000004b5800000, 0x00000004b5000000| Untracked 
| 363|0x00000004b5800000, 0x00000004b6000000, 0x00000004b6000000|100%| O|  |TAMS 0x00000004b6000000, 0x00000004b5800000| Untracked 
| 364|0x00000004b6000000, 0x00000004b6800000, 0x00000004b6800000|100%| O|  |TAMS 0x00000004b6800000, 0x00000004b6000000| Untracked 
| 365|0x00000004b6800000, 0x00000004b7000000, 0x00000004b7000000|100%| O|  |TAMS 0x00000004b7000000, 0x00000004b6800000| Untracked 
| 366|0x00000004b7000000, 0x00000004b7800000, 0x00000004b7800000|100%| O|  |TAMS 0x00000004b7800000, 0x00000004b7000000| Untracked 
| 367|0x00000004b7800000, 0x00000004b8000000, 0x00000004b8000000|100%| O|  |TAMS 0x00000004b8000000, 0x00000004b7800000| Untracked 
| 368|0x00000004b8000000, 0x00000004b8800000, 0x00000004b8800000|100%| O|  |TAMS 0x00000004b8800000, 0x00000004b8000000| Untracked 
| 369|0x00000004b8800000, 0x00000004b9000000, 0x00000004b9000000|100%| O|  |TAMS 0x00000004b9000000, 0x00000004b8800000| Untracked 
| 370|0x00000004b9000000, 0x00000004b9800000, 0x00000004b9800000|100%| O|  |TAMS 0x00000004b9800000, 0x00000004b9000000| Untracked 
| 371|0x00000004b9800000, 0x00000004ba000000, 0x00000004ba000000|100%| O|  |TAMS 0x00000004ba000000, 0x00000004b9800000| Untracked 
| 372|0x00000004ba000000, 0x00000004ba800000, 0x00000004ba800000|100%| O|  |TAMS 0x00000004ba800000, 0x00000004ba000000| Untracked 
| 373|0x00000004ba800000, 0x00000004bb000000, 0x00000004bb000000|100%| O|  |TAMS 0x00000004bb000000, 0x00000004ba800000| Untracked 
| 374|0x00000004bb000000, 0x00000004bb800000, 0x00000004bb800000|100%| O|  |TAMS 0x00000004bb800000, 0x00000004bb000000| Untracked 
| 375|0x00000004bb800000, 0x00000004bc000000, 0x00000004bc000000|100%| O|  |TAMS 0x00000004bc000000, 0x00000004bb800000| Untracked 
| 376|0x00000004bc000000, 0x00000004bc800000, 0x00000004bc800000|100%| O|  |TAMS 0x00000004bc800000, 0x00000004bc000000| Untracked 
| 377|0x00000004bc800000, 0x00000004bd000000, 0x00000004bd000000|100%| O|  |TAMS 0x00000004bd000000, 0x00000004bc800000| Untracked 
| 378|0x00000004bd000000, 0x00000004bd800000, 0x00000004bd800000|100%| O|  |TAMS 0x00000004bd800000, 0x00000004bd000000| Untracked 
| 379|0x00000004bd800000, 0x00000004be000000, 0x00000004be000000|100%| O|  |TAMS 0x00000004be000000, 0x00000004bd800000| Untracked 
| 380|0x00000004be000000, 0x00000004be800000, 0x00000004be800000|100%| O|  |TAMS 0x00000004be800000, 0x00000004be000000| Untracked 
| 381|0x00000004be800000, 0x00000004bf000000, 0x00000004bf000000|100%| O|  |TAMS 0x00000004bf000000, 0x00000004be800000| Untracked 
| 382|0x00000004bf000000, 0x00000004bf800000, 0x00000004bf800000|100%| O|  |TAMS 0x00000004bf800000, 0x00000004bf000000| Untracked 
| 383|0x00000004bf800000, 0x00000004c0000000, 0x00000004c0000000|100%| O|  |TAMS 0x00000004c0000000, 0x00000004bf800000| Untracked 
| 384|0x00000004c0000000, 0x00000004c0800000, 0x00000004c0800000|100%| O|  |TAMS 0x00000004c0800000, 0x00000004c0000000| Untracked 
| 385|0x00000004c0800000, 0x00000004c1000000, 0x00000004c1000000|100%| O|  |TAMS 0x00000004c1000000, 0x00000004c0800000| Untracked 
| 386|0x00000004c1000000, 0x00000004c1800000, 0x00000004c1800000|100%| O|  |TAMS 0x00000004c1800000, 0x00000004c1000000| Untracked 
| 387|0x00000004c1800000, 0x00000004c2000000, 0x00000004c2000000|100%| O|  |TAMS 0x00000004c2000000, 0x00000004c1800000| Untracked 
| 388|0x00000004c2000000, 0x00000004c2800000, 0x00000004c2800000|100%| O|  |TAMS 0x00000004c2800000, 0x00000004c2000000| Untracked 
| 389|0x00000004c2800000, 0x00000004c3000000, 0x00000004c3000000|100%| O|  |TAMS 0x00000004c3000000, 0x00000004c2800000| Untracked 
| 390|0x00000004c3000000, 0x00000004c3800000, 0x00000004c3800000|100%| O|  |TAMS 0x00000004c3800000, 0x00000004c3000000| Untracked 
| 391|0x00000004c3800000, 0x00000004c4000000, 0x00000004c4000000|100%| O|  |TAMS 0x00000004c4000000, 0x00000004c3800000| Untracked 
| 392|0x00000004c4000000, 0x00000004c4800000, 0x00000004c4800000|100%| O|  |TAMS 0x00000004c4800000, 0x00000004c4000000| Untracked 
| 393|0x00000004c4800000, 0x00000004c5000000, 0x00000004c5000000|100%| O|  |TAMS 0x00000004c5000000, 0x00000004c4800000| Untracked 
| 394|0x00000004c5000000, 0x00000004c5800000, 0x00000004c5800000|100%| O|  |TAMS 0x00000004c5800000, 0x00000004c5000000| Untracked 
| 395|0x00000004c5800000, 0x00000004c6000000, 0x00000004c6000000|100%| O|  |TAMS 0x00000004c6000000, 0x00000004c5800000| Untracked 
| 396|0x00000004c6000000, 0x00000004c6800000, 0x00000004c6800000|100%| O|  |TAMS 0x00000004c6800000, 0x00000004c6000000| Untracked 
| 397|0x00000004c6800000, 0x00000004c7000000, 0x00000004c7000000|100%| O|  |TAMS 0x00000004c7000000, 0x00000004c6800000| Untracked 
| 398|0x00000004c7000000, 0x00000004c7800000, 0x00000004c7800000|100%| O|  |TAMS 0x00000004c7800000, 0x00000004c7000000| Untracked 
| 399|0x00000004c7800000, 0x00000004c8000000, 0x00000004c8000000|100%| O|  |TAMS 0x00000004c8000000, 0x00000004c7800000| Untracked 
| 400|0x00000004c8000000, 0x00000004c8800000, 0x00000004c8800000|100%| O|  |TAMS 0x00000004c8800000, 0x00000004c8000000| Untracked 
| 401|0x00000004c8800000, 0x00000004c9000000, 0x00000004c9000000|100%| O|  |TAMS 0x00000004c9000000, 0x00000004c8800000| Untracked 
| 402|0x00000004c9000000, 0x00000004c9800000, 0x00000004c9800000|100%| O|  |TAMS 0x00000004c9800000, 0x00000004c9000000| Untracked 
| 403|0x00000004c9800000, 0x00000004ca000000, 0x00000004ca000000|100%| O|  |TAMS 0x00000004ca000000, 0x00000004c9800000| Untracked 
| 404|0x00000004ca000000, 0x00000004ca800000, 0x00000004ca800000|100%| O|  |TAMS 0x00000004ca800000, 0x00000004ca000000| Untracked 
| 405|0x00000004ca800000, 0x00000004cb000000, 0x00000004cb000000|100%| O|  |TAMS 0x00000004cb000000, 0x00000004ca800000| Untracked 
| 406|0x00000004cb000000, 0x00000004cb800000, 0x00000004cb800000|100%| O|  |TAMS 0x00000004cb800000, 0x00000004cb000000| Untracked 
| 407|0x00000004cb800000, 0x00000004cc000000, 0x00000004cc000000|100%| O|  |TAMS 0x00000004cc000000, 0x00000004cb800000| Untracked 
| 408|0x00000004cc000000, 0x00000004cc800000, 0x00000004cc800000|100%| O|  |TAMS 0x00000004cc800000, 0x00000004cc000000| Untracked 
| 409|0x00000004cc800000, 0x00000004cd000000, 0x00000004cd000000|100%| O|  |TAMS 0x00000004cd000000, 0x00000004cc800000| Untracked 
| 410|0x00000004cd000000, 0x00000004cd800000, 0x00000004cd800000|100%| O|  |TAMS 0x00000004cd800000, 0x00000004cd000000| Untracked 
| 411|0x00000004cd800000, 0x00000004ce000000, 0x00000004ce000000|100%| O|  |TAMS 0x00000004ce000000, 0x00000004cd800000| Untracked 
| 412|0x00000004ce000000, 0x00000004ce800000, 0x00000004ce800000|100%| O|  |TAMS 0x00000004ce800000, 0x00000004ce000000| Untracked 
| 413|0x00000004ce800000, 0x00000004cf000000, 0x00000004cf000000|100%| O|  |TAMS 0x00000004cf000000, 0x00000004ce800000| Untracked 
| 414|0x00000004cf000000, 0x00000004cf800000, 0x00000004cf800000|100%| O|  |TAMS 0x00000004cf800000, 0x00000004cf000000| Untracked 
| 415|0x00000004cf800000, 0x00000004d0000000, 0x00000004d0000000|100%| O|  |TAMS 0x00000004d0000000, 0x00000004cf800000| Untracked 
| 416|0x00000004d0000000, 0x00000004d0800000, 0x00000004d0800000|100%| O|  |TAMS 0x00000004d0800000, 0x00000004d0000000| Untracked 
| 417|0x00000004d0800000, 0x00000004d1000000, 0x00000004d1000000|100%| O|  |TAMS 0x00000004d1000000, 0x00000004d0800000| Untracked 
| 418|0x00000004d1000000, 0x00000004d1800000, 0x00000004d1800000|100%| O|  |TAMS 0x00000004d1800000, 0x00000004d1000000| Untracked 
| 419|0x00000004d1800000, 0x00000004d2000000, 0x00000004d2000000|100%| O|  |TAMS 0x00000004d2000000, 0x00000004d1800000| Untracked 
| 420|0x00000004d2000000, 0x00000004d2800000, 0x00000004d2800000|100%| O|  |TAMS 0x00000004d2800000, 0x00000004d2000000| Untracked 
| 421|0x00000004d2800000, 0x00000004d3000000, 0x00000004d3000000|100%| O|  |TAMS 0x00000004d3000000, 0x00000004d2800000| Untracked 
| 422|0x00000004d3000000, 0x00000004d3800000, 0x00000004d3800000|100%| O|  |TAMS 0x00000004d3800000, 0x00000004d3000000| Untracked 
| 423|0x00000004d3800000, 0x00000004d4000000, 0x00000004d4000000|100%| O|  |TAMS 0x00000004d4000000, 0x00000004d3800000| Untracked 
| 424|0x00000004d4000000, 0x00000004d4800000, 0x00000004d4800000|100%| O|  |TAMS 0x00000004d4800000, 0x00000004d4000000| Untracked 
| 425|0x00000004d4800000, 0x00000004d5000000, 0x00000004d5000000|100%| O|  |TAMS 0x00000004d4fb2200, 0x00000004d4800000| Untracked 
| 426|0x00000004d5000000, 0x00000004d5800000, 0x00000004d5800000|100%| O|  |TAMS 0x00000004d5000000, 0x00000004d5000000| Untracked 
| 427|0x00000004d5800000, 0x00000004d6000000, 0x00000004d6000000|100%| O|  |TAMS 0x00000004d5800000, 0x00000004d5800000| Untracked 
| 428|0x00000004d6000000, 0x00000004d6800000, 0x00000004d6800000|100%| O|  |TAMS 0x00000004d6000000, 0x00000004d6000000| Untracked 
| 429|0x00000004d6800000, 0x00000004d7000000, 0x00000004d7000000|100%| O|  |TAMS 0x00000004d6800000, 0x00000004d6800000| Untracked 
| 430|0x00000004d7000000, 0x00000004d7800000, 0x00000004d7800000|100%| O|  |TAMS 0x00000004d7000000, 0x00000004d7000000| Untracked 
| 431|0x00000004d7800000, 0x00000004d8000000, 0x00000004d8000000|100%| O|  |TAMS 0x00000004d7800000, 0x00000004d7800000| Untracked 
| 432|0x00000004d8000000, 0x00000004d8800000, 0x00000004d8800000|100%| O|  |TAMS 0x00000004d8000000, 0x00000004d8000000| Untracked 
| 433|0x00000004d8800000, 0x00000004d9000000, 0x00000004d9000000|100%| O|  |TAMS 0x00000004d8800000, 0x00000004d8800000| Untracked 
| 434|0x00000004d9000000, 0x00000004d9800000, 0x00000004d9800000|100%| O|  |TAMS 0x00000004d9000000, 0x00000004d9000000| Untracked 
| 435|0x00000004d9800000, 0x00000004d9972400, 0x00000004da000000| 18%| O|  |TAMS 0x00000004d9800000, 0x00000004d9800000| Untracked 
| 436|0x00000004da000000, 0x00000004da000000, 0x00000004da800000|  0%| F|  |TAMS 0x00000004da000000, 0x00000004da000000| Untracked 
| 437|0x00000004da800000, 0x00000004da800000, 0x00000004db000000|  0%| F|  |TAMS 0x00000004da800000, 0x00000004da800000| Untracked 
| 438|0x00000004db000000, 0x00000004db000000, 0x00000004db800000|  0%| F|  |TAMS 0x00000004db000000, 0x00000004db000000| Untracked 
| 439|0x00000004db800000, 0x00000004db800000, 0x00000004dc000000|  0%| F|  |TAMS 0x00000004db800000, 0x00000004db800000| Untracked 
| 440|0x00000004dc000000, 0x00000004dc000000, 0x00000004dc800000|  0%| F|  |TAMS 0x00000004dc000000, 0x00000004dc000000| Untracked 
| 441|0x00000004dc800000, 0x00000004dc800000, 0x00000004dd000000|  0%| F|  |TAMS 0x00000004dc800000, 0x00000004dc800000| Untracked 
| 442|0x00000004dd000000, 0x00000004dd000000, 0x00000004dd800000|  0%| F|  |TAMS 0x00000004dd000000, 0x00000004dd000000| Untracked 
| 443|0x00000004dd800000, 0x00000004dd800000, 0x00000004de000000|  0%| F|  |TAMS 0x00000004dd800000, 0x00000004dd800000| Untracked 
| 444|0x00000004de000000, 0x00000004de000000, 0x00000004de800000|  0%| F|  |TAMS 0x00000004de000000, 0x00000004de000000| Untracked 
| 445|0x00000004de800000, 0x00000004de800000, 0x00000004df000000|  0%| F|  |TAMS 0x00000004de800000, 0x00000004de800000| Untracked 
| 446|0x00000004df000000, 0x00000004df000000, 0x00000004df800000|  0%| F|  |TAMS 0x00000004df000000, 0x00000004df000000| Untracked 
| 447|0x00000004df800000, 0x00000004df800000, 0x00000004e0000000|  0%| F|  |TAMS 0x00000004df800000, 0x00000004df800000| Untracked 
| 448|0x00000004e0000000, 0x00000004e0000000, 0x00000004e0800000|  0%| F|  |TAMS 0x00000004e0000000, 0x00000004e0000000| Untracked 
| 449|0x00000004e0800000, 0x00000004e0800000, 0x00000004e1000000|  0%| F|  |TAMS 0x00000004e0800000, 0x00000004e0800000| Untracked 
| 450|0x00000004e1000000, 0x00000004e1000000, 0x00000004e1800000|  0%| F|  |TAMS 0x00000004e1000000, 0x00000004e1000000| Untracked 
| 451|0x00000004e1800000, 0x00000004e1800000, 0x00000004e2000000|  0%| F|  |TAMS 0x00000004e1800000, 0x00000004e1800000| Untracked 
| 452|0x00000004e2000000, 0x00000004e2000000, 0x00000004e2800000|  0%| F|  |TAMS 0x00000004e2000000, 0x00000004e2000000| Untracked 
| 453|0x00000004e2800000, 0x00000004e2800000, 0x00000004e3000000|  0%| F|  |TAMS 0x00000004e2800000, 0x00000004e2800000| Untracked 
| 454|0x00000004e3000000, 0x00000004e3000000, 0x00000004e3800000|  0%| F|  |TAMS 0x00000004e3000000, 0x00000004e3000000| Untracked 
| 455|0x00000004e3800000, 0x00000004e3800000, 0x00000004e4000000|  0%| F|  |TAMS 0x00000004e3800000, 0x00000004e3800000| Untracked 
| 456|0x00000004e4000000, 0x00000004e4000000, 0x00000004e4800000|  0%| F|  |TAMS 0x00000004e4000000, 0x00000004e4000000| Untracked 
| 457|0x00000004e4800000, 0x00000004e4800000, 0x00000004e5000000|  0%| F|  |TAMS 0x00000004e4800000, 0x00000004e4800000| Untracked 
| 458|0x00000004e5000000, 0x00000004e5000000, 0x00000004e5800000|  0%| F|  |TAMS 0x00000004e5000000, 0x00000004e5000000| Untracked 
| 459|0x00000004e5800000, 0x00000004e5800000, 0x00000004e6000000|  0%| F|  |TAMS 0x00000004e5800000, 0x00000004e5800000| Untracked 
| 460|0x00000004e6000000, 0x00000004e6000000, 0x00000004e6800000|  0%| F|  |TAMS 0x00000004e6000000, 0x00000004e6000000| Untracked 
| 461|0x00000004e6800000, 0x00000004e6800000, 0x00000004e7000000|  0%| F|  |TAMS 0x00000004e6800000, 0x00000004e6800000| Untracked 
| 462|0x00000004e7000000, 0x00000004e7000000, 0x00000004e7800000|  0%| F|  |TAMS 0x00000004e7000000, 0x00000004e7000000| Untracked 
| 463|0x00000004e7800000, 0x00000004e7800000, 0x00000004e8000000|  0%| F|  |TAMS 0x00000004e7800000, 0x00000004e7800000| Untracked 
| 464|0x00000004e8000000, 0x00000004e8000000, 0x00000004e8800000|  0%| F|  |TAMS 0x00000004e8000000, 0x00000004e8000000| Untracked 
| 465|0x00000004e8800000, 0x00000004e8800000, 0x00000004e9000000|  0%| F|  |TAMS 0x00000004e8800000, 0x00000004e8800000| Untracked 
| 466|0x00000004e9000000, 0x00000004e9000000, 0x00000004e9800000|  0%| F|  |TAMS 0x00000004e9000000, 0x00000004e9000000| Untracked 
| 467|0x00000004e9800000, 0x00000004e9800000, 0x00000004ea000000|  0%| F|  |TAMS 0x00000004e9800000, 0x00000004e9800000| Untracked 
| 468|0x00000004ea000000, 0x00000004ea000000, 0x00000004ea800000|  0%| F|  |TAMS 0x00000004ea000000, 0x00000004ea000000| Untracked 
| 469|0x00000004ea800000, 0x00000004ea800000, 0x00000004eb000000|  0%| F|  |TAMS 0x00000004ea800000, 0x00000004ea800000| Untracked 
| 470|0x00000004eb000000, 0x00000004eb000000, 0x00000004eb800000|  0%| F|  |TAMS 0x00000004eb000000, 0x00000004eb000000| Untracked 
| 471|0x00000004eb800000, 0x00000004eb800000, 0x00000004ec000000|  0%| F|  |TAMS 0x00000004eb800000, 0x00000004eb800000| Untracked 
| 472|0x00000004ec000000, 0x00000004ec000000, 0x00000004ec800000|  0%| F|  |TAMS 0x00000004ec000000, 0x00000004ec000000| Untracked 
| 473|0x00000004ec800000, 0x00000004ec800000, 0x00000004ed000000|  0%| F|  |TAMS 0x00000004ec800000, 0x00000004ec800000| Untracked 
| 474|0x00000004ed000000, 0x00000004ed000000, 0x00000004ed800000|  0%| F|  |TAMS 0x00000004ed000000, 0x00000004ed000000| Untracked 
| 475|0x00000004ed800000, 0x00000004ed800000, 0x00000004ee000000|  0%| F|  |TAMS 0x00000004ed800000, 0x00000004ed800000| Untracked 
| 476|0x00000004ee000000, 0x00000004ee000000, 0x00000004ee800000|  0%| F|  |TAMS 0x00000004ee000000, 0x00000004ee000000| Untracked 
| 477|0x00000004ee800000, 0x00000004ee800000, 0x00000004ef000000|  0%| F|  |TAMS 0x00000004ee800000, 0x00000004ee800000| Untracked 
| 478|0x00000004ef000000, 0x00000004ef000000, 0x00000004ef800000|  0%| F|  |TAMS 0x00000004ef000000, 0x00000004ef000000| Untracked 
| 479|0x00000004ef800000, 0x00000004ef800000, 0x00000004f0000000|  0%| F|  |TAMS 0x00000004ef800000, 0x00000004ef800000| Untracked 
| 480|0x00000004f0000000, 0x00000004f0000000, 0x00000004f0800000|  0%| F|  |TAMS 0x00000004f0000000, 0x00000004f0000000| Untracked 
| 481|0x00000004f0800000, 0x00000004f0800000, 0x00000004f1000000|  0%| F|  |TAMS 0x00000004f0800000, 0x00000004f0800000| Untracked 
| 482|0x00000004f1000000, 0x00000004f1000000, 0x00000004f1800000|  0%| F|  |TAMS 0x00000004f1000000, 0x00000004f1000000| Untracked 
| 483|0x00000004f1800000, 0x00000004f1800000, 0x00000004f2000000|  0%| F|  |TAMS 0x00000004f1800000, 0x00000004f1800000| Untracked 
| 484|0x00000004f2000000, 0x00000004f2000000, 0x00000004f2800000|  0%| F|  |TAMS 0x00000004f2000000, 0x00000004f2000000| Untracked 
| 485|0x00000004f2800000, 0x00000004f2800000, 0x00000004f3000000|  0%| F|  |TAMS 0x00000004f2800000, 0x00000004f2800000| Untracked 
| 486|0x00000004f3000000, 0x00000004f3000000, 0x00000004f3800000|  0%| F|  |TAMS 0x00000004f3000000, 0x00000004f3000000| Untracked 
| 487|0x00000004f3800000, 0x00000004f3800000, 0x00000004f4000000|  0%| F|  |TAMS 0x00000004f3800000, 0x00000004f3800000| Untracked 
| 488|0x00000004f4000000, 0x00000004f4000000, 0x00000004f4800000|  0%| F|  |TAMS 0x00000004f4000000, 0x00000004f4000000| Untracked 
| 489|0x00000004f4800000, 0x00000004f4800000, 0x00000004f5000000|  0%| F|  |TAMS 0x00000004f4800000, 0x00000004f4800000| Untracked 
| 490|0x00000004f5000000, 0x00000004f5000000, 0x00000004f5800000|  0%| F|  |TAMS 0x00000004f5000000, 0x00000004f5000000| Untracked 
| 491|0x00000004f5800000, 0x00000004f5800000, 0x00000004f6000000|  0%| F|  |TAMS 0x00000004f5800000, 0x00000004f5800000| Untracked 
| 492|0x00000004f6000000, 0x00000004f6000000, 0x00000004f6800000|  0%| F|  |TAMS 0x00000004f6000000, 0x00000004f6000000| Untracked 
| 493|0x00000004f6800000, 0x00000004f6800000, 0x00000004f7000000|  0%| F|  |TAMS 0x00000004f6800000, 0x00000004f6800000| Untracked 
| 494|0x00000004f7000000, 0x00000004f7000000, 0x00000004f7800000|  0%| F|  |TAMS 0x00000004f7000000, 0x00000004f7000000| Untracked 
| 495|0x00000004f7800000, 0x00000004f7800000, 0x00000004f8000000|  0%| F|  |TAMS 0x00000004f7800000, 0x00000004f7800000| Untracked 
| 496|0x00000004f8000000, 0x00000004f8000000, 0x00000004f8800000|  0%| F|  |TAMS 0x00000004f8000000, 0x00000004f8000000| Untracked 
| 497|0x00000004f8800000, 0x00000004f8800000, 0x00000004f9000000|  0%| F|  |TAMS 0x00000004f8800000, 0x00000004f8800000| Untracked 
| 498|0x00000004f9000000, 0x00000004f9000000, 0x00000004f9800000|  0%| F|  |TAMS 0x00000004f9000000, 0x00000004f9000000| Untracked 
| 499|0x00000004f9800000, 0x00000004f9800000, 0x00000004fa000000|  0%| F|  |TAMS 0x00000004f9800000, 0x00000004f9800000| Untracked 
| 500|0x00000004fa000000, 0x00000004fa000000, 0x00000004fa800000|  0%| F|  |TAMS 0x00000004fa000000, 0x00000004fa000000| Untracked 
| 501|0x00000004fa800000, 0x00000004fa800000, 0x00000004fb000000|  0%| F|  |TAMS 0x00000004fa800000, 0x00000004fa800000| Untracked 
| 502|0x00000004fb000000, 0x00000004fb000000, 0x00000004fb800000|  0%| F|  |TAMS 0x00000004fb000000, 0x00000004fb000000| Untracked 
| 503|0x00000004fb800000, 0x00000004fb800000, 0x00000004fc000000|  0%| F|  |TAMS 0x00000004fb800000, 0x00000004fb800000| Untracked 
| 504|0x00000004fc000000, 0x00000004fc000000, 0x00000004fc800000|  0%| F|  |TAMS 0x00000004fc000000, 0x00000004fc000000| Untracked 
| 505|0x00000004fc800000, 0x00000004fc800000, 0x00000004fd000000|  0%| F|  |TAMS 0x00000004fc800000, 0x00000004fc800000| Untracked 
| 506|0x00000004fd000000, 0x00000004fd000000, 0x00000004fd800000|  0%| F|  |TAMS 0x00000004fd000000, 0x00000004fd000000| Untracked 
| 507|0x00000004fd800000, 0x00000004fd800000, 0x00000004fe000000|  0%| F|  |TAMS 0x00000004fd800000, 0x00000004fd800000| Untracked 
| 508|0x00000004fe000000, 0x00000004fe000000, 0x00000004fe800000|  0%| F|  |TAMS 0x00000004fe000000, 0x00000004fe000000| Untracked 
| 509|0x00000004fe800000, 0x00000004fe800000, 0x00000004ff000000|  0%| F|  |TAMS 0x00000004fe800000, 0x00000004fe800000| Untracked 
| 510|0x00000004ff000000, 0x00000004ff000000, 0x00000004ff800000|  0%| F|  |TAMS 0x00000004ff000000, 0x00000004ff000000| Untracked 
| 511|0x00000004ff800000, 0x00000004ff800000, 0x0000000500000000|  0%| F|  |TAMS 0x00000004ff800000, 0x00000004ff800000| Untracked 
| 512|0x0000000500000000, 0x0000000500000000, 0x0000000500800000|  0%| F|  |TAMS 0x0000000500000000, 0x0000000500000000| Untracked 
| 513|0x0000000500800000, 0x0000000500800000, 0x0000000501000000|  0%| F|  |TAMS 0x0000000500800000, 0x0000000500800000| Untracked 
| 514|0x0000000501000000, 0x0000000501000000, 0x0000000501800000|  0%| F|  |TAMS 0x0000000501000000, 0x0000000501000000| Untracked 
| 515|0x0000000501800000, 0x0000000501800000, 0x0000000502000000|  0%| F|  |TAMS 0x0000000501800000, 0x0000000501800000| Untracked 
| 516|0x0000000502000000, 0x0000000502000000, 0x0000000502800000|  0%| F|  |TAMS 0x0000000502000000, 0x0000000502000000| Untracked 
| 517|0x0000000502800000, 0x0000000502800000, 0x0000000503000000|  0%| F|  |TAMS 0x0000000502800000, 0x0000000502800000| Untracked 
| 518|0x0000000503000000, 0x0000000503000000, 0x0000000503800000|  0%| F|  |TAMS 0x0000000503000000, 0x0000000503000000| Untracked 
| 519|0x0000000503800000, 0x0000000503800000, 0x0000000504000000|  0%| F|  |TAMS 0x0000000503800000, 0x0000000503800000| Untracked 
| 520|0x0000000504000000, 0x0000000504000000, 0x0000000504800000|  0%| F|  |TAMS 0x0000000504000000, 0x0000000504000000| Untracked 
| 521|0x0000000504800000, 0x0000000504800000, 0x0000000505000000|  0%| F|  |TAMS 0x0000000504800000, 0x0000000504800000| Untracked 
| 522|0x0000000505000000, 0x0000000505000000, 0x0000000505800000|  0%| F|  |TAMS 0x0000000505000000, 0x0000000505000000| Untracked 
| 523|0x0000000505800000, 0x0000000505800000, 0x0000000506000000|  0%| F|  |TAMS 0x0000000505800000, 0x0000000505800000| Untracked 
| 524|0x0000000506000000, 0x0000000506000000, 0x0000000506800000|  0%| F|  |TAMS 0x0000000506000000, 0x0000000506000000| Untracked 
| 525|0x0000000506800000, 0x0000000506800000, 0x0000000507000000|  0%| F|  |TAMS 0x0000000506800000, 0x0000000506800000| Untracked 
| 526|0x0000000507000000, 0x0000000507000000, 0x0000000507800000|  0%| F|  |TAMS 0x0000000507000000, 0x0000000507000000| Untracked 
| 527|0x0000000507800000, 0x0000000507800000, 0x0000000508000000|  0%| F|  |TAMS 0x0000000507800000, 0x0000000507800000| Untracked 
| 528|0x0000000508000000, 0x0000000508000000, 0x0000000508800000|  0%| F|  |TAMS 0x0000000508000000, 0x0000000508000000| Untracked 
| 529|0x0000000508800000, 0x0000000508800000, 0x0000000509000000|  0%| F|  |TAMS 0x0000000508800000, 0x0000000508800000| Untracked 
| 530|0x0000000509000000, 0x0000000509000000, 0x0000000509800000|  0%| F|  |TAMS 0x0000000509000000, 0x0000000509000000| Untracked 
| 531|0x0000000509800000, 0x0000000509800000, 0x000000050a000000|  0%| F|  |TAMS 0x0000000509800000, 0x0000000509800000| Untracked 
| 532|0x000000050a000000, 0x000000050a000000, 0x000000050a800000|  0%| F|  |TAMS 0x000000050a000000, 0x000000050a000000| Untracked 
| 533|0x000000050a800000, 0x000000050a800000, 0x000000050b000000|  0%| F|  |TAMS 0x000000050a800000, 0x000000050a800000| Untracked 
| 534|0x000000050b000000, 0x000000050b000000, 0x000000050b800000|  0%| F|  |TAMS 0x000000050b000000, 0x000000050b000000| Untracked 
| 535|0x000000050b800000, 0x000000050b800000, 0x000000050c000000|  0%| F|  |TAMS 0x000000050b800000, 0x000000050b800000| Untracked 
| 536|0x000000050c000000, 0x000000050c000000, 0x000000050c800000|  0%| F|  |TAMS 0x000000050c000000, 0x000000050c000000| Untracked 
| 537|0x000000050c800000, 0x000000050c800000, 0x000000050d000000|  0%| F|  |TAMS 0x000000050c800000, 0x000000050c800000| Untracked 
| 538|0x000000050d000000, 0x000000050d000000, 0x000000050d800000|  0%| F|  |TAMS 0x000000050d000000, 0x000000050d000000| Untracked 
| 539|0x000000050d800000, 0x000000050d800000, 0x000000050e000000|  0%| F|  |TAMS 0x000000050d800000, 0x000000050d800000| Untracked 
| 540|0x000000050e000000, 0x000000050e000000, 0x000000050e800000|  0%| F|  |TAMS 0x000000050e000000, 0x000000050e000000| Untracked 
| 541|0x000000050e800000, 0x000000050e800000, 0x000000050f000000|  0%| F|  |TAMS 0x000000050e800000, 0x000000050e800000| Untracked 
| 542|0x000000050f000000, 0x000000050f000000, 0x000000050f800000|  0%| F|  |TAMS 0x000000050f000000, 0x000000050f000000| Untracked 
| 543|0x000000050f800000, 0x000000050faf31c0, 0x0000000510000000| 36%| S|CS|TAMS 0x000000050f800000, 0x000000050f800000| Complete 
| 544|0x0000000510000000, 0x0000000510800000, 0x0000000510800000|100%| S|CS|TAMS 0x0000000510000000, 0x0000000510000000| Complete 
| 545|0x0000000510800000, 0x0000000511000000, 0x0000000511000000|100%| S|CS|TAMS 0x0000000510800000, 0x0000000510800000| Complete 
| 546|0x0000000511000000, 0x0000000511800000, 0x0000000511800000|100%| S|CS|TAMS 0x0000000511000000, 0x0000000511000000| Complete 
| 547|0x0000000511800000, 0x0000000512000000, 0x0000000512000000|100%| S|CS|TAMS 0x0000000511800000, 0x0000000511800000| Complete 
| 548|0x0000000512000000, 0x0000000512800000, 0x0000000512800000|100%| S|CS|TAMS 0x0000000512000000, 0x0000000512000000| Complete 
| 549|0x0000000512800000, 0x0000000513000000, 0x0000000513000000|100%| S|CS|TAMS 0x0000000512800000, 0x0000000512800000| Complete 
| 550|0x0000000513000000, 0x0000000513800000, 0x0000000513800000|100%| S|CS|TAMS 0x0000000513000000, 0x0000000513000000| Complete 
| 551|0x0000000513800000, 0x0000000514000000, 0x0000000514000000|100%| S|CS|TAMS 0x0000000513800000, 0x0000000513800000| Complete 
| 552|0x0000000514000000, 0x0000000514800000, 0x0000000514800000|100%| S|CS|TAMS 0x0000000514000000, 0x0000000514000000| Complete 
| 553|0x0000000514800000, 0x0000000514800000, 0x0000000515000000|  0%| F|  |TAMS 0x0000000514800000, 0x0000000514800000| Untracked 
| 554|0x0000000515000000, 0x0000000515000000, 0x0000000515800000|  0%| F|  |TAMS 0x0000000515000000, 0x0000000515000000| Untracked 
| 555|0x0000000515800000, 0x0000000515800000, 0x0000000516000000|  0%| F|  |TAMS 0x0000000515800000, 0x0000000515800000| Untracked 
| 556|0x0000000516000000, 0x0000000516000000, 0x0000000516800000|  0%| F|  |TAMS 0x0000000516000000, 0x0000000516000000| Untracked 
| 557|0x0000000516800000, 0x0000000516800000, 0x0000000517000000|  0%| F|  |TAMS 0x0000000516800000, 0x0000000516800000| Untracked 
| 558|0x0000000517000000, 0x0000000517000000, 0x0000000517800000|  0%| F|  |TAMS 0x0000000517000000, 0x0000000517000000| Untracked 
| 559|0x0000000517800000, 0x0000000517800000, 0x0000000518000000|  0%| F|  |TAMS 0x0000000517800000, 0x0000000517800000| Untracked 
| 560|0x0000000518000000, 0x0000000518000000, 0x0000000518800000|  0%| F|  |TAMS 0x0000000518000000, 0x0000000518000000| Untracked 
| 561|0x0000000518800000, 0x0000000518800000, 0x0000000519000000|  0%| F|  |TAMS 0x0000000518800000, 0x0000000518800000| Untracked 
| 562|0x0000000519000000, 0x0000000519000000, 0x0000000519800000|  0%| F|  |TAMS 0x0000000519000000, 0x0000000519000000| Untracked 
| 563|0x0000000519800000, 0x0000000519800000, 0x000000051a000000|  0%| F|  |TAMS 0x0000000519800000, 0x0000000519800000| Untracked 
| 564|0x000000051a000000, 0x000000051a000000, 0x000000051a800000|  0%| F|  |TAMS 0x000000051a000000, 0x000000051a000000| Untracked 
| 565|0x000000051a800000, 0x000000051a800000, 0x000000051b000000|  0%| F|  |TAMS 0x000000051a800000, 0x000000051a800000| Untracked 
| 566|0x000000051b000000, 0x000000051b000000, 0x000000051b800000|  0%| F|  |TAMS 0x000000051b000000, 0x000000051b000000| Untracked 
| 567|0x000000051b800000, 0x000000051b800000, 0x000000051c000000|  0%| F|  |TAMS 0x000000051b800000, 0x000000051b800000| Untracked 
| 568|0x000000051c000000, 0x000000051c000000, 0x000000051c800000|  0%| F|  |TAMS 0x000000051c000000, 0x000000051c000000| Untracked 
| 569|0x000000051c800000, 0x000000051c800000, 0x000000051d000000|  0%| F|  |TAMS 0x000000051c800000, 0x000000051c800000| Untracked 
| 570|0x000000051d000000, 0x000000051d000000, 0x000000051d800000|  0%| F|  |TAMS 0x000000051d000000, 0x000000051d000000| Untracked 
| 571|0x000000051d800000, 0x000000051d800000, 0x000000051e000000|  0%| F|  |TAMS 0x000000051d800000, 0x000000051d800000| Untracked 
| 572|0x000000051e000000, 0x000000051e000000, 0x000000051e800000|  0%| F|  |TAMS 0x000000051e000000, 0x000000051e000000| Untracked 
| 573|0x000000051e800000, 0x000000051e800000, 0x000000051f000000|  0%| F|  |TAMS 0x000000051e800000, 0x000000051e800000| Untracked 
| 574|0x000000051f000000, 0x000000051f000000, 0x000000051f800000|  0%| F|  |TAMS 0x000000051f000000, 0x000000051f000000| Untracked 
| 575|0x000000051f800000, 0x000000051f800000, 0x0000000520000000|  0%| F|  |TAMS 0x000000051f800000, 0x000000051f800000| Untracked 
| 576|0x0000000520000000, 0x0000000520000000, 0x0000000520800000|  0%| F|  |TAMS 0x0000000520000000, 0x0000000520000000| Untracked 
| 577|0x0000000520800000, 0x0000000520800000, 0x0000000521000000|  0%| F|  |TAMS 0x0000000520800000, 0x0000000520800000| Untracked 
| 578|0x0000000521000000, 0x0000000521000000, 0x0000000521800000|  0%| F|  |TAMS 0x0000000521000000, 0x0000000521000000| Untracked 
| 579|0x0000000521800000, 0x0000000521800000, 0x0000000522000000|  0%| F|  |TAMS 0x0000000521800000, 0x0000000521800000| Untracked 
| 580|0x0000000522000000, 0x0000000522000000, 0x0000000522800000|  0%| F|  |TAMS 0x0000000522000000, 0x0000000522000000| Untracked 
| 581|0x0000000522800000, 0x0000000522800000, 0x0000000523000000|  0%| F|  |TAMS 0x0000000522800000, 0x0000000522800000| Untracked 
| 582|0x0000000523000000, 0x0000000523000000, 0x0000000523800000|  0%| F|  |TAMS 0x0000000523000000, 0x0000000523000000| Untracked 
| 583|0x0000000523800000, 0x0000000523800000, 0x0000000524000000|  0%| F|  |TAMS 0x0000000523800000, 0x0000000523800000| Untracked 
| 584|0x0000000524000000, 0x0000000524000000, 0x0000000524800000|  0%| F|  |TAMS 0x0000000524000000, 0x0000000524000000| Untracked 
| 585|0x0000000524800000, 0x0000000524800000, 0x0000000525000000|  0%| F|  |TAMS 0x0000000524800000, 0x0000000524800000| Untracked 
| 586|0x0000000525000000, 0x0000000525000000, 0x0000000525800000|  0%| F|  |TAMS 0x0000000525000000, 0x0000000525000000| Untracked 
| 587|0x0000000525800000, 0x0000000525800000, 0x0000000526000000|  0%| F|  |TAMS 0x0000000525800000, 0x0000000525800000| Untracked 
| 588|0x0000000526000000, 0x0000000526000000, 0x0000000526800000|  0%| F|  |TAMS 0x0000000526000000, 0x0000000526000000| Untracked 
| 589|0x0000000526800000, 0x0000000526800000, 0x0000000527000000|  0%| F|  |TAMS 0x0000000526800000, 0x0000000526800000| Untracked 
| 590|0x0000000527000000, 0x0000000527000000, 0x0000000527800000|  0%| F|  |TAMS 0x0000000527000000, 0x0000000527000000| Untracked 
| 591|0x0000000527800000, 0x0000000527800000, 0x0000000528000000|  0%| F|  |TAMS 0x0000000527800000, 0x0000000527800000| Untracked 
| 592|0x0000000528000000, 0x0000000528000000, 0x0000000528800000|  0%| F|  |TAMS 0x0000000528000000, 0x0000000528000000| Untracked 
| 593|0x0000000528800000, 0x0000000528800000, 0x0000000529000000|  0%| F|  |TAMS 0x0000000528800000, 0x0000000528800000| Untracked 
| 594|0x0000000529000000, 0x0000000529000000, 0x0000000529800000|  0%| F|  |TAMS 0x0000000529000000, 0x0000000529000000| Untracked 
| 595|0x0000000529800000, 0x0000000529800000, 0x000000052a000000|  0%| F|  |TAMS 0x0000000529800000, 0x0000000529800000| Untracked 
| 596|0x000000052a000000, 0x000000052a000000, 0x000000052a800000|  0%| F|  |TAMS 0x000000052a000000, 0x000000052a000000| Untracked 
| 597|0x000000052a800000, 0x000000052a800000, 0x000000052b000000|  0%| F|  |TAMS 0x000000052a800000, 0x000000052a800000| Untracked 
| 598|0x000000052b000000, 0x000000052b000000, 0x000000052b800000|  0%| F|  |TAMS 0x000000052b000000, 0x000000052b000000| Untracked 
| 599|0x000000052b800000, 0x000000052b800000, 0x000000052c000000|  0%| F|  |TAMS 0x000000052b800000, 0x000000052b800000| Untracked 
| 600|0x000000052c000000, 0x000000052c000000, 0x000000052c800000|  0%| F|  |TAMS 0x000000052c000000, 0x000000052c000000| Untracked 
| 601|0x000000052c800000, 0x000000052c800000, 0x000000052d000000|  0%| F|  |TAMS 0x000000052c800000, 0x000000052c800000| Untracked 
| 602|0x000000052d000000, 0x000000052d000000, 0x000000052d800000|  0%| F|  |TAMS 0x000000052d000000, 0x000000052d000000| Untracked 
| 603|0x000000052d800000, 0x000000052d800000, 0x000000052e000000|  0%| F|  |TAMS 0x000000052d800000, 0x000000052d800000| Untracked 
| 604|0x000000052e000000, 0x000000052e000000, 0x000000052e800000|  0%| F|  |TAMS 0x000000052e000000, 0x000000052e000000| Untracked 
| 605|0x000000052e800000, 0x000000052e800000, 0x000000052f000000|  0%| F|  |TAMS 0x000000052e800000, 0x000000052e800000| Untracked 
| 606|0x000000052f000000, 0x000000052f000000, 0x000000052f800000|  0%| F|  |TAMS 0x000000052f000000, 0x000000052f000000| Untracked 
| 607|0x000000052f800000, 0x000000052f800000, 0x0000000530000000|  0%| F|  |TAMS 0x000000052f800000, 0x000000052f800000| Untracked 
| 608|0x0000000530000000, 0x0000000530000000, 0x0000000530800000|  0%| F|  |TAMS 0x0000000530000000, 0x0000000530000000| Untracked 
| 609|0x0000000530800000, 0x0000000530800000, 0x0000000531000000|  0%| F|  |TAMS 0x0000000530800000, 0x0000000530800000| Untracked 
| 610|0x0000000531000000, 0x0000000531000000, 0x0000000531800000|  0%| F|  |TAMS 0x0000000531000000, 0x0000000531000000| Untracked 
| 611|0x0000000531800000, 0x0000000531800000, 0x0000000532000000|  0%| F|  |TAMS 0x0000000531800000, 0x0000000531800000| Untracked 
| 612|0x0000000532000000, 0x0000000532000000, 0x0000000532800000|  0%| F|  |TAMS 0x0000000532000000, 0x0000000532000000| Untracked 
| 613|0x0000000532800000, 0x0000000532800000, 0x0000000533000000|  0%| F|  |TAMS 0x0000000532800000, 0x0000000532800000| Untracked 
| 614|0x0000000533000000, 0x0000000533000000, 0x0000000533800000|  0%| F|  |TAMS 0x0000000533000000, 0x0000000533000000| Untracked 
| 615|0x0000000533800000, 0x0000000533800000, 0x0000000534000000|  0%| F|  |TAMS 0x0000000533800000, 0x0000000533800000| Untracked 
| 616|0x0000000534000000, 0x0000000534000000, 0x0000000534800000|  0%| F|  |TAMS 0x0000000534000000, 0x0000000534000000| Untracked 
| 617|0x0000000534800000, 0x0000000534800000, 0x0000000535000000|  0%| F|  |TAMS 0x0000000534800000, 0x0000000534800000| Untracked 
| 618|0x0000000535000000, 0x0000000535000000, 0x0000000535800000|  0%| F|  |TAMS 0x0000000535000000, 0x0000000535000000| Untracked 
| 619|0x0000000535800000, 0x0000000535800000, 0x0000000536000000|  0%| F|  |TAMS 0x0000000535800000, 0x0000000535800000| Untracked 
| 620|0x0000000536000000, 0x0000000536000000, 0x0000000536800000|  0%| F|  |TAMS 0x0000000536000000, 0x0000000536000000| Untracked 
| 621|0x0000000536800000, 0x0000000536800000, 0x0000000537000000|  0%| F|  |TAMS 0x0000000536800000, 0x0000000536800000| Untracked 
| 622|0x0000000537000000, 0x0000000537000000, 0x0000000537800000|  0%| F|  |TAMS 0x0000000537000000, 0x0000000537000000| Untracked 
| 623|0x0000000537800000, 0x0000000537800000, 0x0000000538000000|  0%| F|  |TAMS 0x0000000537800000, 0x0000000537800000| Untracked 
| 624|0x0000000538000000, 0x0000000538000000, 0x0000000538800000|  0%| F|  |TAMS 0x0000000538000000, 0x0000000538000000| Untracked 
| 625|0x0000000538800000, 0x0000000538800000, 0x0000000539000000|  0%| F|  |TAMS 0x0000000538800000, 0x0000000538800000| Untracked 
| 626|0x0000000539000000, 0x0000000539000000, 0x0000000539800000|  0%| F|  |TAMS 0x0000000539000000, 0x0000000539000000| Untracked 
| 627|0x0000000539800000, 0x0000000539800000, 0x000000053a000000|  0%| F|  |TAMS 0x0000000539800000, 0x0000000539800000| Untracked 
| 628|0x000000053a000000, 0x000000053a000000, 0x000000053a800000|  0%| F|  |TAMS 0x000000053a000000, 0x000000053a000000| Untracked 
| 629|0x000000053a800000, 0x000000053a800000, 0x000000053b000000|  0%| F|  |TAMS 0x000000053a800000, 0x000000053a800000| Untracked 
| 630|0x000000053b000000, 0x000000053b000000, 0x000000053b800000|  0%| F|  |TAMS 0x000000053b000000, 0x000000053b000000| Untracked 
| 631|0x000000053b800000, 0x000000053b800000, 0x000000053c000000|  0%| F|  |TAMS 0x000000053b800000, 0x000000053b800000| Untracked 
| 632|0x000000053c000000, 0x000000053c000000, 0x000000053c800000|  0%| F|  |TAMS 0x000000053c000000, 0x000000053c000000| Untracked 
| 633|0x000000053c800000, 0x000000053c800000, 0x000000053d000000|  0%| F|  |TAMS 0x000000053c800000, 0x000000053c800000| Untracked 
| 634|0x000000053d000000, 0x000000053d000000, 0x000000053d800000|  0%| F|  |TAMS 0x000000053d000000, 0x000000053d000000| Untracked 
| 635|0x000000053d800000, 0x000000053d800000, 0x000000053e000000|  0%| F|  |TAMS 0x000000053d800000, 0x000000053d800000| Untracked 
| 636|0x000000053e000000, 0x000000053e000000, 0x000000053e800000|  0%| F|  |TAMS 0x000000053e000000, 0x000000053e000000| Untracked 
| 637|0x000000053e800000, 0x000000053e800000, 0x000000053f000000|  0%| F|  |TAMS 0x000000053e800000, 0x000000053e800000| Untracked 
| 638|0x000000053f000000, 0x000000053f000000, 0x000000053f800000|  0%| F|  |TAMS 0x000000053f000000, 0x000000053f000000| Untracked 
| 639|0x000000053f800000, 0x000000053f800000, 0x0000000540000000|  0%| F|  |TAMS 0x000000053f800000, 0x000000053f800000| Untracked 
| 640|0x0000000540000000, 0x0000000540000000, 0x0000000540800000|  0%| F|  |TAMS 0x0000000540000000, 0x0000000540000000| Untracked 
| 641|0x0000000540800000, 0x0000000540800000, 0x0000000541000000|  0%| F|  |TAMS 0x0000000540800000, 0x0000000540800000| Untracked 
| 642|0x0000000541000000, 0x0000000541000000, 0x0000000541800000|  0%| F|  |TAMS 0x0000000541000000, 0x0000000541000000| Untracked 
| 643|0x0000000541800000, 0x0000000541800000, 0x0000000542000000|  0%| F|  |TAMS 0x0000000541800000, 0x0000000541800000| Untracked 
| 644|0x0000000542000000, 0x0000000542000000, 0x0000000542800000|  0%| F|  |TAMS 0x0000000542000000, 0x0000000542000000| Untracked 
| 645|0x0000000542800000, 0x0000000542800000, 0x0000000543000000|  0%| F|  |TAMS 0x0000000542800000, 0x0000000542800000| Untracked 
| 646|0x0000000543000000, 0x0000000543000000, 0x0000000543800000|  0%| F|  |TAMS 0x0000000543000000, 0x0000000543000000| Untracked 
| 647|0x0000000543800000, 0x0000000543800000, 0x0000000544000000|  0%| F|  |TAMS 0x0000000543800000, 0x0000000543800000| Untracked 
| 648|0x0000000544000000, 0x0000000544000000, 0x0000000544800000|  0%| F|  |TAMS 0x0000000544000000, 0x0000000544000000| Untracked 
| 649|0x0000000544800000, 0x0000000544800000, 0x0000000545000000|  0%| F|  |TAMS 0x0000000544800000, 0x0000000544800000| Untracked 
| 650|0x0000000545000000, 0x0000000545000000, 0x0000000545800000|  0%| F|  |TAMS 0x0000000545000000, 0x0000000545000000| Untracked 
| 651|0x0000000545800000, 0x0000000545800000, 0x0000000546000000|  0%| F|  |TAMS 0x0000000545800000, 0x0000000545800000| Untracked 
| 652|0x0000000546000000, 0x0000000546000000, 0x0000000546800000|  0%| F|  |TAMS 0x0000000546000000, 0x0000000546000000| Untracked 
| 653|0x0000000546800000, 0x0000000546800000, 0x0000000547000000|  0%| F|  |TAMS 0x0000000546800000, 0x0000000546800000| Untracked 
| 654|0x0000000547000000, 0x0000000547000000, 0x0000000547800000|  0%| F|  |TAMS 0x0000000547000000, 0x0000000547000000| Untracked 
| 655|0x0000000547800000, 0x0000000547800000, 0x0000000548000000|  0%| F|  |TAMS 0x0000000547800000, 0x0000000547800000| Untracked 
| 656|0x0000000548000000, 0x0000000548000000, 0x0000000548800000|  0%| F|  |TAMS 0x0000000548000000, 0x0000000548000000| Untracked 
| 657|0x0000000548800000, 0x0000000548800000, 0x0000000549000000|  0%| F|  |TAMS 0x0000000548800000, 0x0000000548800000| Untracked 
| 658|0x0000000549000000, 0x0000000549000000, 0x0000000549800000|  0%| F|  |TAMS 0x0000000549000000, 0x0000000549000000| Untracked 
| 659|0x0000000549800000, 0x0000000549800000, 0x000000054a000000|  0%| F|  |TAMS 0x0000000549800000, 0x0000000549800000| Untracked 
| 660|0x000000054a000000, 0x000000054a000000, 0x000000054a800000|  0%| F|  |TAMS 0x000000054a000000, 0x000000054a000000| Untracked 
| 661|0x000000054a800000, 0x000000054a800000, 0x000000054b000000|  0%| F|  |TAMS 0x000000054a800000, 0x000000054a800000| Untracked 
| 662|0x000000054b000000, 0x000000054b000000, 0x000000054b800000|  0%| F|  |TAMS 0x000000054b000000, 0x000000054b000000| Untracked 
| 663|0x000000054b800000, 0x000000054b800000, 0x000000054c000000|  0%| F|  |TAMS 0x000000054b800000, 0x000000054b800000| Untracked 
| 664|0x000000054c000000, 0x000000054c000000, 0x000000054c800000|  0%| F|  |TAMS 0x000000054c000000, 0x000000054c000000| Untracked 
| 665|0x000000054c800000, 0x000000054c800000, 0x000000054d000000|  0%| F|  |TAMS 0x000000054c800000, 0x000000054c800000| Untracked 
| 666|0x000000054d000000, 0x000000054d000000, 0x000000054d800000|  0%| F|  |TAMS 0x000000054d000000, 0x000000054d000000| Untracked 
| 667|0x000000054d800000, 0x000000054d800000, 0x000000054e000000|  0%| F|  |TAMS 0x000000054d800000, 0x000000054d800000| Untracked 
| 668|0x000000054e000000, 0x000000054e000000, 0x000000054e800000|  0%| F|  |TAMS 0x000000054e000000, 0x000000054e000000| Untracked 
| 669|0x000000054e800000, 0x000000054e800000, 0x000000054f000000|  0%| F|  |TAMS 0x000000054e800000, 0x000000054e800000| Untracked 
| 670|0x000000054f000000, 0x000000054f000000, 0x000000054f800000|  0%| F|  |TAMS 0x000000054f000000, 0x000000054f000000| Untracked 
| 671|0x000000054f800000, 0x000000054f800000, 0x0000000550000000|  0%| F|  |TAMS 0x000000054f800000, 0x000000054f800000| Untracked 
| 672|0x0000000550000000, 0x0000000550000000, 0x0000000550800000|  0%| F|  |TAMS 0x0000000550000000, 0x0000000550000000| Untracked 
| 673|0x0000000550800000, 0x0000000550800000, 0x0000000551000000|  0%| F|  |TAMS 0x0000000550800000, 0x0000000550800000| Untracked 
| 674|0x0000000551000000, 0x0000000551000000, 0x0000000551800000|  0%| F|  |TAMS 0x0000000551000000, 0x0000000551000000| Untracked 
| 675|0x0000000551800000, 0x0000000551800000, 0x0000000552000000|  0%| F|  |TAMS 0x0000000551800000, 0x0000000551800000| Untracked 
| 676|0x0000000552000000, 0x0000000552000000, 0x0000000552800000|  0%| F|  |TAMS 0x0000000552000000, 0x0000000552000000| Untracked 
| 677|0x0000000552800000, 0x0000000552800000, 0x0000000553000000|  0%| F|  |TAMS 0x0000000552800000, 0x0000000552800000| Untracked 
| 678|0x0000000553000000, 0x0000000553000000, 0x0000000553800000|  0%| F|  |TAMS 0x0000000553000000, 0x0000000553000000| Untracked 
| 679|0x0000000553800000, 0x0000000553800000, 0x0000000554000000|  0%| F|  |TAMS 0x0000000553800000, 0x0000000553800000| Untracked 
| 680|0x0000000554000000, 0x0000000554000000, 0x0000000554800000|  0%| F|  |TAMS 0x0000000554000000, 0x0000000554000000| Untracked 
| 681|0x0000000554800000, 0x0000000554800000, 0x0000000555000000|  0%| F|  |TAMS 0x0000000554800000, 0x0000000554800000| Untracked 
| 682|0x0000000555000000, 0x0000000555000000, 0x0000000555800000|  0%| F|  |TAMS 0x0000000555000000, 0x0000000555000000| Untracked 
| 683|0x0000000555800000, 0x0000000555800000, 0x0000000556000000|  0%| F|  |TAMS 0x0000000555800000, 0x0000000555800000| Untracked 
| 684|0x0000000556000000, 0x0000000556000000, 0x0000000556800000|  0%| F|  |TAMS 0x0000000556000000, 0x0000000556000000| Untracked 
| 685|0x0000000556800000, 0x0000000556800000, 0x0000000557000000|  0%| F|  |TAMS 0x0000000556800000, 0x0000000556800000| Untracked 
| 686|0x0000000557000000, 0x0000000557000000, 0x0000000557800000|  0%| F|  |TAMS 0x0000000557000000, 0x0000000557000000| Untracked 
| 687|0x0000000557800000, 0x0000000557800000, 0x0000000558000000|  0%| F|  |TAMS 0x0000000557800000, 0x0000000557800000| Untracked 
| 688|0x0000000558000000, 0x0000000558000000, 0x0000000558800000|  0%| F|  |TAMS 0x0000000558000000, 0x0000000558000000| Untracked 
| 689|0x0000000558800000, 0x0000000558800000, 0x0000000559000000|  0%| F|  |TAMS 0x0000000558800000, 0x0000000558800000| Untracked 
| 690|0x0000000559000000, 0x0000000559000000, 0x0000000559800000|  0%| F|  |TAMS 0x0000000559000000, 0x0000000559000000| Untracked 
| 691|0x0000000559800000, 0x0000000559800000, 0x000000055a000000|  0%| F|  |TAMS 0x0000000559800000, 0x0000000559800000| Untracked 
| 692|0x000000055a000000, 0x000000055a000000, 0x000000055a800000|  0%| F|  |TAMS 0x000000055a000000, 0x000000055a000000| Untracked 
| 693|0x000000055a800000, 0x000000055a800000, 0x000000055b000000|  0%| F|  |TAMS 0x000000055a800000, 0x000000055a800000| Untracked 
| 694|0x000000055b000000, 0x000000055b000000, 0x000000055b800000|  0%| F|  |TAMS 0x000000055b000000, 0x000000055b000000| Untracked 
| 695|0x000000055b800000, 0x000000055b800000, 0x000000055c000000|  0%| F|  |TAMS 0x000000055b800000, 0x000000055b800000| Untracked 
| 696|0x000000055c000000, 0x000000055c000000, 0x000000055c800000|  0%| F|  |TAMS 0x000000055c000000, 0x000000055c000000| Untracked 
| 697|0x000000055c800000, 0x000000055c800000, 0x000000055d000000|  0%| F|  |TAMS 0x000000055c800000, 0x000000055c800000| Untracked 
| 698|0x000000055d000000, 0x000000055d000000, 0x000000055d800000|  0%| F|  |TAMS 0x000000055d000000, 0x000000055d000000| Untracked 
| 699|0x000000055d800000, 0x000000055d800000, 0x000000055e000000|  0%| F|  |TAMS 0x000000055d800000, 0x000000055d800000| Untracked 
| 700|0x000000055e000000, 0x000000055e000000, 0x000000055e800000|  0%| F|  |TAMS 0x000000055e000000, 0x000000055e000000| Untracked 
| 701|0x000000055e800000, 0x000000055e800000, 0x000000055f000000|  0%| F|  |TAMS 0x000000055e800000, 0x000000055e800000| Untracked 
| 702|0x000000055f000000, 0x000000055f000000, 0x000000055f800000|  0%| F|  |TAMS 0x000000055f000000, 0x000000055f000000| Untracked 
| 703|0x000000055f800000, 0x000000055f800000, 0x0000000560000000|  0%| F|  |TAMS 0x000000055f800000, 0x000000055f800000| Untracked 
| 704|0x0000000560000000, 0x0000000560000000, 0x0000000560800000|  0%| F|  |TAMS 0x0000000560000000, 0x0000000560000000| Untracked 
| 705|0x0000000560800000, 0x0000000560800000, 0x0000000561000000|  0%| F|  |TAMS 0x0000000560800000, 0x0000000560800000| Untracked 
| 706|0x0000000561000000, 0x0000000561000000, 0x0000000561800000|  0%| F|  |TAMS 0x0000000561000000, 0x0000000561000000| Untracked 
| 707|0x0000000561800000, 0x0000000561800000, 0x0000000562000000|  0%| F|  |TAMS 0x0000000561800000, 0x0000000561800000| Untracked 
| 708|0x0000000562000000, 0x0000000562000000, 0x0000000562800000|  0%| F|  |TAMS 0x0000000562000000, 0x0000000562000000| Untracked 
| 709|0x0000000562800000, 0x0000000562800000, 0x0000000563000000|  0%| F|  |TAMS 0x0000000562800000, 0x0000000562800000| Untracked 
| 710|0x0000000563000000, 0x0000000563000000, 0x0000000563800000|  0%| F|  |TAMS 0x0000000563000000, 0x0000000563000000| Untracked 
| 711|0x0000000563800000, 0x0000000563800000, 0x0000000564000000|  0%| F|  |TAMS 0x0000000563800000, 0x0000000563800000| Untracked 
| 712|0x0000000564000000, 0x0000000564000000, 0x0000000564800000|  0%| F|  |TAMS 0x0000000564000000, 0x0000000564000000| Untracked 
| 713|0x0000000564800000, 0x0000000564800000, 0x0000000565000000|  0%| F|  |TAMS 0x0000000564800000, 0x0000000564800000| Untracked 
| 714|0x0000000565000000, 0x0000000565000000, 0x0000000565800000|  0%| F|  |TAMS 0x0000000565000000, 0x0000000565000000| Untracked 
| 715|0x0000000565800000, 0x0000000565800000, 0x0000000566000000|  0%| F|  |TAMS 0x0000000565800000, 0x0000000565800000| Untracked 
| 716|0x0000000566000000, 0x0000000566000000, 0x0000000566800000|  0%| F|  |TAMS 0x0000000566000000, 0x0000000566000000| Untracked 
| 717|0x0000000566800000, 0x0000000566800000, 0x0000000567000000|  0%| F|  |TAMS 0x0000000566800000, 0x0000000566800000| Untracked 
| 718|0x0000000567000000, 0x0000000567000000, 0x0000000567800000|  0%| F|  |TAMS 0x0000000567000000, 0x0000000567000000| Untracked 
| 719|0x0000000567800000, 0x0000000567800000, 0x0000000568000000|  0%| F|  |TAMS 0x0000000567800000, 0x0000000567800000| Untracked 
| 720|0x0000000568000000, 0x0000000568000000, 0x0000000568800000|  0%| F|  |TAMS 0x0000000568000000, 0x0000000568000000| Untracked 
| 721|0x0000000568800000, 0x0000000568800000, 0x0000000569000000|  0%| F|  |TAMS 0x0000000568800000, 0x0000000568800000| Untracked 
| 722|0x0000000569000000, 0x0000000569000000, 0x0000000569800000|  0%| F|  |TAMS 0x0000000569000000, 0x0000000569000000| Untracked 
| 723|0x0000000569800000, 0x0000000569800000, 0x000000056a000000|  0%| F|  |TAMS 0x0000000569800000, 0x0000000569800000| Untracked 
| 724|0x000000056a000000, 0x000000056a000000, 0x000000056a800000|  0%| F|  |TAMS 0x000000056a000000, 0x000000056a000000| Untracked 
| 725|0x000000056a800000, 0x000000056a800000, 0x000000056b000000|  0%| F|  |TAMS 0x000000056a800000, 0x000000056a800000| Untracked 
| 726|0x000000056b000000, 0x000000056b000000, 0x000000056b800000|  0%| F|  |TAMS 0x000000056b000000, 0x000000056b000000| Untracked 
| 727|0x000000056b800000, 0x000000056b800000, 0x000000056c000000|  0%| F|  |TAMS 0x000000056b800000, 0x000000056b800000| Untracked 
| 728|0x000000056c000000, 0x000000056c000000, 0x000000056c800000|  0%| F|  |TAMS 0x000000056c000000, 0x000000056c000000| Untracked 
| 729|0x000000056c800000, 0x000000056c800000, 0x000000056d000000|  0%| F|  |TAMS 0x000000056c800000, 0x000000056c800000| Untracked 
| 730|0x000000056d000000, 0x000000056d000000, 0x000000056d800000|  0%| F|  |TAMS 0x000000056d000000, 0x000000056d000000| Untracked 
| 731|0x000000056d800000, 0x000000056d800000, 0x000000056e000000|  0%| F|  |TAMS 0x000000056d800000, 0x000000056d800000| Untracked 
| 732|0x000000056e000000, 0x000000056e000000, 0x000000056e800000|  0%| F|  |TAMS 0x000000056e000000, 0x000000056e000000| Untracked 
| 733|0x000000056e800000, 0x000000056e800000, 0x000000056f000000|  0%| F|  |TAMS 0x000000056e800000, 0x000000056e800000| Untracked 
| 734|0x000000056f000000, 0x000000056f000000, 0x000000056f800000|  0%| F|  |TAMS 0x000000056f000000, 0x000000056f000000| Untracked 
| 735|0x000000056f800000, 0x000000056f800000, 0x0000000570000000|  0%| F|  |TAMS 0x000000056f800000, 0x000000056f800000| Untracked 
| 736|0x0000000570000000, 0x0000000570000000, 0x0000000570800000|  0%| F|  |TAMS 0x0000000570000000, 0x0000000570000000| Untracked 
| 737|0x0000000570800000, 0x0000000570800000, 0x0000000571000000|  0%| F|  |TAMS 0x0000000570800000, 0x0000000570800000| Untracked 
| 738|0x0000000571000000, 0x0000000571000000, 0x0000000571800000|  0%| F|  |TAMS 0x0000000571000000, 0x0000000571000000| Untracked 
| 739|0x0000000571800000, 0x0000000571800000, 0x0000000572000000|  0%| F|  |TAMS 0x0000000571800000, 0x0000000571800000| Untracked 
| 740|0x0000000572000000, 0x0000000572000000, 0x0000000572800000|  0%| F|  |TAMS 0x0000000572000000, 0x0000000572000000| Untracked 
| 741|0x0000000572800000, 0x0000000572800000, 0x0000000573000000|  0%| F|  |TAMS 0x0000000572800000, 0x0000000572800000| Untracked 
| 742|0x0000000573000000, 0x0000000573000000, 0x0000000573800000|  0%| F|  |TAMS 0x0000000573000000, 0x0000000573000000| Untracked 
| 743|0x0000000573800000, 0x0000000573800000, 0x0000000574000000|  0%| F|  |TAMS 0x0000000573800000, 0x0000000573800000| Untracked 
| 744|0x0000000574000000, 0x0000000574000000, 0x0000000574800000|  0%| F|  |TAMS 0x0000000574000000, 0x0000000574000000| Untracked 
| 745|0x0000000574800000, 0x0000000574800000, 0x0000000575000000|  0%| F|  |TAMS 0x0000000574800000, 0x0000000574800000| Untracked 
| 746|0x0000000575000000, 0x0000000575000000, 0x0000000575800000|  0%| F|  |TAMS 0x0000000575000000, 0x0000000575000000| Untracked 
| 747|0x0000000575800000, 0x0000000575800000, 0x0000000576000000|  0%| F|  |TAMS 0x0000000575800000, 0x0000000575800000| Untracked 
| 748|0x0000000576000000, 0x0000000576000000, 0x0000000576800000|  0%| F|  |TAMS 0x0000000576000000, 0x0000000576000000| Untracked 
| 749|0x0000000576800000, 0x0000000576800000, 0x0000000577000000|  0%| F|  |TAMS 0x0000000576800000, 0x0000000576800000| Untracked 
| 750|0x0000000577000000, 0x0000000577000000, 0x0000000577800000|  0%| F|  |TAMS 0x0000000577000000, 0x0000000577000000| Untracked 
| 751|0x0000000577800000, 0x0000000577800000, 0x0000000578000000|  0%| F|  |TAMS 0x0000000577800000, 0x0000000577800000| Untracked 
| 752|0x0000000578000000, 0x0000000578000000, 0x0000000578800000|  0%| F|  |TAMS 0x0000000578000000, 0x0000000578000000| Untracked 
| 753|0x0000000578800000, 0x0000000578800000, 0x0000000579000000|  0%| F|  |TAMS 0x0000000578800000, 0x0000000578800000| Untracked 
| 754|0x0000000579000000, 0x0000000579000000, 0x0000000579800000|  0%| F|  |TAMS 0x0000000579000000, 0x0000000579000000| Untracked 
| 755|0x0000000579800000, 0x0000000579800000, 0x000000057a000000|  0%| F|  |TAMS 0x0000000579800000, 0x0000000579800000| Untracked 
| 756|0x000000057a000000, 0x000000057a000000, 0x000000057a800000|  0%| F|  |TAMS 0x000000057a000000, 0x000000057a000000| Untracked 
| 757|0x000000057a800000, 0x000000057a800000, 0x000000057b000000|  0%| F|  |TAMS 0x000000057a800000, 0x000000057a800000| Untracked 
| 758|0x000000057b000000, 0x000000057b000000, 0x000000057b800000|  0%| F|  |TAMS 0x000000057b000000, 0x000000057b000000| Untracked 
| 759|0x000000057b800000, 0x000000057b800000, 0x000000057c000000|  0%| F|  |TAMS 0x000000057b800000, 0x000000057b800000| Untracked 
| 760|0x000000057c000000, 0x000000057c000000, 0x000000057c800000|  0%| F|  |TAMS 0x000000057c000000, 0x000000057c000000| Untracked 
| 761|0x000000057c800000, 0x000000057c800000, 0x000000057d000000|  0%| F|  |TAMS 0x000000057c800000, 0x000000057c800000| Untracked 
| 762|0x000000057d000000, 0x000000057d000000, 0x000000057d800000|  0%| F|  |TAMS 0x000000057d000000, 0x000000057d000000| Untracked 
| 763|0x000000057d800000, 0x000000057d800000, 0x000000057e000000|  0%| F|  |TAMS 0x000000057d800000, 0x000000057d800000| Untracked 
| 764|0x000000057e000000, 0x000000057e000000, 0x000000057e800000|  0%| F|  |TAMS 0x000000057e000000, 0x000000057e000000| Untracked 
| 765|0x000000057e800000, 0x000000057e800000, 0x000000057f000000|  0%| F|  |TAMS 0x000000057e800000, 0x000000057e800000| Untracked 
| 766|0x000000057f000000, 0x000000057f000000, 0x000000057f800000|  0%| F|  |TAMS 0x000000057f000000, 0x000000057f000000| Untracked 
| 767|0x000000057f800000, 0x000000057f800000, 0x0000000580000000|  0%| F|  |TAMS 0x000000057f800000, 0x000000057f800000| Untracked 
| 768|0x0000000580000000, 0x0000000580000000, 0x0000000580800000|  0%| F|  |TAMS 0x0000000580000000, 0x0000000580000000| Untracked 
| 769|0x0000000580800000, 0x0000000580800000, 0x0000000581000000|  0%| F|  |TAMS 0x0000000580800000, 0x0000000580800000| Untracked 
| 770|0x0000000581000000, 0x0000000581000000, 0x0000000581800000|  0%| F|  |TAMS 0x0000000581000000, 0x0000000581000000| Untracked 
| 771|0x0000000581800000, 0x0000000581800000, 0x0000000582000000|  0%| F|  |TAMS 0x0000000581800000, 0x0000000581800000| Untracked 
| 772|0x0000000582000000, 0x0000000582000000, 0x0000000582800000|  0%| F|  |TAMS 0x0000000582000000, 0x0000000582000000| Untracked 
| 773|0x0000000582800000, 0x0000000582800000, 0x0000000583000000|  0%| F|  |TAMS 0x0000000582800000, 0x0000000582800000| Untracked 
| 774|0x0000000583000000, 0x0000000583000000, 0x0000000583800000|  0%| F|  |TAMS 0x0000000583000000, 0x0000000583000000| Untracked 
| 775|0x0000000583800000, 0x0000000583800000, 0x0000000584000000|  0%| F|  |TAMS 0x0000000583800000, 0x0000000583800000| Untracked 
| 776|0x0000000584000000, 0x0000000584000000, 0x0000000584800000|  0%| F|  |TAMS 0x0000000584000000, 0x0000000584000000| Untracked 
| 777|0x0000000584800000, 0x0000000584800000, 0x0000000585000000|  0%| F|  |TAMS 0x0000000584800000, 0x0000000584800000| Untracked 
| 778|0x0000000585000000, 0x0000000585000000, 0x0000000585800000|  0%| F|  |TAMS 0x0000000585000000, 0x0000000585000000| Untracked 
| 779|0x0000000585800000, 0x0000000585800000, 0x0000000586000000|  0%| F|  |TAMS 0x0000000585800000, 0x0000000585800000| Untracked 
| 780|0x0000000586000000, 0x0000000586000000, 0x0000000586800000|  0%| F|  |TAMS 0x0000000586000000, 0x0000000586000000| Untracked 
| 781|0x0000000586800000, 0x0000000586800000, 0x0000000587000000|  0%| F|  |TAMS 0x0000000586800000, 0x0000000586800000| Untracked 
| 782|0x0000000587000000, 0x0000000587000000, 0x0000000587800000|  0%| F|  |TAMS 0x0000000587000000, 0x0000000587000000| Untracked 
| 783|0x0000000587800000, 0x0000000587800000, 0x0000000588000000|  0%| F|  |TAMS 0x0000000587800000, 0x0000000587800000| Untracked 
| 784|0x0000000588000000, 0x0000000588000000, 0x0000000588800000|  0%| F|  |TAMS 0x0000000588000000, 0x0000000588000000| Untracked 
| 785|0x0000000588800000, 0x0000000588800000, 0x0000000589000000|  0%| F|  |TAMS 0x0000000588800000, 0x0000000588800000| Untracked 
| 786|0x0000000589000000, 0x0000000589000000, 0x0000000589800000|  0%| F|  |TAMS 0x0000000589000000, 0x0000000589000000| Untracked 
| 787|0x0000000589800000, 0x0000000589800000, 0x000000058a000000|  0%| F|  |TAMS 0x0000000589800000, 0x0000000589800000| Untracked 
| 788|0x000000058a000000, 0x000000058a000000, 0x000000058a800000|  0%| F|  |TAMS 0x000000058a000000, 0x000000058a000000| Untracked 
| 789|0x000000058a800000, 0x000000058a800000, 0x000000058b000000|  0%| F|  |TAMS 0x000000058a800000, 0x000000058a800000| Untracked 
| 790|0x000000058b000000, 0x000000058b000000, 0x000000058b800000|  0%| F|  |TAMS 0x000000058b000000, 0x000000058b000000| Untracked 
| 791|0x000000058b800000, 0x000000058b800000, 0x000000058c000000|  0%| F|  |TAMS 0x000000058b800000, 0x000000058b800000| Untracked 
| 792|0x000000058c000000, 0x000000058c000000, 0x000000058c800000|  0%| F|  |TAMS 0x000000058c000000, 0x000000058c000000| Untracked 
| 793|0x000000058c800000, 0x000000058c800000, 0x000000058d000000|  0%| F|  |TAMS 0x000000058c800000, 0x000000058c800000| Untracked 
| 794|0x000000058d000000, 0x000000058d000000, 0x000000058d800000|  0%| F|  |TAMS 0x000000058d000000, 0x000000058d000000| Untracked 
| 795|0x000000058d800000, 0x000000058d800000, 0x000000058e000000|  0%| F|  |TAMS 0x000000058d800000, 0x000000058d800000| Untracked 
| 796|0x000000058e000000, 0x000000058e000000, 0x000000058e800000|  0%| F|  |TAMS 0x000000058e000000, 0x000000058e000000| Untracked 
| 797|0x000000058e800000, 0x000000058e800000, 0x000000058f000000|  0%| F|  |TAMS 0x000000058e800000, 0x000000058e800000| Untracked 
| 798|0x000000058f000000, 0x000000058f000000, 0x000000058f800000|  0%| F|  |TAMS 0x000000058f000000, 0x000000058f000000| Untracked 
| 799|0x000000058f800000, 0x000000058f800000, 0x0000000590000000|  0%| F|  |TAMS 0x000000058f800000, 0x000000058f800000| Untracked 
| 800|0x0000000590000000, 0x0000000590000000, 0x0000000590800000|  0%| F|  |TAMS 0x0000000590000000, 0x0000000590000000| Untracked 
| 801|0x0000000590800000, 0x0000000590800000, 0x0000000591000000|  0%| F|  |TAMS 0x0000000590800000, 0x0000000590800000| Untracked 
| 802|0x0000000591000000, 0x0000000591000000, 0x0000000591800000|  0%| F|  |TAMS 0x0000000591000000, 0x0000000591000000| Untracked 
| 803|0x0000000591800000, 0x0000000591800000, 0x0000000592000000|  0%| F|  |TAMS 0x0000000591800000, 0x0000000591800000| Untracked 
| 804|0x0000000592000000, 0x0000000592000000, 0x0000000592800000|  0%| F|  |TAMS 0x0000000592000000, 0x0000000592000000| Untracked 
| 805|0x0000000592800000, 0x0000000592800000, 0x0000000593000000|  0%| F|  |TAMS 0x0000000592800000, 0x0000000592800000| Untracked 
| 806|0x0000000593000000, 0x0000000593000000, 0x0000000593800000|  0%| F|  |TAMS 0x0000000593000000, 0x0000000593000000| Untracked 
| 807|0x0000000593800000, 0x0000000593800000, 0x0000000594000000|  0%| F|  |TAMS 0x0000000593800000, 0x0000000593800000| Untracked 
| 808|0x0000000594000000, 0x0000000594000000, 0x0000000594800000|  0%| F|  |TAMS 0x0000000594000000, 0x0000000594000000| Untracked 
| 809|0x0000000594800000, 0x0000000594800000, 0x0000000595000000|  0%| F|  |TAMS 0x0000000594800000, 0x0000000594800000| Untracked 
| 810|0x0000000595000000, 0x0000000595000000, 0x0000000595800000|  0%| F|  |TAMS 0x0000000595000000, 0x0000000595000000| Untracked 
| 811|0x0000000595800000, 0x0000000595800000, 0x0000000596000000|  0%| F|  |TAMS 0x0000000595800000, 0x0000000595800000| Untracked 
| 812|0x0000000596000000, 0x0000000596000000, 0x0000000596800000|  0%| F|  |TAMS 0x0000000596000000, 0x0000000596000000| Untracked 
| 813|0x0000000596800000, 0x0000000596800000, 0x0000000597000000|  0%| F|  |TAMS 0x0000000596800000, 0x0000000596800000| Untracked 
| 814|0x0000000597000000, 0x0000000597000000, 0x0000000597800000|  0%| F|  |TAMS 0x0000000597000000, 0x0000000597000000| Untracked 
| 815|0x0000000597800000, 0x0000000597800000, 0x0000000598000000|  0%| F|  |TAMS 0x0000000597800000, 0x0000000597800000| Untracked 
| 816|0x0000000598000000, 0x0000000598000000, 0x0000000598800000|  0%| F|  |TAMS 0x0000000598000000, 0x0000000598000000| Untracked 
| 817|0x0000000598800000, 0x0000000598800000, 0x0000000599000000|  0%| F|  |TAMS 0x0000000598800000, 0x0000000598800000| Untracked 
| 818|0x0000000599000000, 0x0000000599000000, 0x0000000599800000|  0%| F|  |TAMS 0x0000000599000000, 0x0000000599000000| Untracked 
| 819|0x0000000599800000, 0x0000000599800000, 0x000000059a000000|  0%| F|  |TAMS 0x0000000599800000, 0x0000000599800000| Untracked 
| 820|0x000000059a000000, 0x000000059a000000, 0x000000059a800000|  0%| F|  |TAMS 0x000000059a000000, 0x000000059a000000| Untracked 
| 821|0x000000059a800000, 0x000000059a800000, 0x000000059b000000|  0%| F|  |TAMS 0x000000059a800000, 0x000000059a800000| Untracked 
| 822|0x000000059b000000, 0x000000059b000000, 0x000000059b800000|  0%| F|  |TAMS 0x000000059b000000, 0x000000059b000000| Untracked 
| 823|0x000000059b800000, 0x000000059b800000, 0x000000059c000000|  0%| F|  |TAMS 0x000000059b800000, 0x000000059b800000| Untracked 
| 824|0x000000059c000000, 0x000000059c000000, 0x000000059c800000|  0%| F|  |TAMS 0x000000059c000000, 0x000000059c000000| Untracked 
| 825|0x000000059c800000, 0x000000059c800000, 0x000000059d000000|  0%| F|  |TAMS 0x000000059c800000, 0x000000059c800000| Untracked 
| 826|0x000000059d000000, 0x000000059d000000, 0x000000059d800000|  0%| F|  |TAMS 0x000000059d000000, 0x000000059d000000| Untracked 
| 827|0x000000059d800000, 0x000000059d800000, 0x000000059e000000|  0%| F|  |TAMS 0x000000059d800000, 0x000000059d800000| Untracked 
| 828|0x000000059e000000, 0x000000059e000000, 0x000000059e800000|  0%| F|  |TAMS 0x000000059e000000, 0x000000059e000000| Untracked 
| 829|0x000000059e800000, 0x000000059e800000, 0x000000059f000000|  0%| F|  |TAMS 0x000000059e800000, 0x000000059e800000| Untracked 
| 830|0x000000059f000000, 0x000000059f000000, 0x000000059f800000|  0%| F|  |TAMS 0x000000059f000000, 0x000000059f000000| Untracked 
| 831|0x000000059f800000, 0x000000059f800000, 0x00000005a0000000|  0%| F|  |TAMS 0x000000059f800000, 0x000000059f800000| Untracked 
| 832|0x00000005a0000000, 0x00000005a0000000, 0x00000005a0800000|  0%| F|  |TAMS 0x00000005a0000000, 0x00000005a0000000| Untracked 
| 833|0x00000005a0800000, 0x00000005a0800000, 0x00000005a1000000|  0%| F|  |TAMS 0x00000005a0800000, 0x00000005a0800000| Untracked 
| 834|0x00000005a1000000, 0x00000005a1000000, 0x00000005a1800000|  0%| F|  |TAMS 0x00000005a1000000, 0x00000005a1000000| Untracked 
| 835|0x00000005a1800000, 0x00000005a1808fd8, 0x00000005a2000000|  0%| E|  |TAMS 0x00000005a1800000, 0x00000005a1800000| Complete 
| 836|0x00000005a2000000, 0x00000005a2800000, 0x00000005a2800000|100%| E|CS|TAMS 0x00000005a2000000, 0x00000005a2000000| Complete 
| 837|0x00000005a2800000, 0x00000005a3000000, 0x00000005a3000000|100%| E|CS|TAMS 0x00000005a2800000, 0x00000005a2800000| Complete 
| 838|0x00000005a3000000, 0x00000005a3800000, 0x00000005a3800000|100%| E|CS|TAMS 0x00000005a3000000, 0x00000005a3000000| Complete 
| 839|0x00000005a3800000, 0x00000005a4000000, 0x00000005a4000000|100%| E|CS|TAMS 0x00000005a3800000, 0x00000005a3800000| Complete 
| 840|0x00000005a4000000, 0x00000005a4800000, 0x00000005a4800000|100%| E|CS|TAMS 0x00000005a4000000, 0x00000005a4000000| Complete 
| 841|0x00000005a4800000, 0x00000005a5000000, 0x00000005a5000000|100%| E|CS|TAMS 0x00000005a4800000, 0x00000005a4800000| Complete 
| 842|0x00000005a5000000, 0x00000005a5800000, 0x00000005a5800000|100%| E|CS|TAMS 0x00000005a5000000, 0x00000005a5000000| Complete 
| 843|0x00000005a5800000, 0x00000005a6000000, 0x00000005a6000000|100%| E|CS|TAMS 0x00000005a5800000, 0x00000005a5800000| Complete 
| 844|0x00000005a6000000, 0x00000005a6800000, 0x00000005a6800000|100%| E|CS|TAMS 0x00000005a6000000, 0x00000005a6000000| Complete 
| 845|0x00000005a6800000, 0x00000005a7000000, 0x00000005a7000000|100%| E|CS|TAMS 0x00000005a6800000, 0x00000005a6800000| Complete 
| 846|0x00000005a7000000, 0x00000005a7800000, 0x00000005a7800000|100%| E|CS|TAMS 0x00000005a7000000, 0x00000005a7000000| Complete 
| 847|0x00000005a7800000, 0x00000005a8000000, 0x00000005a8000000|100%| E|CS|TAMS 0x00000005a7800000, 0x00000005a7800000| Complete 
| 848|0x00000005a8000000, 0x00000005a8800000, 0x00000005a8800000|100%| E|CS|TAMS 0x00000005a8000000, 0x00000005a8000000| Complete 
| 849|0x00000005a8800000, 0x00000005a9000000, 0x00000005a9000000|100%| E|CS|TAMS 0x00000005a8800000, 0x00000005a8800000| Complete 
| 850|0x00000005a9000000, 0x00000005a9800000, 0x00000005a9800000|100%| E|CS|TAMS 0x00000005a9000000, 0x00000005a9000000| Complete 
| 851|0x00000005a9800000, 0x00000005aa000000, 0x00000005aa000000|100%| E|CS|TAMS 0x00000005a9800000, 0x00000005a9800000| Complete 
| 852|0x00000005aa000000, 0x00000005aa800000, 0x00000005aa800000|100%| E|CS|TAMS 0x00000005aa000000, 0x00000005aa000000| Complete 
| 853|0x00000005aa800000, 0x00000005ab000000, 0x00000005ab000000|100%| E|CS|TAMS 0x00000005aa800000, 0x00000005aa800000| Complete 
| 854|0x00000005ab000000, 0x00000005ab800000, 0x00000005ab800000|100%| E|  |TAMS 0x00000005ab000000, 0x00000005ab000000| Complete 
| 855|0x00000005ab800000, 0x00000005ac000000, 0x00000005ac000000|100%| E|CS|TAMS 0x00000005ab800000, 0x00000005ab800000| Complete 
| 856|0x00000005ac000000, 0x00000005ac800000, 0x00000005ac800000|100%| E|CS|TAMS 0x00000005ac000000, 0x00000005ac000000| Complete 
| 857|0x00000005ac800000, 0x00000005ad000000, 0x00000005ad000000|100%| E|CS|TAMS 0x00000005ac800000, 0x00000005ac800000| Complete 
| 858|0x00000005ad000000, 0x00000005ad800000, 0x00000005ad800000|100%| E|CS|TAMS 0x00000005ad000000, 0x00000005ad000000| Complete 
| 859|0x00000005ad800000, 0x00000005ae000000, 0x00000005ae000000|100%| E|CS|TAMS 0x00000005ad800000, 0x00000005ad800000| Complete 
| 860|0x00000005ae000000, 0x00000005ae800000, 0x00000005ae800000|100%| E|CS|TAMS 0x00000005ae000000, 0x00000005ae000000| Complete 
| 861|0x00000005ae800000, 0x00000005af000000, 0x00000005af000000|100%| E|CS|TAMS 0x00000005ae800000, 0x00000005ae800000| Complete 
| 862|0x00000005af000000, 0x00000005af800000, 0x00000005af800000|100%| E|CS|TAMS 0x00000005af000000, 0x00000005af000000| Complete 
| 863|0x00000005af800000, 0x00000005b0000000, 0x00000005b0000000|100%| E|CS|TAMS 0x00000005af800000, 0x00000005af800000| Complete 
| 864|0x00000005b0000000, 0x00000005b0800000, 0x00000005b0800000|100%| E|CS|TAMS 0x00000005b0000000, 0x00000005b0000000| Complete 
| 865|0x00000005b0800000, 0x00000005b1000000, 0x00000005b1000000|100%| E|CS|TAMS 0x00000005b0800000, 0x00000005b0800000| Complete 
| 866|0x00000005b1000000, 0x00000005b1800000, 0x00000005b1800000|100%| E|CS|TAMS 0x00000005b1000000, 0x00000005b1000000| Complete 
| 867|0x00000005b1800000, 0x00000005b2000000, 0x00000005b2000000|100%| E|CS|TAMS 0x00000005b1800000, 0x00000005b1800000| Complete 
| 868|0x00000005b2000000, 0x00000005b2800000, 0x00000005b2800000|100%| E|CS|TAMS 0x00000005b2000000, 0x00000005b2000000| Complete 
| 869|0x00000005b2800000, 0x00000005b3000000, 0x00000005b3000000|100%| E|CS|TAMS 0x00000005b2800000, 0x00000005b2800000| Complete 
| 870|0x00000005b3000000, 0x00000005b3800000, 0x00000005b3800000|100%| E|CS|TAMS 0x00000005b3000000, 0x00000005b3000000| Complete 
| 871|0x00000005b3800000, 0x00000005b4000000, 0x00000005b4000000|100%| E|CS|TAMS 0x00000005b3800000, 0x00000005b3800000| Complete 
| 872|0x00000005b4000000, 0x00000005b4800000, 0x00000005b4800000|100%| E|CS|TAMS 0x00000005b4000000, 0x00000005b4000000| Complete 
| 873|0x00000005b4800000, 0x00000005b5000000, 0x00000005b5000000|100%| E|CS|TAMS 0x00000005b4800000, 0x00000005b4800000| Complete 
| 874|0x00000005b5000000, 0x00000005b5800000, 0x00000005b5800000|100%| E|CS|TAMS 0x00000005b5000000, 0x00000005b5000000| Complete 
| 875|0x00000005b5800000, 0x00000005b6000000, 0x00000005b6000000|100%| E|CS|TAMS 0x00000005b5800000, 0x00000005b5800000| Complete 
| 876|0x00000005b6000000, 0x00000005b6800000, 0x00000005b6800000|100%| E|CS|TAMS 0x00000005b6000000, 0x00000005b6000000| Complete 
| 877|0x00000005b6800000, 0x00000005b7000000, 0x00000005b7000000|100%| E|CS|TAMS 0x00000005b6800000, 0x00000005b6800000| Complete 
| 878|0x00000005b7000000, 0x00000005b7800000, 0x00000005b7800000|100%| E|CS|TAMS 0x00000005b7000000, 0x00000005b7000000| Complete 
| 879|0x00000005b7800000, 0x00000005b8000000, 0x00000005b8000000|100%| E|CS|TAMS 0x00000005b7800000, 0x00000005b7800000| Complete 
| 880|0x00000005b8000000, 0x00000005b8800000, 0x00000005b8800000|100%| E|CS|TAMS 0x00000005b8000000, 0x00000005b8000000| Complete 
|2043|0x00000007fd800000, 0x00000007fe000000, 0x00000007fe000000|100%| O|  |TAMS 0x00000007fe000000, 0x00000007fd800000| Untracked 
|2044|0x00000007fe000000, 0x00000007fe800000, 0x00000007fe800000|100%| O|  |TAMS 0x00000007fe800000, 0x00000007fe000000| Untracked 
|2045|0x00000007fe800000, 0x00000007ff000000, 0x00000007ff000000|100%| O|  |TAMS 0x00000007ff000000, 0x00000007fe800000| Untracked 
|2046|0x00000007ff000000, 0x00000007ff800000, 0x00000007ff800000|100%| O|  |TAMS 0x00000007ff800000, 0x00000007ff000000| Untracked 
|2047|0x00000007ff800000, 0x0000000800000000, 0x0000000800000000|100%| O|  |TAMS 0x0000000800000000, 0x00000007ff800000| Untracked 

Card table byte_map: [0x000002d15f970000,0x000002d161970000] _byte_map_base: 0x000002d15d970000

Marking Bits (Prev, Next): (CMBitMap*) 0x000002d14a5a81d0, (CMBitMap*) 0x000002d14a5a8210
 Prev Bits: [0x000002d163970000, 0x000002d173970000)
 Next Bits: [0x000002d100000000, 0x000002d110000000)

Polling page: 0x000002d149cd0000

Metaspace:

Usage:
  Non-class:    425.25 MB used.
      Class:    103.09 MB used.
       Both:    528.34 MB used.

Virtual space:
  Non-class space:      448.00 MB reserved,     427.19 MB ( 95%) committed,  7 nodes.
      Class space:        1.00 GB reserved,     104.62 MB ( 10%) committed,  1 nodes.
             Both:        1.44 GB reserved,     531.81 MB ( 36%) committed. 

Chunk freelists:
   Non-Class:  4.20 MB
       Class:  7.26 MB
        Both:  11.47 MB

MaxMetaspaceSize: unlimited
CompressedClassSpaceSize: 1.00 GB
Initial GC threshold: 21.00 MB
Current GC threshold: 884.00 MB
CDS: off
MetaspaceReclaimPolicy: balanced
 - commit_granule_bytes: 65536.
 - commit_granule_words: 8192.
 - virtual_space_node_default_size: 8388608.
 - enlarge_chunks_in_place: 1.
 - new_chunks_are_fully_committed: 0.
 - uncommit_free_chunks: 1.
 - use_allocation_guard: 0.
 - handle_deallocations: 1.


Internal statistics:

num_allocs_failed_limit: 725.
num_arena_births: 5956.
num_arena_deaths: 12.
num_vsnodes_births: 8.
num_vsnodes_deaths: 0.
num_space_committed: 8500.
num_space_uncommitted: 0.
num_chunks_returned_to_freelist: 740.
num_chunks_taken_from_freelist: 27836.
num_chunk_merges: 727.
num_chunk_splits: 20632.
num_chunks_enlarged: 15301.
num_inconsistent_stats: 0.

CodeHeap 'non-profiled nmethods': size=119168Kb used=71549Kb max_used=71653Kb free=47618Kb
 bounds [0x000002d155860000, 0x000002d159e70000, 0x000002d15ccc0000]
CodeHeap 'profiled nmethods': size=119104Kb used=101027Kb max_used=101297Kb free=18076Kb
 bounds [0x000002d14dcc0000, 0x000002d154020000, 0x000002d155110000]
CodeHeap 'non-nmethods': size=7488Kb used=3585Kb max_used=5412Kb free=3902Kb
 bounds [0x000002d155110000, 0x000002d155680000, 0x000002d155860000]
 total_blobs=56421 nmethods=52885 adapters=3439
 compilation: enabled
              stopped_count=0, restarted_count=0
 full_count=0

Compilation events (20 events):
Event: 432.273 Thread 0x000002d176c28820 75480       4       team.creative.ambientsounds.sound.AmbientSound$SoundStream::m_7788_ (1 bytes)
Event: 432.273 Thread 0x000002d176c28820 nmethod 75480 0x000002d159d5ee10 code [0x000002d159d5ef80, 0x000002d159d5eff8]
Event: 432.273 Thread 0x000002d176c28820 75481       4       net.minecraft.client.particle.CampfireSmokeParticle::m_7556_ (4 bytes)
Event: 432.273 Thread 0x000002d176c28820 nmethod 75481 0x000002d159d5eb10 code [0x000002d159d5ec80, 0x000002d159d5ecf8]
Event: 432.326 Thread 0x000002d176c28820 75482       4       io.github.douira.glsl_transformer.ast.node.expression.binary.GreaterThanEqualExpression::getExpressionType (4 bytes)
Event: 432.326 Thread 0x000002d176c28820 nmethod 75482 0x000002d159d5e810 code [0x000002d159d5e980, 0x000002d159d5e9f8]
Event: 432.401 Thread 0x000002d176c28820 75483       4       net.irisshaders.iris.gl.IrisRenderSystem::getActiveUniform (13 bytes)
Event: 432.402 Thread 0x000002d176c28820 nmethod 75483 0x000002d159d5e490 code [0x000002d159d5e620, 0x000002d159d5e708]
Event: 432.402 Thread 0x000002d176c28820 75484       4       net.irisshaders.iris.gl.program.ProgramUniforms::getExpectedType (192 bytes)
Event: 432.402 Thread 0x000002d176c28820 nmethod 75484 0x000002d159d5df90 code [0x000002d159d5e120, 0x000002d159d5e358]
Event: 432.407 Thread 0x000002d176c28820 75485       4       net.irisshaders.iris.gl.program.ProgramSamplers$CustomTextureSamplerInterceptor::getOverride (76 bytes)
Event: 432.424 Thread 0x000002d176c28820 nmethod 75485 0x000002d159d5c790 code [0x000002d159d5c980, 0x000002d159d5d768]
Event: 432.425 Thread 0x000002d176c28820 75486       4       me.jellysquid.mods.sodium.client.render.immediate.CloudRenderer$CloudEdges::<init> (281 bytes)
Event: 432.462 Thread 0x000002d176c28820 nmethod 75486 0x000002d159cd0b90 code [0x000002d159cd0d60, 0x000002d159cd2f18]
Event: 432.462 Thread 0x000002d176c28820 75488       4       java.util.EnumMap::hashCode (39 bytes)
Event: 432.464 Thread 0x000002d176c28820 nmethod 75488 0x000002d159d5c010 code [0x000002d159d5c1c0, 0x000002d159d5c4a8]
Event: 432.464 Thread 0x000002d176c28820 75487       4       net.caffeinemc.mods.sodium.api.util.ColorABGR::withAlpha (9 bytes)
Event: 432.464 Thread 0x000002d176c28820 nmethod 75487 0x000002d159d5bd10 code [0x000002d159d5bea0, 0x000002d159d5bf38]
Event: 432.480 Thread 0x000002d176c28820 75489       4       team.creative.ambientsounds.condition.AmbientVolume::volume (10 bytes)
Event: 432.480 Thread 0x000002d176c28820 nmethod 75489 0x000002d159d5ba10 code [0x000002d159d5bb80, 0x000002d159d5bbf8]

GC Heap History (20 events):
Event: 352.974 GC heap before
{Heap before GC invocations=92 (full 0):
 garbage-first heap   total 7258112K, used 3707779K [0x0000000400000000, 0x0000000800000000)
  region size 8192K, 42 young (344064K), 26 survivors (212992K)
 Metaspace       used 537873K, committed 541440K, reserved 1507328K
  class space    used 105433K, committed 107008K, reserved 1048576K
}
Event: 353.018 GC heap after
{Heap after GC invocations=93 (full 0):
 garbage-first heap   total 7258112K, used 3582877K [0x0000000400000000, 0x0000000800000000)
  region size 8192K, 15 young (122880K), 15 survivors (122880K)
 Metaspace       used 537873K, committed 541440K, reserved 1507328K
  class space    used 105433K, committed 107008K, reserved 1048576K
}
Event: 366.198 GC heap before
{Heap before GC invocations=94 (full 0):
 garbage-first heap   total 7258112K, used 6097821K [0x0000000400000000, 0x0000000800000000)
  region size 8192K, 329 young (2695168K), 15 survivors (122880K)
 Metaspace       used 539275K, committed 542912K, reserved 1507328K
  class space    used 105469K, committed 107072K, reserved 1048576K
}
Event: 366.225 GC heap after
{Heap after GC invocations=95 (full 0):
 garbage-first heap   total 7258112K, used 3523014K [0x0000000400000000, 0x0000000800000000)
  region size 8192K, 14 young (114688K), 14 survivors (114688K)
 Metaspace       used 539275K, committed 542912K, reserved 1507328K
  class space    used 105469K, committed 107072K, reserved 1048576K
}
Event: 367.544 GC heap before
{Heap before GC invocations=95 (full 0):
 garbage-first heap   total 7258112K, used 3768774K [0x0000000400000000, 0x0000000800000000)
  region size 8192K, 44 young (360448K), 14 survivors (114688K)
 Metaspace       used 539317K, committed 542912K, reserved 1507328K
  class space    used 105469K, committed 107072K, reserved 1048576K
}
Event: 367.580 GC heap after
{Heap after GC invocations=96 (full 0):
 garbage-first heap   total 7258112K, used 3470591K [0x0000000400000000, 0x0000000800000000)
  region size 8192K, 3 young (24576K), 3 survivors (24576K)
 Metaspace       used 539317K, committed 542912K, reserved 1507328K
  class space    used 105469K, committed 107072K, reserved 1048576K
}
Event: 379.997 GC heap before
{Heap before GC invocations=96 (full 0):
 garbage-first heap   total 7258112K, used 6223103K [0x0000000400000000, 0x0000000800000000)
  region size 8192K, 339 young (2777088K), 3 survivors (24576K)
 Metaspace       used 539457K, committed 543040K, reserved 1507328K
  class space    used 105475K, committed 107072K, reserved 1048576K
}
Event: 380.001 GC heap after
{Heap after GC invocations=97 (full 0):
 garbage-first heap   total 7258112K, used 3458402K [0x0000000400000000, 0x0000000800000000)
  region size 8192K, 2 young (16384K), 2 survivors (16384K)
 Metaspace       used 539457K, committed 543040K, reserved 1507328K
  class space    used 105475K, committed 107072K, reserved 1048576K
}
Event: 393.471 GC heap before
{Heap before GC invocations=98 (full 0):
 garbage-first heap   total 7258112K, used 6276450K [0x0000000400000000, 0x0000000800000000)
  region size 8192K, 346 young (2834432K), 2 survivors (16384K)
 Metaspace       used 539547K, committed 543104K, reserved 1507328K
  class space    used 105476K, committed 107072K, reserved 1048576K
}
Event: 393.475 GC heap after
{Heap after GC invocations=99 (full 0):
 garbage-first heap   total 7258112K, used 3458189K [0x0000000400000000, 0x0000000800000000)
  region size 8192K, 2 young (16384K), 2 survivors (16384K)
 Metaspace       used 539547K, committed 543104K, reserved 1507328K
  class space    used 105476K, committed 107072K, reserved 1048576K
}
Event: 395.349 GC heap before
{Heap before GC invocations=99 (full 0):
 garbage-first heap   total 7258112K, used 3802253K [0x0000000400000000, 0x0000000800000000)
  region size 8192K, 44 young (360448K), 2 survivors (16384K)
 Metaspace       used 539553K, committed 543168K, reserved 1507328K
  class space    used 105476K, committed 107072K, reserved 1048576K
}
Event: 395.366 GC heap after
{Heap after GC invocations=100 (full 0):
 garbage-first heap   total 7258112K, used 3424942K [0x0000000400000000, 0x0000000800000000)
  region size 8192K, 2 young (16384K), 2 survivors (16384K)
 Metaspace       used 539553K, committed 543168K, reserved 1507328K
  class space    used 105476K, committed 107072K, reserved 1048576K
}
Event: 403.122 GC heap before
{Heap before GC invocations=100 (full 0):
 garbage-first heap   total 7258112K, used 6316718K [0x0000000400000000, 0x0000000800000000)
  region size 8192K, 356 young (2916352K), 2 survivors (16384K)
 Metaspace       used 539593K, committed 543168K, reserved 1507328K
  class space    used 105476K, committed 107072K, reserved 1048576K
}
Event: 403.167 GC heap after
{Heap after GC invocations=101 (full 0):
 garbage-first heap   total 7258112K, used 3609664K [0x0000000400000000, 0x0000000800000000)
  region size 8192K, 24 young (196608K), 24 survivors (196608K)
 Metaspace       used 539593K, committed 543168K, reserved 1507328K
  class space    used 105476K, committed 107072K, reserved 1048576K
}
Event: 414.493 GC heap before
{Heap before GC invocations=101 (full 0):
 garbage-first heap   total 7258112K, used 6198336K [0x0000000400000000, 0x0000000800000000)
  region size 8192K, 340 young (2785280K), 24 survivors (196608K)
 Metaspace       used 539967K, committed 543552K, reserved 1507328K
  class space    used 105496K, committed 107072K, reserved 1048576K
}
Event: 414.535 GC heap after
{Heap after GC invocations=102 (full 0):
 garbage-first heap   total 7258112K, used 3635574K [0x0000000400000000, 0x0000000800000000)
  region size 8192K, 4 young (32768K), 4 survivors (32768K)
 Metaspace       used 539967K, committed 543552K, reserved 1507328K
  class space    used 105496K, committed 107072K, reserved 1048576K
}
Event: 424.944 GC heap before
{Heap before GC invocations=102 (full 0):
 garbage-first heap   total 7258112K, used 6240630K [0x0000000400000000, 0x0000000800000000)
  region size 8192K, 323 young (2646016K), 4 survivors (32768K)
 Metaspace       used 540677K, committed 544256K, reserved 1507328K
  class space    used 105547K, committed 107136K, reserved 1048576K
}
Event: 424.953 GC heap after
{Heap after GC invocations=103 (full 0):
 garbage-first heap   total 7258112K, used 3635137K [0x0000000400000000, 0x0000000800000000)
  region size 8192K, 4 young (32768K), 4 survivors (32768K)
 Metaspace       used 540677K, committed 544256K, reserved 1507328K
  class space    used 105547K, committed 107136K, reserved 1048576K
}
Event: 431.627 GC heap before
{Heap before GC invocations=103 (full 0):
 garbage-first heap   total 7258112K, used 6281153K [0x0000000400000000, 0x0000000800000000)
  region size 8192K, 328 young (2686976K), 4 survivors (32768K)
 Metaspace       used 541006K, committed 544576K, reserved 1507328K
  class space    used 105562K, committed 107136K, reserved 1048576K
}
Event: 431.645 GC heap after
{Heap after GC invocations=104 (full 0):
 garbage-first heap   total 7258112K, used 3682709K [0x0000000400000000, 0x0000000800000000)
  region size 8192K, 10 young (81920K), 10 survivors (81920K)
 Metaspace       used 541006K, committed 544576K, reserved 1507328K
  class space    used 105562K, committed 107136K, reserved 1048576K
}

Dll operation events (20 events):
Event: 0.132 Loaded shared library \curseforge\minecraft\Install\runtime\java-runtime-gamma\windows-x64\java-runtime-gamma\bin\net.dll
Event: 0.134 Loaded shared library \curseforge\minecraft\Install\runtime\java-runtime-gamma\windows-x64\java-runtime-gamma\bin\nio.dll
Event: 0.138 Loaded shared library \curseforge\minecraft\Install\runtime\java-runtime-gamma\windows-x64\java-runtime-gamma\bin\zip.dll
Event: 0.191 Loaded shared library \curseforge\minecraft\Install\runtime\java-runtime-gamma\windows-x64\java-runtime-gamma\bin\jimage.dll
Event: 0.361 Loaded shared library \curseforge\minecraft\Install\runtime\java-runtime-gamma\windows-x64\java-runtime-gamma\bin\verify.dll
Event: 1.601 Loaded shared library \curseforge\minecraft\Install\runtime\java-runtime-gamma\windows-x64\java-runtime-gamma\bin\management.dll
Event: 1.603 Loaded shared library \curseforge\minecraft\Install\runtime\java-runtime-gamma\windows-x64\java-runtime-gamma\bin\management_ext.dll
Event: 3.857 Loaded shared library \curseforge\minecraft\Install\bin\2567d7e973f5d76f3d773bd5df2b62bb43bb5d0a\lwjgl.dll
Event: 4.081 Loaded shared library \curseforge\minecraft\Install\bin\2567d7e973f5d76f3d773bd5df2b62bb43bb5d0a\lwjgl_opengl.dll
Event: 4.140 Loaded shared library \curseforge\minecraft\Install\bin\2567d7e973f5d76f3d773bd5df2b62bb43bb5d0a\lwjgl_stb.dll
Event: 12.074 Loaded shared library \curseforge\minecraft\Install\bin\2567d7e973f5d76f3d773bd5df2b62bb43bb5d0a\jna12727535571447517311.dll
Event: 23.750 Loaded shared library \curseforge\minecraft\Install\runtime\java-runtime-gamma\windows-x64\java-runtime-gamma\bin\sunmscapi.dll
Event: 27.232 Loaded shared library \curseforge\minecraft\Install\runtime\java-runtime-gamma\windows-x64\java-runtime-gamma\bin\awt.dll
Event: 53.568 Loaded shared library \AppData\Local\Temp\opus4j-425b9c66b27e08f7e8fc45c7a6f2c641\opus4j.dll
Event: 91.733 Loaded shared library \curseforge\minecraft\Instances\CSMP 4\mods\mcef-libraries\windows_amd64\d3dcompiler_47.dll
Event: 91.736 Loaded shared library \curseforge\minecraft\Instances\CSMP 4\mods\mcef-libraries\windows_amd64\libGLESv2.dll
Event: 91.737 Loaded shared library \curseforge\minecraft\Instances\CSMP 4\mods\mcef-libraries\windows_amd64\libEGL.dll
Event: 91.739 Loaded shared library \curseforge\minecraft\Instances\CSMP 4\mods\mcef-libraries\windows_amd64\chrome_elf.dll
Event: 91.749 Loaded shared library \curseforge\minecraft\Instances\CSMP 4\mods\mcef-libraries\windows_amd64\libcef.dll
Event: 91.751 Loaded shared library \curseforge\minecraft\Instances\CSMP 4\mods\mcef-libraries\windows_amd64\jcef.dll

Deoptimization events (20 events):
Event: 432.204 Thread 0x000002d14a539e80 DEOPT PACKING pc=0x000002d15984cddc sp=0x000000e17affc900
Event: 432.204 Thread 0x000002d14a539e80 DEOPT UNPACKING pc=0x000002d1551669a3 sp=0x000000e17affc898 mode 2
Event: 432.234 Thread 0x000002d14a539e80 Uncommon trap: trap_request=0xffffffc6 fr.pc=0x000002d15851ad40 relative=0x0000000000000640
Event: 432.234 Thread 0x000002d14a539e80 Uncommon trap: reason=bimorphic_or_optimized_type_check action=maybe_recompile pc=0x000002d15851ad40 method=com.jozufozu.flywheel.util.WorldAttached.get(Lnet/minecraft/world/level/LevelAccessor;)Ljava/lang/Object; @ 22 c2
Event: 432.234 Thread 0x000002d14a539e80 DEOPT PACKING pc=0x000002d15851ad40 sp=0x000000e17affde30
Event: 432.234 Thread 0x000002d14a539e80 DEOPT UNPACKING pc=0x000002d1551669a3 sp=0x000000e17affddf8 mode 2
Event: 432.234 Thread 0x000002d14a539e80 Uncommon trap: trap_request=0xffffff45 fr.pc=0x000002d159b67710 relative=0x0000000000000330
Event: 432.234 Thread 0x000002d14a539e80 Uncommon trap: reason=unstable_if action=reinterpret pc=0x000002d159b67710 method=com.mojang.blaze3d.vertex.BufferBuilder.localvar$fde000$irisflw$begin(Lcom/mojang/blaze3d/vertex/VertexFormat;)Lcom/mojang/blaze3d/vertex/VertexFormat; @ 10 c2
Event: 432.234 Thread 0x000002d14a539e80 DEOPT PACKING pc=0x000002d159b67710 sp=0x000000e17affd610
Event: 432.234 Thread 0x000002d14a539e80 DEOPT UNPACKING pc=0x000002d1551669a3 sp=0x000000e17affd570 mode 2
Event: 432.300 Thread 0x000002d14a539e80 Uncommon trap: trap_request=0xffffff45 fr.pc=0x000002d15933ddc8 relative=0x00000000000000c8
Event: 432.300 Thread 0x000002d14a539e80 Uncommon trap: reason=unstable_if action=reinterpret pc=0x000002d15933ddc8 method=org.joml.Vector2i.equals(Ljava/lang/Object;)Z @ 52 c2
Event: 432.300 Thread 0x000002d14a539e80 DEOPT PACKING pc=0x000002d15933ddc8 sp=0x000000e17affdbd0
Event: 432.300 Thread 0x000002d14a539e80 DEOPT UNPACKING pc=0x000002d1551669a3 sp=0x000000e17affdb50 mode 2
Event: 432.301 Thread 0x000002d14a539e80 Uncommon trap: trap_request=0xffffff45 fr.pc=0x000002d158b47b00 relative=0x00000000000036c0
Event: 432.301 Thread 0x000002d14a539e80 Uncommon trap: reason=unstable_if action=reinterpret pc=0x000002d158b47b00 method=net.irisshaders.iris.compat.sodium.impl.shader_overrides.IrisChunkProgramOverrides.getProgramOverride(Lme/jellysquid/mods/sodium/client/render/chunk/terrain/TerrainRenderPas
Event: 432.301 Thread 0x000002d14a539e80 DEOPT PACKING pc=0x000002d158b47b00 sp=0x000000e17affd730
Event: 432.301 Thread 0x000002d14a539e80 DEOPT UNPACKING pc=0x000002d1551669a3 sp=0x000000e17affd598 mode 2
Event: 432.412 Thread 0x000002d14a539e80 DEOPT PACKING pc=0x000002d151525543 sp=0x000000e17affd830
Event: 432.412 Thread 0x000002d14a539e80 DEOPT UNPACKING pc=0x000002d155167143 sp=0x000000e17affcd20 mode 0

Classes unloaded (6 events):
Event: 354.470 Thread 0x000002d176bbe610 Unloading class 0x0000000805594000 'Scripts'
Event: 354.470 Thread 0x000002d176bbe610 Unloading class 0x000000080544a000 'java/lang/invoke/LambdaForm$MH+0x000000080544a000'
Event: 354.470 Thread 0x000002d176bbe610 Unloading class 0x0000000805449c00 'java/lang/invoke/LambdaForm$MH+0x0000000805449c00'
Event: 354.470 Thread 0x000002d176bbe610 Unloading class 0x0000000805449400 'java/lang/invoke/LambdaForm$DMH+0x0000000805449400'
Event: 354.470 Thread 0x000002d176bbe610 Unloading class 0x0000000805449800 'java/lang/invoke/LambdaForm$DMH+0x0000000805449800'
Event: 354.470 Thread 0x000002d176bbe610 Unloading class 0x0000000804f88c00 'Scripts'

Classes redefined (0 events):
No events

Internal exceptions (20 events):
Event: 427.150 Thread 0x000002d14a539e80 Implicit null exception at 0x000002d15965ca51 to 0x000002d159665659
Event: 429.872 Thread 0x000002d14a539e80 Exception <a 'sun/nio/fs/WindowsException'{0x0000000561d34840}> (0x0000000561d34840) 
thrown [s\src\hotspot\share\prims\jni.cpp, line 516]
Event: 429.873 Thread 0x000002d14a539e80 Exception <a 'sun/nio/fs/WindowsException'{0x0000000561d34d70}> (0x0000000561d34d70) 
thrown [s\src\hotspot\share\prims\jni.cpp, line 516]
Event: 429.878 Thread 0x000002d14a539e80 Exception <a 'sun/nio/fs/WindowsException'{0x0000000561d75840}> (0x0000000561d75840) 
thrown [s\src\hotspot\share\prims\jni.cpp, line 516]
Event: 429.880 Thread 0x000002d14a539e80 Exception <a 'sun/nio/fs/WindowsException'{0x0000000561de59b0}> (0x0000000561de59b0) 
thrown [s\src\hotspot\share\prims\jni.cpp, line 516]
Event: 429.882 Thread 0x000002d14a539e80 Exception <a 'sun/nio/fs/WindowsException'{0x0000000561e10b18}> (0x0000000561e10b18) 
thrown [s\src\hotspot\share\prims\jni.cpp, line 516]
Event: 429.883 Thread 0x000002d14a539e80 Exception <a 'sun/nio/fs/WindowsException'{0x0000000561e3a678}> (0x0000000561e3a678) 
thrown [s\src\hotspot\share\prims\jni.cpp, line 516]
Event: 429.920 Thread 0x000002d14a539e80 Exception <a 'sun/nio/fs/WindowsException'{0x0000000560aacca8}> (0x0000000560aacca8) 
thrown [s\src\hotspot\share\prims\jni.cpp, line 516]
Event: 432.412 Thread 0x000002d14a539e80 Exception <a 'sun/nio/fs/WindowsException'{0x00000005a4ff69b0}> (0x00000005a4ff69b0) 
thrown [s\src\hotspot\share\prims\jni.cpp, line 516]
Event: 432.412 Thread 0x000002d14a539e80 Exception <a 'sun/nio/fs/WindowsException'{0x00000005a4ff6c08}> (0x00000005a4ff6c08) 
thrown [s\src\hotspot\share\prims\jni.cpp, line 516]
Event: 432.413 Thread 0x000002d14a539e80 Exception <a 'sun/nio/fs/WindowsException'{0x00000005a40625e8}> (0x00000005a40625e8) 
thrown [s\src\hotspot\share\prims\jni.cpp, line 516]
Event: 432.413 Thread 0x000002d14a539e80 Exception <a 'sun/nio/fs/WindowsException'{0x00000005a4062828}> (0x00000005a4062828) 
thrown [s\src\hotspot\share\prims\jni.cpp, line 516]
Event: 432.414 Thread 0x000002d14a539e80 Exception <a 'sun/nio/fs/WindowsException'{0x00000005a4073cf0}> (0x00000005a4073cf0) 
thrown [s\src\hotspot\share\prims\jni.cpp, line 516]
Event: 432.414 Thread 0x000002d14a539e80 Exception <a 'sun/nio/fs/WindowsException'{0x00000005a4073f30}> (0x00000005a4073f30) 
thrown [s\src\hotspot\share\prims\jni.cpp, line 516]
Event: 432.414 Thread 0x000002d14a539e80 Exception <a 'sun/nio/fs/WindowsException'{0x00000005a407bbf0}> (0x00000005a407bbf0) 
thrown [s\src\hotspot\share\prims\jni.cpp, line 516]
Event: 432.414 Thread 0x000002d14a539e80 Exception <a 'sun/nio/fs/WindowsException'{0x00000005a407be30}> (0x00000005a407be30) 
thrown [s\src\hotspot\share\prims\jni.cpp, line 516]
Event: 432.414 Thread 0x000002d14a539e80 Exception <a 'sun/nio/fs/WindowsException'{0x00000005a409a608}> (0x00000005a409a608) 
thrown [s\src\hotspot\share\prims\jni.cpp, line 516]
Event: 432.414 Thread 0x000002d14a539e80 Exception <a 'sun/nio/fs/WindowsException'{0x00000005a409a848}> (0x00000005a409a848) 
thrown [s\src\hotspot\share\prims\jni.cpp, line 516]
Event: 432.414 Thread 0x000002d14a539e80 Exception <a 'sun/nio/fs/WindowsException'{0x00000005a40a2808}> (0x00000005a40a2808) 
thrown [s\src\hotspot\share\prims\jni.cpp, line 516]
Event: 432.415 Thread 0x000002d14a539e80 Exception <a 'sun/nio/fs/WindowsException'{0x00000005a40a2a48}> (0x00000005a40a2a48) 
thrown [s\src\hotspot\share\prims\jni.cpp, line 516]

VM Operations (20 events):
Event: 426.992 Executing VM operation: HandshakeAllThreads
Event: 426.992 Executing VM operation: HandshakeAllThreads done
Event: 427.071 Executing VM operation: HandshakeAllThreads
Event: 427.071 Executing VM operation: HandshakeAllThreads done
Event: 427.135 Executing VM operation: ICBufferFull
Event: 427.135 Executing VM operation: ICBufferFull done
Event: 427.294 Executing VM operation: HandshakeAllThreads
Event: 427.294 Executing VM operation: HandshakeAllThreads done
Event: 427.775 Executing VM operation: ICBufferFull
Event: 427.775 Executing VM operation: ICBufferFull done
Event: 429.270 Executing VM operation: HandshakeAllThreads
Event: 429.270 Executing VM operation: HandshakeAllThreads done
Event: 429.270 Executing VM operation: Cleanup
Event: 429.271 Executing VM operation: Cleanup done
Event: 430.271 Executing VM operation: Cleanup
Event: 430.271 Executing VM operation: Cleanup done
Event: 431.271 Executing VM operation: Cleanup
Event: 431.272 Executing VM operation: Cleanup done
Event: 431.626 Executing VM operation: G1CollectForAllocation
Event: 431.645 Executing VM operation: G1CollectForAllocation done

Events (20 events):
Event: 432.196 Thread 0x000002d27f196300 Thread exited: 0x000002d27f196300
Event: 432.196 Thread 0x000002d27f194ec0 Thread exited: 0x000002d27f194ec0
Event: 432.196 Thread 0x000002d27f193f90 Thread exited: 0x000002d27f193f90
Event: 432.196 Thread 0x000002d27f1953d0 Thread exited: 0x000002d27f1953d0
Event: 432.196 Thread 0x000002d27f1958e0 Thread exited: 0x000002d27f1958e0
Event: 432.196 Thread 0x000002d27f193570 Thread exited: 0x000002d27f193570
Event: 432.196 Thread 0x000002d27f193060 Thread exited: 0x000002d27f193060
Event: 432.196 Thread 0x000002d27f5f91d0 Thread exited: 0x000002d27f5f91d0
Event: 432.199 Thread 0x000002d22c130720 Thread added: 0x000002d22c130720
Event: 432.200 Thread 0x000002d22c12f2e0 Thread added: 0x000002d22c12f2e0
Event: 432.200 Thread 0x000002d22c131140 Thread added: 0x000002d22c131140
Event: 432.201 Thread 0x000002d22c130210 Thread added: 0x000002d22c130210
Event: 432.201 Thread 0x000002d22c131650 Thread added: 0x000002d22c131650
Event: 432.202 Thread 0x000002d22c131b60 Thread added: 0x000002d22c131b60
Event: 432.202 Thread 0x000002d22c12fd00 Thread added: 0x000002d22c12fd00
Event: 432.203 Thread 0x000002d22c130c30 Thread added: 0x000002d22c130c30
Event: 432.203 Thread 0x000002d22c12f7f0 Thread added: 0x000002d22c12f7f0
Event: 432.204 Thread 0x000002d22c132070 Thread added: 0x000002d22c132070
Event: 432.301 Thread 0x000002d1a8e7e9b0 Thread added: 0x000002d1a8e7e9b0
Event: 432.301 Thread 0x000002d1a8e7e9b0 Thread exited: 0x000002d1a8e7e9b0


Dynamic libraries:
0x00007ff78cbf0000 - 0x00007ff78cbfe000 	\curseforge\minecraft\Install\runtime\java-runtime-gamma\windows-x64\java-runtime-gamma\bin\javaw.exe
0x00007ff82d350000 - 0x00007ff82d567000 	C:\Windows\SYSTEM32\ntdll.dll
0x00007ff82b390000 - 0x00007ff82b454000 	C:\Windows\System32\KERNEL32.DLL
0x00007ff82ac90000 - 0x00007ff82b04a000 	C:\Windows\System32\KERNELBASE.dll
0x00007ff82a7c0000 - 0x00007ff82a8d1000 	C:\Windows\System32\ucrtbase.dll
0x00007ff813020000 - 0x00007ff81303b000 	\curseforge\minecraft\Install\runtime\java-runtime-gamma\windows-x64\java-runtime-gamma\bin\VCRUNTIME140.dll
0x00007ff80a390000 - 0x00007ff80a3a7000 	\curseforge\minecraft\Install\runtime\java-runtime-gamma\windows-x64\java-runtime-gamma\bin\jli.dll
0x00007ff82cf00000 - 0x00007ff82d0ae000 	C:\Windows\System32\USER32.dll
0x00007ff82ac60000 - 0x00007ff82ac86000 	C:\Windows\System32\win32u.dll
0x00007ff81e540000 - 0x00007ff81e7d2000 	C:\Windows\WinSxS\amd64_microsoft.windows.common-controls_6595b64144ccf1df_6.0.22621.4541_none_2710d1c57384c085\COMCTL32.dll
0x00007ff82cc10000 - 0x00007ff82ccb7000 	C:\Windows\System32\msvcrt.dll
0x00007ff82b560000 - 0x00007ff82b589000 	C:\Windows\System32\GDI32.dll
0x00007ff82a620000 - 0x00007ff82a73b000 	C:\Windows\System32\gdi32full.dll
0x00007ff82a8e0000 - 0x00007ff82a97a000 	C:\Windows\System32\msvcp_win.dll
0x00007ff82c880000 - 0x00007ff82c8b1000 	C:\Windows\System32\IMM32.DLL
0x00007ff8253c0000 - 0x00007ff8253cc000 	\curseforge\minecraft\Install\runtime\java-runtime-gamma\windows-x64\java-runtime-gamma\bin\vcruntime140_1.dll
0x00007ff805110000 - 0x00007ff80519d000 	\curseforge\minecraft\Install\runtime\java-runtime-gamma\windows-x64\java-runtime-gamma\bin\msvcp140.dll
0x00007fff61d00000 - 0x00007fff62965000 	\curseforge\minecraft\Install\runtime\java-runtime-gamma\windows-x64\java-runtime-gamma\bin\server\jvm.dll
0x00007ff82cb40000 - 0x00007ff82cbf2000 	C:\Windows\System32\ADVAPI32.dll
0x00007ff82ce50000 - 0x00007ff82cef7000 	C:\Windows\System32\sechost.dll
0x00007ff82aac0000 - 0x00007ff82aae8000 	C:\Windows\System32\bcrypt.dll
0x00007ff82cd30000 - 0x00007ff82ce44000 	C:\Windows\System32\RPCRT4.dll
0x00007ff806290000 - 0x00007ff806299000 	C:\Windows\SYSTEM32\WSOCK32.dll
0x00007ff8294b0000 - 0x00007ff8294fd000 	C:\Windows\SYSTEM32\POWRPROF.dll
0x00007ff824500000 - 0x00007ff824534000 	C:\Windows\SYSTEM32\WINMM.dll
0x00007ff82c8c0000 - 0x00007ff82c931000 	C:\Windows\System32\WS2_32.dll
0x00007ff8234b0000 - 0x00007ff8234ba000 	C:\Windows\SYSTEM32\VERSION.dll
0x00007ff829490000 - 0x00007ff8294a3000 	C:\Windows\SYSTEM32\UMPDC.dll
0x00007ff829750000 - 0x00007ff829768000 	C:\Windows\SYSTEM32\kernel.appcore.dll
0x00007ff8244d0000 - 0x00007ff8244da000 	\curseforge\minecraft\Install\runtime\java-runtime-gamma\windows-x64\java-runtime-gamma\bin\jimage.dll
0x00007ff827c80000 - 0x00007ff827eb2000 	C:\Windows\SYSTEM32\DBGHELP.DLL
0x00007ff82ba70000 - 0x00007ff82bdff000 	C:\Windows\System32\combase.dll
0x00007ff82c940000 - 0x00007ff82ca17000 	C:\Windows\System32\OLEAUT32.dll
0x00007ff81a1b0000 - 0x00007ff81a1e2000 	C:\Windows\SYSTEM32\dbgcore.DLL
0x00007ff82a740000 - 0x00007ff82a7bb000 	C:\Windows\System32\bcryptPrimitives.dll
0x00007ff806050000 - 0x00007ff806075000 	\curseforge\minecraft\Install\runtime\java-runtime-gamma\windows-x64\java-runtime-gamma\bin\java.dll
0x00007ff805da0000 - 0x00007ff805db8000 	\curseforge\minecraft\Install\runtime\java-runtime-gamma\windows-x64\java-runtime-gamma\bin\zip.dll
0x00007ff804890000 - 0x00007ff804967000 	\curseforge\minecraft\Install\runtime\java-runtime-gamma\windows-x64\java-runtime-gamma\bin\jsvml.dll
0x00007ff82be00000 - 0x00007ff82c678000 	C:\Windows\System32\SHELL32.dll
0x00007ff828570000 - 0x00007ff828e78000 	C:\Windows\SYSTEM32\windows.storage.dll
0x00007ff828430000 - 0x00007ff82856f000 	C:\Windows\SYSTEM32\wintypes.dll
0x00007ff82ca40000 - 0x00007ff82cb3a000 	C:\Windows\System32\SHCORE.dll
0x00007ff82ba10000 - 0x00007ff82ba6e000 	C:\Windows\System32\shlwapi.dll
0x00007ff82a550000 - 0x00007ff82a57b000 	C:\Windows\SYSTEM32\profapi.dll
0x00007ff8052d0000 - 0x00007ff8052e9000 	\curseforge\minecraft\Install\runtime\java-runtime-gamma\windows-x64\java-runtime-gamma\bin\net.dll
0x00007ff825bf0000 - 0x00007ff825d26000 	C:\Windows\SYSTEM32\WINHTTP.dll
0x00007ff829bd0000 - 0x00007ff829c39000 	C:\Windows\system32\mswsock.dll
0x00007ff8050f0000 - 0x00007ff805106000 	\curseforge\minecraft\Install\runtime\java-runtime-gamma\windows-x64\java-runtime-gamma\bin\nio.dll
0x00007ff81f070000 - 0x00007ff81f080000 	\curseforge\minecraft\Install\runtime\java-runtime-gamma\windows-x64\java-runtime-gamma\bin\verify.dll
0x00007ff81e9a0000 - 0x00007ff81e9a9000 	\curseforge\minecraft\Install\runtime\java-runtime-gamma\windows-x64\java-runtime-gamma\bin\management.dll
0x00007ff819830000 - 0x00007ff81983b000 	\curseforge\minecraft\Install\runtime\java-runtime-gamma\windows-x64\java-runtime-gamma\bin\management_ext.dll
0x00007ff82ccc0000 - 0x00007ff82ccc8000 	C:\Windows\System32\PSAPI.DLL
0x00007ff80df40000 - 0x00007ff80df57000 	C:\Windows\system32\napinsp.dll
0x00007fffc7e30000 - 0x00007fffc7e4b000 	C:\Windows\system32\pnrpnsp.dll
0x00007ff8291c0000 - 0x00007ff8292c2000 	C:\Windows\SYSTEM32\DNSAPI.dll
0x00007ff829150000 - 0x00007ff82917d000 	C:\Windows\SYSTEM32\IPHLPAPI.DLL
0x00007ff82cc00000 - 0x00007ff82cc09000 	C:\Windows\System32\NSI.dll
0x00007fffb5a30000 - 0x00007fffb5a41000 	C:\Windows\System32\winrnr.dll
0x00007ffff92b0000 - 0x00007ffff92c5000 	C:\Windows\system32\wshbth.dll
0x00007fffdb840000 - 0x00007fffdb867000 	C:\Windows\system32\nlansp_c.dll
0x00007ff823510000 - 0x00007ff82351a000 	C:\Windows\System32\rasadhlp.dll
0x00007ff824230000 - 0x00007ff8242b3000 	C:\Windows\System32\fwpuclnt.dll
0x00007ff804e60000 - 0x00007ff804ed5000 	\curseforge\minecraft\Install\bin\2567d7e973f5d76f3d773bd5df2b62bb43bb5d0a\lwjgl.dll
0x00007ff805080000 - 0x00007ff8050e1000 	\curseforge\minecraft\Install\bin\2567d7e973f5d76f3d773bd5df2b62bb43bb5d0a\glfw.dll
0x00007fffb5a50000 - 0x00007fffb5a96000 	C:\Windows\SYSTEM32\dinput8.dll
0x00007ff804fc0000 - 0x00007ff804fd1000 	C:\Windows\SYSTEM32\xinput1_4.dll
0x00007ff82a310000 - 0x00007ff82a35e000 	C:\Windows\SYSTEM32\cfgmgr32.dll
0x00007ff82a2e0000 - 0x00007ff82a30c000 	C:\Windows\SYSTEM32\DEVOBJ.dll
0x00007ff826d70000 - 0x00007ff826d9b000 	C:\Windows\SYSTEM32\dwmapi.dll
0x00007ff8122e0000 - 0x00007ff8124f4000 	C:\Windows\SYSTEM32\inputhost.dll
0x00007ff8258e0000 - 0x00007ff825a13000 	C:\Windows\SYSTEM32\CoreMessaging.dll
0x00007ff826be0000 - 0x00007ff826c91000 	C:\Windows\system32\uxtheme.dll
0x00007ff829e40000 - 0x00007ff829e4c000 	C:\Windows\SYSTEM32\CRYPTBASE.DLL
0x00007ff82c690000 - 0x00007ff82c7f1000 	C:\Windows\System32\MSCTF.dll
0x00007ffff6f10000 - 0x00007ffff7010000 	C:\Windows\SYSTEM32\opengl32.dll
0x00007ffff77c0000 - 0x00007ffff77ed000 	C:\Windows\SYSTEM32\GLU32.dll
0x00007ff827020000 - 0x00007ff827057000 	C:\Windows\SYSTEM32\dxcore.dll
0x00007ff82d0b0000 - 0x00007ff82d160000 	C:\Windows\System32\clbcatq.dll
0x00007fff6bbb0000 - 0x00007fff6e1e8000 	C:\Windows\System32\DriverStore\FileRepository\nv_dispi.inf_amd64_9425e4c3b1ac1c47\nvoglv64.dll
0x00007ff82b590000 - 0x00007ff82ba04000 	C:\Windows\System32\SETUPAPI.dll
0x00007ff82d160000 - 0x00007ff82d305000 	C:\Windows\System32\ole32.dll
0x00007ff829500000 - 0x00007ff829514000 	C:\Windows\SYSTEM32\WTSAPI32.dll
0x00007ff829e80000 - 0x00007ff829e92000 	C:\Windows\SYSTEM32\msasn1.dll
0x00007ff823470000 - 0x00007ff8234a2000 	C:\Windows\SYSTEM32\cryptnet.dll
0x00007ff82aaf0000 - 0x00007ff82ac56000 	C:\Windows\System32\CRYPT32.dll
0x00007ff829ef0000 - 0x00007ff829f3c000 	C:\Windows\SYSTEM32\wldp.dll
0x00007ff822520000 - 0x00007ff822682000 	C:\Windows\SYSTEM32\drvstore.dll
0x00007ff82aa40000 - 0x00007ff82aab2000 	C:\Windows\System32\WINTRUST.dll
0x00007ff829860000 - 0x00007ff829894000 	C:\Windows\SYSTEM32\ntmarta.dll
0x00007ff82b460000 - 0x00007ff82b47f000 	C:\Windows\System32\imagehlp.dll
0x00007ff829e20000 - 0x00007ff829e3b000 	C:\Windows\SYSTEM32\CRYPTSP.dll
0x00007ff8296b0000 - 0x00007ff8296e5000 	C:\Windows\system32\rsaenh.dll
0x00007ff81a910000 - 0x00007ff81d620000 	C:\Windows\System32\DriverStore\FileRepository\nv_dispi.inf_amd64_9425e4c3b1ac1c47\nvgpucomp64.dll
0x00007ff801690000 - 0x00007ff80198b000 	C:\Windows\system32\nvspcap64.dll
0x00007ff8290d0000 - 0x00007ff829136000 	C:\Windows\SYSTEM32\WINSTA.dll
0x00007ff804090000 - 0x00007ff8042e9000 	\curseforge\minecraft\Install\bin\2567d7e973f5d76f3d773bd5df2b62bb43bb5d0a\jemalloc.dll
0x00007ff81a7c0000 - 0x00007ff81a905000 	C:\Windows\SYSTEM32\textinputframework.dll
0x00007ff804fe0000 - 0x00007ff80503d000 	\curseforge\minecraft\Install\bin\2567d7e973f5d76f3d773bd5df2b62bb43bb5d0a\lwjgl_opengl.dll
0x00007ff804a00000 - 0x00007ff804a81000 	\curseforge\minecraft\Install\bin\2567d7e973f5d76f3d773bd5df2b62bb43bb5d0a\lwjgl_stb.dll
0x00007ff829cc0000 - 0x00007ff829ce8000 	C:\Windows\SYSTEM32\USERENV.dll
0x00007ff826330000 - 0x00007ff826349000 	C:\Windows\SYSTEM32\dhcpcsvc6.DLL
0x00007ff825b90000 - 0x00007ff825baf000 	C:\Windows\SYSTEM32\dhcpcsvc.DLL
0x00007ff805dc0000 - 0x00007ff805e00000 	\curseforge\minecraft\Install\bin\2567d7e973f5d76f3d773bd5df2b62bb43bb5d0a\jna12727535571447517311.dll
0x00007ff81f370000 - 0x00007ff81f38d000 	C:\Windows\SYSTEM32\amsi.dll
0x00007ff81f2e0000 - 0x00007ff81f363000 	C:\ProgramData\Microsoft\Windows Defender\Platform\4.18.24090.11-0\MpOav.dll
0x00007ff823080000 - 0x00007ff8233ed000 	C:\Windows\SYSTEM32\CoreUIComponents.dll
0x00007ff80ddc0000 - 0x00007ff80de10000 	C:\Windows\SYSTEM32\Pdh.dll
0x00007ff800230000 - 0x00007ff800240000 	C:\Windows\System32\perfos.dll
0x00007ff826df0000 - 0x00007ff826e00000 	C:\Windows\SYSTEM32\pfclient.dll
0x00007ff813010000 - 0x00007ff81301e000 	\curseforge\minecraft\Install\runtime\java-runtime-gamma\windows-x64\java-runtime-gamma\bin\sunmscapi.dll
0x00007ff829fe0000 - 0x00007ff82a00d000 	C:\Windows\SYSTEM32\ncrypt.dll
0x00007ff829fa0000 - 0x00007ff829fd7000 	C:\Windows\SYSTEM32\NTASN1.dll
0x00007ff821860000 - 0x00007ff82191c000 	C:\Windows\SYSTEM32\mscms.dll
0x00007ff805280000 - 0x00007ff8052c9000 	C:\Windows\SYSTEM32\icm32.dll
0x00007ff805240000 - 0x00007ff805274000 	\AppData\Local\Temp\watermedia\videolan\libvlc.dll
0x00007fffdbf40000 - 0x00007fffdc1f5000 	\AppData\Local\Temp\watermedia\videolan\libvlccore.dll
0x00007ffff8e50000 - 0x00007ffff8ef2000 	C:\Windows\SYSTEM32\DSOUND.dll
0x00007ffff8d90000 - 0x00007ffff8e41000 	C:\Windows\SYSTEM32\ResampleDmo.DLL
0x00007ff8115e0000 - 0x00007ff811609000 	C:\Windows\SYSTEM32\winmmbase.dll
0x00007fffdc880000 - 0x00007fffdc88b000 	C:\Windows\SYSTEM32\msdmo.dll
0x00007fff61bf0000 - 0x00007fff61cfe000 	\AppData\Local\Temp\watermedia\videolan\plugins\misc\libxml_plugin.dll
0x00007fffc78a0000 - 0x00007fffc7c30000 	\AppData\Local\Temp\watermedia\videolan\plugins\access\libaccess_srt_plugin.dll
0x00007fffc5ab0000 - 0x00007fffc5d46000 	\AppData\Local\Temp\watermedia\videolan\plugins\access\libdcp_plugin.dll
0x00007ff809ee0000 - 0x00007ff809ef8000 	\AppData\Local\Temp\watermedia\videolan\plugins\access\libfilesystem_plugin.dll
0x00007ff805210000 - 0x00007ff805236000 	\AppData\Local\Temp\watermedia\videolan\plugins\access\libftp_plugin.dll
0x00007ff8051e0000 - 0x00007ff80520d000 	\AppData\Local\Temp\watermedia\videolan\plugins\access\libhttps_plugin.dll
0x00007ff8051c0000 - 0x00007ff8051da000 	\AppData\Local\Temp\watermedia\videolan\plugins\access\libhttp_plugin.dll
0x00007ff8051a0000 - 0x00007ff8051b1000 	\AppData\Local\Temp\watermedia\videolan\plugins\access\libimem_plugin.dll

dbghelp: loaded successfully - version: 4.0.5 - missing functions: none
symbol engine: initialized successfully - sym options: 0x614 - pdb path: .;\curseforge\minecraft\Install\runtime\java-runtime-gamma\windows-x64\java-runtime-gamma\bin;C:\Windows\SYSTEM32;C:\Windows\WinSxS\amd64_microsoft.windows.common-controls_6595b64144ccf1df_6.0.22621.4541_none_2710d1c57384c085;\curseforge\minecraft\Install\runtime\java-runtime-gamma\windows-x64\java-runtime-gamma\bin\server;\curseforge\minecraft\Install\bin\2567d7e973f5d76f3d773bd5df2b62bb43bb5d0a;C:\Windows\System32\DriverStore\FileRepository\nv_dispi.inf_amd64_9425e4c3b1ac1c47;C:\ProgramData\Microsoft\Windows Defender\Platform\4.18.24090.11-0;\AppData\Local\Temp\watermedia\videolan;\AppData\Local\Temp\watermedia\videolan\plugins\misc;\AppData\Local\Temp\watermedia\videolan\plugins\access;\AppData\Local\Temp\watermedia\videolan\plugins\audio_filter;\AppData\Local\Temp\watermedia\videolan\plugins\audio_mixer;\AppData\Local\Temp\watermedia\videolan\plugins\audio_output;\AppData\Local\Temp\watermedia\videolan\plugins\codec;\AppData\Local\Temp\watermedia\videolan\plugins\d3d11;\AppData\Local\Temp\watermedia\videolan\plugins\d3d9;\AppData\Local\Temp\watermedia\videolan\plugins\demux;\AppData\Local\Temp\watermedia\videolan\plugins\logger;\AppData\Local\Temp\watermedia\videolan\plugins\lua;\AppData\Local\Temp\watermedia\videolan\plugins\mux;\AppData\Local\Temp\watermedia\videolan\plugins\packetizer;\AppData\Local\Temp\watermedia\videolan\plugins\spu;\AppData\Local\Temp\watermedia\videolan\plugins\stream_filter;\AppData\Local\Temp\watermedia\videolan\plugins\video_chroma;\AppData\Local\Temp\watermedia\videolan\plugins\video_filter;\AppData\Local\Temp\watermedia\videolan\plugins\video_output;C:\Windows\System32\Speech\Common;\AppData\Local\Temp\opus4j-425b9c66b27e08f7e8fc45c7a6f2c641;\curseforge\minecraft\Instances\CSMP 4\mods\mcef-libraries\windows_amd64

VM Arguments:
jvm_args: -XX:HeapDumpPath=MojangTricksIntelDriversForPerformance_javaw.exe_minecraft.exe.heapdump -Xss1M -Djava.library.path=\curseforge\minecraft\Install\bin\2567d7e973f5d76f3d773bd5df2b62bb43bb5d0a -Djna.tmpdir=\curseforge\minecraft\Install\bin\2567d7e973f5d76f3d773bd5df2b62bb43bb5d0a -Dorg.lwjgl.system.SharedLibraryExtractPath=\curseforge\minecraft\Install\bin\2567d7e973f5d76f3d773bd5df2b62bb43bb5d0a -Dio.netty.native.workdir=\curseforge\minecraft\Install\bin\2567d7e973f5d76f3d773bd5df2b62bb43bb5d0a -Dminecraft.launcher.brand=minecraft-launcher -Dminecraft.launcher.version=3.6.2 -Djava.net.preferIPv6Addresses=system -DignoreList=bootstraplauncher,securejarhandler,asm-commons,asm-util,asm-analysis,asm-tree,asm,JarJarFileSystems,client-extra,fmlcore,javafmllanguage,lowcodelanguage,mclanguage,forge-,forge-47.3.12.jar,forge-47.3.12 -DmergeModules=jna-5.10.0.jar,jna-platform-5.10.0.jar -DlibraryDirectory=\curseforge\minecraft\Install\libraries --module-path=\curseforge\minecraft\Install\libraries/cpw/mods/bootstraplauncher/1.1.2/bootstraplauncher-1.1.2.jar;\curseforge\minecraft\Install\libraries/cpw/mods/securejarhandler/2.1.10/securejarhandler-2.1.10.jar;\curseforge\minecraft\Install\libraries/org/ow2/asm/asm-commons/9.7.1/asm-commons-9.7.1.jar;\curseforge\minecraft\Install\libraries/org/ow2/asm/asm-util/9.7.1/asm-util-9.7.1.jar;\curseforge\minecraft\Install\libraries/org/ow2/asm/asm-analysis/9.7.1/asm-analysis-9.7.1.jar;\curseforge\minecraft\Install\libraries/org/ow2/asm/asm-tree/9.7.1/asm-tree-9.7.1.jar;\curseforge\minecraft\Install\libraries/org/ow2/asm/asm/9.7.1/asm-9.7.1.jar;\curseforge\minecraft\Install\libraries/net/minecraftforge/JarJarFileSystems/0.3.19/JarJarFileSystems-0.3.19.jar --add-modules=ALL-MODULE-PATH --add-opens=java.base/java.util.jar=cpw.mods.securejarhandler --add-opens=java.base/java.lang.invoke=cpw.mods.securejarhandler --add-exports=java.base/sun.security.util=cpw.mods.securejarhandler --add-exports=jdk.naming.dns/com.sun.jndi.dns=java.naming -Xmx16384m -Xms256m -Dminecraft.applet.TargetDirectory=\curseforge\minecraft\Instances\CSMP 4 -Dfml.ignorePatchDiscrepancies=true -Dfml.ignoreInvalidMinecraftCertificates=true -Duser.language=en -Duser.country=US -DlibraryDirectory=\curseforge\minecraft\Install\libraries -Dlog4j.configurationFile=\curseforge\minecraft\Install\assets\log_configs\client-1.12.xml 
java_command: cpw.mods.bootstraplauncher.BootstrapLauncher --username Caiki --version forge-47.3.12 --gameDir \curseforge\minecraft\Instances\CSMP 4 --assetsDir \curseforge\minecraft\Install\assets --assetIndex 5 --uuid 2bdc9bafa3d6459583d95656b291e8fd -LZQ2f3iA5y8yx3g_zdhz0QbPssFBNH2nIdBwgo --clientId MDIxMGVjZGEtMTg0OS00YmI5LWEzYzQtODU4MjJlYTYzYTUz --xuid 2535410982947856 --userType msa --versionType release --width 1024 --height 768 --quickPlayPath \curseforge\minecraft\Install\quickPlay\java\1735666387525.json --launchTarget forgeclient --fml.forgeVersion 47.3.12 --fml.mcVersion 1.20.1 --fml.forgeGroup net.minecraftforge --fml.mcpVersion 20230612.114412
java_class_path (initial): \curseforge\minecraft\Install\libraries\cpw\mods\securejarhandler\2.1.10\securejarhandler-2.1.10.jar;\curseforge\minecraft\Install\libraries\org\ow2\asm\asm\9.7.1\asm-9.7.1.jar;\curseforge\minecraft\Install\libraries\org\ow2\asm\asm-commons\9.7.1\asm-commons-9.7.1.jar;\curseforge\minecraft\Install\libraries\org\ow2\asm\asm-tree\9.7.1\asm-tree-9.7.1.jar;\curseforge\minecraft\Install\libraries\org\ow2\asm\asm-util\9.7.1\asm-util-9.7.1.jar;\curseforge\minecraft\Install\libraries\org\ow2\asm\asm-analysis\9.7.1\asm-analysis-9.7.1.jar;\curseforge\minecraft\Install\libraries\net\minecraftforge\accesstransformers\8.0.4\accesstransformers-8.0.4.jar;\curseforge\minecraft\Install\libraries\org\antlr\antlr4-runtime\4.9.1\antlr4-runtime-4.9.1.jar;\curseforge\minecraft\Install\libraries\net\minecraftforge\eventbus\6.0.5\eventbus-6.0.5.jar;\curseforge\minecraft\Install\libraries\net\minecraftforge\forgespi\7.0.1\forgespi-7.0.1.jar;\curseforge\minecraft\Install\libraries\net\minecraftforge\coremods\5.2.1\coremods-5.2.1.jar;\curseforge\minecraft\Install\libraries\cpw\mods\modlauncher\10.0.9\modlauncher-10.0.9.jar;\curseforge\minecraft\Install\libraries\net\minecraftforge\unsafe\0.2.0\unsafe-0.2.0.jar;\curseforge\minecraft\Install\libraries\net\minecraftforge\mergetool\1.1.5\mergetool-1.1.5-api.jar;\curseforge\minecraft\Install\libraries\com\electronwill\night-config\core\3.6.4\core-3.6.4.jar;\curseforge\minecraft\Install\libraries\com\electronwill\night-config\toml\3.6.4\toml-3.6.4.jar;\curseforge\minecraft\Install\libraries\org\apache\maven\maven-artifact\3.8.5\maven-artifact-3.8.5.jar;\curseforge\minecraft\Install\libraries\net\jodah\typetools\0.6.3\typetools-0.6.3.jar;\curseforge\minecraft\
Launcher Type: SUN_STANDARD

[Global flags]
     intx CICompilerCount                          = 12                                        {product} {ergonomic}
     uint ConcGCThreads                            = 4                                         {product} {ergonomic}
     uint G1ConcRefinementThreads                  = 15                                        {product} {ergonomic}
   size_t G1HeapRegionSize                         = 8388608                                   {product} {ergonomic}
    uintx GCDrainStackTargetSize                   = 64                                        {product} {ergonomic}
    ccstr HeapDumpPath                             = MojangTricksIntelDriversForPerformance_javaw.exe_minecraft.exe.heapdump         {manageable} {command line}
   size_t InitialHeapSize                          = 268435456                                 {product} {command line}
   size_t MarkStackSize                            = 4194304                                   {product} {ergonomic}
   size_t MaxHeapSize                              = 17179869184                               {product} {command line}
   size_t MaxNewSize                               = 10301210624                               {product} {ergonomic}
   size_t MinHeapDeltaBytes                        = 8388608                                   {product} {ergonomic}
   size_t MinHeapSize                              = 268435456                                 {product} {command line}
    uintx NonNMethodCodeHeapSize                   = 7602480                                {pd product} {ergonomic}
    uintx NonProfiledCodeHeapSize                  = 122027880                              {pd product} {ergonomic}
    uintx ProfiledCodeHeapSize                     = 122027880                              {pd product} {ergonomic}
    uintx ReservedCodeCacheSize                    = 251658240                              {pd product} {ergonomic}
     bool SegmentedCodeCache                       = true                                      {product} {ergonomic}
   size_t SoftMaxHeapSize                          = 17179869184                            {manageable} {ergonomic}
     intx ThreadStackSize                          = 1024                                   {pd product} {command line}
     bool UseCompressedClassPointers               = true                           {product lp64_product} {ergonomic}
     bool UseCompressedOops                        = true                           {product lp64_product} {ergonomic}
     bool UseG1GC                                  = true                                      {product} {ergonomic}
     bool UseLargePagesIndividualAllocation        = false                                  {pd product} {ergonomic}

Logging:
Log output configuration:
 #0: stdout all=warning uptime,level,tags
 #1: stderr all=off uptime,level,tags

Environment Variables:
PATH=C:\Program Files\Common Files\Oracle\Java\javapath;C:\Windows\system32;C:\Windows;C:\Windows\System32\Wbem;C:\Windows\System32\WindowsPowerShell\v1.0\;C:\Windows\System32\OpenSSH\;C:\Program Files (x86)\NVIDIA Corporation\PhysX\Common;C:\Program Files\Git\cmd;C:\Program Files\nodejs\;C:\Program Files\Git LFS;C:\Program Files\dotnet\;C:\Program Files\NVIDIA Corporation\NVIDIA app\NvDLISR;C:\Program Files\apache-maven\bin;\AppData\Local\Programs\Python\Python312\Scripts\;\AppData\Local\Programs\Python\Python312\;\AppData\Local\Microsoft\WindowsApps;\AppData\Local\Programs\Microsoft VS Code\bin;\AppData\Local\GitHubDesktop\bin;\AppData\Roaming\npm;\AppData\Local\Microsoft\WinGet\Packages\Microsoft.devtunnel_Microsoft.Winget.Source_8wekyb3d8bbwe;;C:\Program Files\JetBrains\IntelliJ IDEA Community Edition 2024.3\bin;
USERNAME=%USERPROFILE%
OS=Windows_NT
PROCESSOR_IDENTIFIER=Intel64 Family 6 Model 165 Stepping 5, GenuineIntel
TMP=<TMP>
TEMP=<TEMP>



---------------  S Y S T E M  ---------------

OS:
 Windows 11 , 64 bit Build 22621 (10.0.22621.4391)
OS uptime: 0 days 0:38 hours

CPU: total 20 (initial active 20) (10 cores per cpu, 2 threads per core) family 6 model 165 stepping 5 microcode 0xf4, cx8, cmov, fxsr, ht, mmx, 3dnowpref, sse, sse2, sse3, ssse3, sse4.1, sse4.2, popcnt, lzcnt, tsc, tscinvbit, avx, avx2, aes, erms, clmul, bmi1, bmi2, adx, fma, vzeroupper, clflush, clflushopt
Processor Information for all 20 processors :
  Max Mhz: 2808, Current Mhz: 2808, Mhz Limit: 2808

Memory: 4k page, system-wide physical 32592M (12803M free)
TotalPageFile size 34640M (AvailPageFile size 6197M)
current process WorkingSet (physical memory assigned to process): 10463M, peak: 10551M
current process commit charge ("private bytes"): 14367M, peak: 14665M

vm_info: OpenJDK 64-Bit Server VM (17.0.8+7-LTS) for windows-amd64 JRE (17.0.8+7-LTS), built on Jul  7 2023 17:21:55 by "MicrosoftCorporation" with MS VC++ 16.10 / 16.11 (VS2019)

END.
