#
# A fatal error has been detected by the Java Runtime Environment:
#
#  EXCEPTION_ACCESS_VIOLATION (0xc0000005) at pc=0x00000215731376c4, pid=15592, tid=22840
#
# JRE version: OpenJDK Runtime Environment Microsoft-8035246 (17.0.8+7) (build 17.0.8+7-LTS)
# Java VM: OpenJDK 64-Bit Server VM Microsoft-8035246 (17.0.8+7-LTS, mixed mode, tiered, compressed oops, compressed class ptrs, g1 gc, windows-amd64)
# Problematic frame:
# J 63939 c2 top.leonx.irisflw.vertex.block.ExtendedBlockWriterUnsafe.writeVertex(Lcom/jozufozu/flywheel/api/vertex/VertexList;I)V irisflw@1.1.4 (525 bytes) @ 0x00000215731376c4 [0x0000021573137460+0x0000000000000264]
#
# No core dump will be written. Minidumps are not enabled by default on client versions of Windows
#
# If you would like to submit a bug report, please visit:
#   https://aka.ms/minecraftjavacrashes
#

---------------  S U M M A R Y ------------

Command Line: -XX:HeapDumpPath=MojangTricksIntelDriversForPerformance_javaw.exe_minecraft.exe.heapdump -Xss1M -Djava.library.path=\curseforge\minecraft\Install\bin\2567d7e973f5d76f3d773bd5df2b62bb43bb5d0a -Djna.tmpdir=\curseforge\minecraft\Install\bin\2567d7e973f5d76f3d773bd5df2b62bb43bb5d0a -Dorg.lwjgl.system.SharedLibraryExtractPath=\curseforge\minecraft\Install\bin\2567d7e973f5d76f3d773bd5df2b62bb43bb5d0a -Dio.netty.native.workdir=\curseforge\minecraft\Install\bin\2567d7e973f5d76f3d773bd5df2b62bb43bb5d0a -Dminecraft.launcher.brand=minecraft-launcher -Dminecraft.launcher.version=3.6.2 -Djava.net.preferIPv6Addresses=system -DignoreList=bootstraplauncher,securejarhandler,asm-commons,asm-util,asm-analysis,asm-tree,asm,JarJarFileSystems,client-extra,fmlcore,javafmllanguage,lowcodelanguage,mclanguage,forge-,forge-47.3.12.jar,forge-47.3.12 -DmergeModules=jna-5.10.0.jar,jna-platform-5.10.0.jar -DlibraryDirectory=\curseforge\minecraft\Install\libraries --module-path=\curseforge\minecraft\Install\libraries/cpw/mods/bootstraplauncher/1.1.2/bootstraplauncher-1.1.2.jar;\curseforge\minecraft\Install\libraries/cpw/mods/securejarhandler/2.1.10/securejarhandler-2.1.10.jar;\curseforge\minecraft\Install\libraries/org/ow2/asm/asm-commons/9.7.1/asm-commons-9.7.1.jar;\curseforge\minecraft\Install\libraries/org/ow2/asm/asm-util/9.7.1/asm-util-9.7.1.jar;\curseforge\minecraft\Install\libraries/org/ow2/asm/asm-analysis/9.7.1/asm-analysis-9.7.1.jar;\curseforge\minecraft\Install\libraries/org/ow2/asm/asm-tree/9.7.1/asm-tree-9.7.1.jar;\curseforge\minecraft\Install\libraries/org/ow2/asm/asm/9.7.1/asm-9.7.1.jar;\curseforge\minecraft\Install\libraries/net/minecraftforge/JarJarFileSystems/0.3.19/JarJarFileSystems-0.3.19.jar --add-modules=ALL-MODULE-PATH --add-opens=java.base/java.util.jar=cpw.mods.securejarhandler --add-opens=java.base/java.lang.invoke=cpw.mods.securejarhandler --add-exports=java.base/sun.security.util=cpw.mods.securejarhandler --add-exports=jdk.naming.dns/com.sun.jndi.dns=java.naming -Xmx16384m -Xms256m -Dminecraft.applet.TargetDirectory=\curseforge\minecraft\Instances\CSMP 4 -Dfml.ignorePatchDiscrepancies=true -Dfml.ignoreInvalidMinecraftCertificates=true -Duser.language=en -Duser.country=US -DlibraryDirectory=\curseforge\minecraft\Install\libraries -Dlog4j.configurationFile=\curseforge\minecraft\Install\assets\log_configs\client-1.12.xml cpw.mods.bootstraplauncher.BootstrapLauncher --username Caiki --version forge-47.3.12 --gameDir \curseforge\minecraft\Instances\CSMP 4 --assetsDir \curseforge\minecraft\Install\assets --assetIndex 5 --uuid 2bdc9bafa3d6459583d95656b291e8fd -LZQ2f3iA5y8yx3g_zdhz0QbPssFBNH2nIdBwgo --clientId MDIxMGVjZGEtMTg0OS00YmI5LWEzYzQtODU4MjJlYTYzYTUz --xuid 2535410982947856 --userType msa --versionType release --width 1024 --height 768 --quickPlayPath \curseforge\minecraft\Install\quickPlay\java\1735667070744.json --launchTarget forgeclient --fml.forgeVersion 47.3.12 --fml.mcVersion 1.20.1 --fml.forgeGroup net.minecraftforge --fml.mcpVersion 20230612.114412

Host: Intel(R) Core(TM) i9-10900 CPU @ 2.80GHz, 20 cores, 31G,  Windows 11 , 64 bit Build 22621 (10.0.22621.4391)
Time: Tue Dec 31 14:50:28 2024 Hora oficial do Brasil elapsed time: 357.755154 seconds (0d 0h 5m 57s)

---------------  T H R E A D  ---------------

Current thread (0x0000021564989c10):  JavaThread "Render thread" [_thread_in_Java, id=22840, stack(0x000000d145900000,0x000000d145a00000)]

Stack: [0x000000d145900000,0x000000d145a00000],  sp=0x000000d1459fc950,  free space=1010k
Native frames: (J=compiled Java code, j=interpreted, Vv=VM code, C=native code)
C  0x00000215731376c4


siginfo: EXCEPTION_ACCESS_VIOLATION (0xc0000005), reading address 0x00000215905a1000


Register to memory mapping:

RIP=0x00000215731376c4 is at entry_point+612 in (nmethod*)0x0000021573137210
RAX=2982484692 is a compressed pointer to object: [I 
{0x000000058e28d6a0} - klass: {type array int}
 - length: 10
RBX=0x00000215905a0fd8 points into unknown readable memory: 0x0000000000000000 | 00 00 00 00 00 00 00 00
RCX=0x00000215905a0fd8 points into unknown readable memory: 0x0000000000000000 | 00 00 00 00 00 00 00 00
RDX=0x00000215a4c10f58 points into unknown readable memory: 0x0000000000000000 | 00 00 00 00 00 00 00 00
RSP=0x000000d1459fc950 is pointing into the stack for thread: 0x0000021564989c10
RBP=0x0 is NULL
RSI=0x0 is NULL
RDI=0x00000215a4c10f58 points into unknown readable memory: 0x0000000000000000 | 00 00 00 00 00 00 00 00
R8 =0x0 is NULL
R9 =0x0 is NULL
R10=0x0000000000000024 is an unknown value
R11=0x00000215905a0ffc points into unknown readable memory: 00 00 00 00
R12=0x0 is NULL
R13=0x000000058e28d688 is an oop: it.unimi.dsi.fastutil.ints.IntArrayList 
{0x000000058e28d688} - klass: 'it/unimi/dsi/fastutil/ints/IntArrayList'
 - ---- fields (total size 3 words):
 - protected 'size' 'I' @12  9
 - protected transient 'a' '[I' @16  [I{0x000000058e28d6a0} (b1c51ad4)
R14=0x0000000000000009 is an unknown value
R15=0x0000021564989c10 is a thread


Registers:
RAX=0x00000000b1c51ad4, RBX=0x00000215905a0fd8, RCX=0x00000215905a0fd8, RDX=0x00000215a4c10f58
RSP=0x000000d1459fc950, RBP=0x0000000000000000, RSI=0x0000000000000000, RDI=0x00000215a4c10f58
R8 =0x0000000000000000, R9 =0x0000000000000000, R10=0x0000000000000024, R11=0x00000215905a0ffc
R12=0x0000000000000000, R13=0x000000058e28d688, R14=0x0000000000000009, R15=0x0000021564989c10
RIP=0x00000215731376c4, EFLAGS=0x0000000000010206

Top of Stack: (sp=0x000000d1459fc950)
0x000000d1459fc950:   0000000000000000 000000d1459fc970
0x000000d1459fc960:   000000d1459fc9d8 000002150000004e
0x000000d1459fc970:   000000058981c570 00000005224ce560
0x000000d1459fc980:   000000058981c5d8 000000058981c5d8
0x000000d1459fc990:   000000d1459fc990 00000216c505dc1c
0x000000d1459fc9a0:   000000d1459fc9f0 00000216c5068be8
0x000000d1459fc9b0:   0000000000000000 00000005224cb978
0x000000d1459fc9c0:   000000d1459fca38 000002156f569962
0x000000d1459fc9d0:   000002156f569962 000000000000004e
0x000000d1459fc9e0:   000000058e28d5b8 000000058981c5d8
0x000000d1459fc9f0:   000000d1459fc9f0 00000216c505fc9f
0x000000d1459fca00:   000000d1459fca58 00000216c52d65a8
0x000000d1459fca10:   0000000000000000 00000005224cbae8
0x000000d1459fca20:   00000216c505fce0 000000d1459fc9d8
0x000000d1459fca30:   000000d1459fca50 000000d1459fcaa8
0x000000d1459fca40:   000002156f569962 000000000000004e 

Instructions: (pc=0x00000215731376c4)
0x00000215731375c4:   be 2f 83 f9 03 0f 8e 89 05 00 00 c4 41 79 6e e3
0x00000215731375d4:   c4 c1 79 6e d0 c4 c1 79 6e c2 44 8b f1 49 8b c9
0x00000215731375e4:   c5 e2 59 25 54 fe ff ff c5 b2 59 1d 4c fe ff ff
0x00000215731375f4:   c5 f2 59 0d 44 fe ff ff 48 8b 7a 10 45 8b 4c c4
0x0000021573137604:   1c c5 7a 2c d4 41 81 fa 00 00 00 80 75 10 48 83
0x0000021573137614:   ec 08 c5 fa 11 24 24 e8 d3 9a 42 fc 41 5a c5 7a
0x0000021573137624:   2c c1 41 81 f8 00 00 00 80 75 10 48 83 ec 08 c5
0x0000021573137634:   fa 11 0c 24 e8 b6 9a 42 fc 41 58 c5 7a 2c db 41
0x0000021573137644:   81 fb 00 00 00 80 75 10 48 83 ec 08 c5 fa 11 1c
0x0000021573137654:   24 e8 99 9a 42 fc 41 5b 4d 63 c9 42 8b 34 0b 48
0x0000021573137664:   8b d7 c5 7a 11 02 c5 fa 11 6a 04 c5 fa 11 72 08
0x0000021573137674:   40 88 6a 0c c4 41 79 7e e1 44 88 4a 0d c4 c1 79
0x0000021573137684:   7e d1 44 88 4a 0e c4 c1 79 7e c1 44 88 4a 0f c5
0x0000021573137694:   7a 11 52 10 c5 fa 11 7a 14 c1 e6 08 89 72 18 44
0x00000215731376a4:   88 5a 1c 44 88 42 1d 44 88 52 1e 41 83 fe 06 0f
0x00000215731376b4:   8e 13 05 00 00 4d 63 54 c4 28 4c 8b db 4d 03 da
0x00000215731376c4:   c4 c1 7a 10 53 04 c4 c1 7a 10 23 45 8b d6 41 83
0x00000215731376d4:   fa 07 0f 8e 28 05 00 00 8b e8 45 8b 5c c4 2c 4d
0x00000215731376e4:   63 d3 46 8b 04 13 45 0f be d0 45 8b d8 41 c1 fb
0x00000215731376f4:   18 c4 c1 72 2a ca c5 f2 59 1d 46 fd ff ff c5 e2
0x0000021573137704:   58 0d 3a fd ff ff c5 f2 59 2d 2e fd ff ff c4 c1
0x0000021573137714:   62 2a db c5 e2 59 0d 29 fd ff ff c5 f2 58 1d 1d
0x0000021573137724:   fd ff ff c5 e2 59 1d 11 fd ff ff c5 7a 2c dd 41
0x0000021573137734:   81 fb 00 00 00 80 75 10 48 83 ec 08 c5 fa 11 2c
0x0000021573137744:   24 e8 a9 99 42 fc 41 5b c5 7a 2c d3 41 81 fa 00
0x0000021573137754:   00 00 80 75 10 48 83 ec 08 c5 fa 11 1c 24 e8 8c
0x0000021573137764:   99 42 fc 41 5a 45 0f b6 db 41 8b c3 41 c1 e2 18
0x0000021573137774:   45 8b c8 41 c1 e9 10 41 c1 e8 08 45 0f be d9 45
0x0000021573137784:   0f be c8 c4 c1 62 2a db c5 e2 59 0d b4 fc ff ff
0x0000021573137794:   c5 f2 58 1d a8 fc ff ff c5 e2 59 2d 9c fc ff ff
0x00000215731377a4:   c4 c1 72 2a c9 c5 f2 59 1d 97 fc ff ff c5 e2 58
0x00000215731377b4:   1d 8b fc ff ff c5 e2 59 0d 7f fc ff ff c5 7a 2c 


Stack slot to memory mapping:
stack at sp + 0 slots: 0x0 is NULL
stack at sp + 1 slots: 0x000000d1459fc970 is pointing into the stack for thread: 0x0000021564989c10
stack at sp + 2 slots: 0x000000d1459fc9d8 is pointing into the stack for thread: 0x0000021564989c10
stack at sp + 3 slots: 0x000002150000004e points into unknown readable memory: 00 00
stack at sp + 4 slots: 0x000000058981c570 is an oop: java.nio.DirectByteBuffer 
{0x000000058981c570} - klass: 'java/nio/DirectByteBuffer'
 - ---- fields (total size 8 words):
 - private 'mark' 'I' @12  -1 (ffffffff)
 - 'address' 'J' @16  2291981680512 (a4c0ff80 215)
 - private 'position' 'I' @24  0
 - private 'limit' 'I' @28  6240 (1860)
 - private 'capacity' 'I' @32  6240 (1860)
 - final 'segment' 'Ljdk/internal/access/foreign/MemorySegmentProxy;' @36  NULL (0)
 - final 'offset' 'I' @40  0
 - 'isReadOnly' 'Z' @44  false
 - 'bigEndian' 'Z' @45  false
 - 'nativeByteOrder' 'Z' @46  true
 - final 'hb' '[B' @48  NULL (0)
 - private final 'isSync' 'Z' @47  false
 - private final 'fd' 'Ljava/io/FileDescriptor;' @52  NULL (0)
 - private final 'att' 'Ljava/lang/Object;' @56  NULL (0)
 - private final 'cleaner' 'Ljdk/internal/ref/Cleaner;' @60  NULL (0)
stack at sp + 5 slots: 0x00000005224ce560 is an oop: top.leonx.irisflw.vertex.block.ExtendedBlockVertex 
{0x00000005224ce560} - klass: 'top/leonx/irisflw/vertex/block/ExtendedBlockVertex'
 - ---- fields (total size 2 words):
stack at sp + 6 slots: 0x000000058981c5d8 is an oop: top.leonx.irisflw.vertex.block.ExtendedBlockWriterUnsafe 
{0x000000058981c5d8} - klass: 'top/leonx/irisflw/vertex/block/ExtendedBlockWriterUnsafe'
 - ---- fields (total size 5 words):
 - private 'totalVertices' 'I' @12  78 (4e)
 - protected 'ptr' 'J' @16  2291981684568 (a4c10f58 215)
 - private 'writeVertex' 'I' @24  78 (4e)
 - public final 'type' 'Lcom/jozufozu/flywheel/api/vertex/VertexType;' @28  a 'top/leonx/irisflw/vertex/block/ExtendedBlockVertex'{0x00000005224ce560} (a4499cac)
 - protected final 'buffer' 'Ljava/nio/ByteBuffer;' @32  a 'java/nio/DirectByteBuffer'{0x000000058981c570} (b13038ae)
stack at sp + 7 slots: 0x000000058981c5d8 is an oop: top.leonx.irisflw.vertex.block.ExtendedBlockWriterUnsafe 
{0x000000058981c5d8} - klass: 'top/leonx/irisflw/vertex/block/ExtendedBlockWriterUnsafe'
 - ---- fields (total size 5 words):
 - private 'totalVertices' 'I' @12  78 (4e)
 - protected 'ptr' 'J' @16  2291981684568 (a4c10f58 215)
 - private 'writeVertex' 'I' @24  78 (4e)
 - public final 'type' 'Lcom/jozufozu/flywheel/api/vertex/VertexType;' @28  a 'top/leonx/irisflw/vertex/block/ExtendedBlockVertex'{0x00000005224ce560} (a4499cac)
 - protected final 'buffer' 'Ljava/nio/ByteBuffer;' @32  a 'java/nio/DirectByteBuffer'{0x000000058981c570} (b13038ae)

--------------------------------------------------------------------------------

[Constant Pool]
             Address          hex4                    hex8      
  0x0000021573137440:   0x42fe0000      0x3f80000042fe0000      
  0x0000021573137444:   0x3f800000                              
  0x0000021573137448:   0x3c010204      0x400000003c010204      
  0x000002157313744c:   0x40000000                              
  0x0000021573137450:   0x42800000      0x3c80000042800000      
  0x0000021573137454:   0x3c800000                              
  0x0000021573137458:   0xf4f4f4f4      0xf4f4f4f4f4f4f4f4      
  0x000002157313745c:   0xf4f4f4f4                              

--------------------------------------------------------------------------------

[MachCode]
  0x0000021573137460: 448b 5208 | 49bb 0000 | 0000 0800 | 0000 4d03 | d349 3bc2 | 0f85 069c | 47fc 6690 | 0f1f 4000 
  0x0000021573137480: 8984 2400 | 90ff ff55 | 4883 ec70 | c461 f96e | da44 894c | 2418 458b | 5808 660f | 1f44 0000 
  0x00000215731374a0: 4181 fb68 | 9f81 060f | 8500 0500 | 00c4 41f9 | 6ee8 458b | 4020 6666 | 0f1f 8400 | 0000 0000 
  0x00000215731374c0: 478b 54c4 | 2047 8b5c | d408 4b63 | 4cc4 1c4d | 63c9 4c0f | afc9 4f03 | 4cc4 100f | 1f44 0000 
  0x00000215731374e0: 4181 fb80 | d6ba 000f | 85db 0400 | 004f 8d2c | d441 8b4d | 0c85 c90f | 8e23 0500 | 0041 8b45 
  0x0000021573137500: 1045 8b54 | c40c 4183 | fa08 0f86 | d804 0000 | 4d63 54c4 | 1049 8bd9 | 4c8b db4d | 03da c4c1 
  0x0000021573137520: 7a10 7308 | c4c1 7a10 | 6b04 c441 | 7a10 0383 | f904 0f8e | 1c05 0000 | 4d63 54c4 | 204c 8bdb 
  0x0000021573137540: 4d03 da45 | 0fbe 5302 | 450f be43 | 0145 0fbe | 1bc4 c172 | 2aca c4c1 | 7a2a c3c4 | c15a 2ae0 
  0x0000021573137560: c57a 5e0d | d8fe ffff | c5f2 5e1d | d0fe ffff | c5da 5e0d | c8fe ffff | 83f9 020f | 1f44 0000 
  0x0000021573137580: 0f8e 1605 | 0000 4d63 | 54c4 184c | 8bdb 4d03 | dac4 c17a | 107b 04c4 | 417a 1013 | 0f1f 4000 
  0x00000215731375a0: 83f9 010f | 8e4b 0500 | 004d 6354 | c414 488b | fb49 03fa | 440f be57 | 0344 0fbe | 4702 440f 
  0x00000215731375c0: be5f 010f | be2f 83f9 | 030f 8e89 | 0500 00c4 | 4179 6ee3 | c4c1 796e | d0c4 c179 | 6ec2 448b 
  0x00000215731375e0: f149 8bc9 | c5e2 5925 | 54fe ffff | c5b2 591d | 4cfe ffff | c5f2 590d | 44fe ffff | 488b 7a10 
  0x0000021573137600: 458b 4cc4 | 1cc5 7a2c | d441 81fa | 0000 0080 | 7510 4883 | ec08 c5fa | 1124 24e8 | d39a 42fc 
  0x0000021573137620: 415a c57a | 2cc1 4181 | f800 0000 | 8075 1048 | 83ec 08c5 | fa11 0c24 | e8b6 9a42 | fc41 58c5 
  0x0000021573137640: 7a2c db41 | 81fb 0000 | 0080 7510 | 4883 ec08 | c5fa 111c | 24e8 999a | 42fc 415b | 4d63 c942 
  0x0000021573137660: 8b34 0b48 | 8bd7 c57a | 1102 c5fa | 116a 04c5 | fa11 7208 | 4088 6a0c | c441 797e | e144 884a 
  0x0000021573137680: 0dc4 c179 | 7ed1 4488 | 4a0e c4c1 | 797e c144 | 884a 0fc5 | 7a11 5210 | c5fa 117a | 14c1 e608 
  0x00000215731376a0: 8972 1844 | 885a 1c44 | 8842 1d44 | 8852 1e41 | 83fe 060f | 8e13 0500 | 004d 6354 | c428 4c8b 
  0x00000215731376c0: db4d 03da | c4c1 7a10 | 5304 c4c1 | 7a10 2345 | 8bd6 4183 | fa07 0f8e | 2805 0000 | 8be8 458b 
  0x00000215731376e0: 5cc4 2c4d | 63d3 468b | 0413 450f | bed0 458b | d841 c1fb | 18c4 c172 | 2aca c5f2 | 591d 46fd 
  0x0000021573137700: ffff c5e2 | 580d 3afd | ffff c5f2 | 592d 2efd | ffff c4c1 | 622a dbc5 | e259 0d29 | fdff ffc5 
  0x0000021573137720: f258 1d1d | fdff ffc5 | e259 1d11 | fdff ffc5 | 7a2c dd41 | 81fb 0000 | 0080 7510 | 4883 ec08 
  0x0000021573137740: c5fa 112c | 24e8 a999 | 42fc 415b | c57a 2cd3 | 4181 fa00 | 0000 8075 | 1048 83ec | 08c5 fa11 
  0x0000021573137760: 1c24 e88c | 9942 fc41 | 5a45 0fb6 | db41 8bc3 | 41c1 e218 | 458b c841 | c1e9 1041 | c1e8 0845 
  0x0000021573137780: 0fbe d945 | 0fbe c8c4 | c162 2adb | c5e2 590d | b4fc ffff | c5f2 581d | a8fc ffff | c5e2 592d 
  0x00000215731377a0: 9cfc ffff | c4c1 722a | c9c5 f259 | 1d97 fcff | ffc5 e258 | 1d8b fcff | ffc5 e259 | 0d7f fcff 
  0x00000215731377c0: ffc5 7a2c | c541 81f8 | 0000 0080 | 7510 4883 | ec08 c5fa | 112c 24e8 | 1799 42fc | 4158 c57a 
  0x00000215731377e0: 2cd9 4181 | fb00 0000 | 8075 1048 | 83ec 08c5 | fa11 0c24 | e8fa 9842 | fc41 5b45 | 0fb6 c045 
  0x0000021573137800: 0fb6 db41 | c1e0 1041 | c1e3 0844 | 8bc8 450b | cb45 0bc8 | 450b cac4 | c179 6ec9 | 0f1f 4000 
  0x0000021573137820: 4183 fe08 | 0f8e 1e04 | 0000 458b | 54ec 304d | 63d2 468b | 0413 458b | d045 0fb6 | d245 8bc8 
  0x0000021573137840: 4181 e100 | 0000 ffc4 | c162 2ada | c5e2 592d | 00fc ffff | c5d2 581d | f0fb ffff | c5e2 592d 
  0x0000021573137860: ecfb ffff | 458b d841 | c1eb 10c5 | fa2c f581 | fe00 0000 | 8075 0f48 | 83ec 08c5 | fa11 2c24 
  0x0000021573137880: e86e 9842 | fc5e 450f | b6db 400f | b6f6 c4c1 | 622a dbc5 | e259 2db9 | fbff ffc5 | d258 1da9 
  0x00000215731378a0: fbff ffc5 | e259 2da5 | fbff ff41 | c1e8 08c5 | fa2c c581 | f800 0000 | 8075 0f48 | 83ec 08c5 
  0x00000215731378c0: fa11 2c24 | e82a 9842 | fc58 450f | b6c0 0fb6 | c0c4 c162 | 2ad8 c5e2 | 592d 76fb | ffff c5d2 
  0x00000215731378e0: 581d 66fb | ffff c5e2 | 592d 62fb | ffff c1e0 | 10c5 7a2c | d541 81fa | 0000 0080 | 7510 4883 
  0x0000021573137900: ec08 c5fa | 112c 24e8 | e797 42fc | 415a 450f | b6d2 41c1 | e208 410b | f20b f041 | 0bf1 6690 
  0x0000021573137920: 4183 fe05 | 0f8e 6603 | 0000 c441 | f97e da45 | 8b52 184d | 635c ec24 | 4903 dbc4 | 41f9 7edb 
  0x0000021573137940: 458b 5b0c | 440f bf0b | 0fbf 5b02 | c5fa 1162 | 20c5 fa11 | 5224 c4c1 | 797e c844 | 8942 2889 
  0x0000021573137960: 722c 6644 | 894a 3066 | 895a 3241 | ffc2 c441 | f97e d845 | 8950 1849 | b848 e34c | 2205 0000 
  0x0000021573137980: 004d 6340 | 104c 03c7 | c441 f97e | d94d 8941 | 1045 3bd3 | 7e72 4589 | 510c 4883 | c470 5d49 
  0x00000215731379a0: 3ba7 4803 | 0000 0f87 | 6803 0000 | c3ba deff | ffff c461 | f97e dd4c | 8944 2410 | 4489 4c24 
  0x00000215731379c0: 0c66 90e8 | 38ef 47fc | bade ffff | ffc4 61f9 | 7edd c57b | 112c 244c | 894c 2410 | 4489 5424 
  0x00000215731379e0: 0c66 90e8 | 18ef 47fc | bae4 ffff | ffc4 61f9 | 7edd c57b | 112c 244c | 894c 2410 | 8944 240c 
  0x0000021573137a00: 6666 90e8 | f8ee 47fc | ba45 ffff | ff49 8be9 | 4489 1424 | 4489 5c24 | 0466 90e8 | e0ee 47fc 
  0x0000021573137a20: ba45 ffff | ffc4 61f9 | 7edd c57b | 112c 2448 | 8944 24f8 | 8b44 2418 | 8944 2408 | 488b 4424 
  0x0000021573137a40: f84c 894c | 2410 4c89 | 6c24 1889 | 4c24 0ce8 | acee 47fc | ba45 ffff | ffc4 61f9 | 7edd c57b 
  0x0000021573137a60: 112c 2448 | 8944 24f8 | 8b44 2418 | 8944 2408 | 488b 4424 | f8c5 7a11 | 4424 0cc5 | fa11 6c24 
  0x0000021573137a80: 10c5 fa11 | 7424 144c | 894c 2418 | 4c89 6c24 | 2089 4c24 | 2866 90e8 | 64ee 47fc | ba45 ffff 
  0x0000021573137aa0: ffc4 61f9 | 7edd c57b | 112c 2448 | 8944 24f8 | 8b44 2418 | 8944 2408 | 488b 4424 | f8c5 7a11 
  0x0000021573137ac0: 4424 0cc5 | fa11 6c24 | 10c5 fa11 | 7424 14c5 | 7a11 4c24 | 18c5 fa11 | 4c24 1cc5 | fa11 5c24 
  0x0000021573137ae0: 204c 894c | 2428 4c89 | 6c24 3089 | 4c24 24e8 | 0cee 47fc | ba45 ffff | ffc4 61f9 | 7edd c57b 
  0x0000021573137b00: 112c 2448 | 8944 24f8 | 8b44 2418 | 8944 2408 | 488b 4424 | f8c5 7a11 | 4424 0cc5 | fa11 6c24 
  0x0000021573137b20: 10c5 fa11 | 7424 14c5 | 7a11 4c24 | 18c5 fa11 | 4c24 1cc5 | fa11 5c24 | 20c5 7a11 | 5424 24c5 
  0x0000021573137b40: fa11 7c24 | 284c 894c | 2430 4c89 | 6c24 3889 | 4c24 2ce8 | a8ed 47fc | ba45 ffff | ffc5 7b11 
  0x0000021573137b60: 1c24 c57b | 116c 2408 | 4889 4424 | f88b 4424 | 1889 4424 | 1048 8b44 | 24f8 c57a | 1144 2414 
  0x0000021573137b80: c5fa 116c | 2418 c5fa | 1174 241c | c57a 114c | 2420 c5fa | 114c 2424 | c5fa 115c | 2428 c57a 
  0x0000021573137ba0: 1154 242c | c5fa 117c | 2430 4489 | 5c24 3444 | 8944 2438 | 4489 5424 | 3c4c 894c | 2440 4c89 
  0x0000021573137bc0: 6c24 4889 | 4c24 50e8 | 34ed 47fc | ba45 ffff | ffc4 61f9 | 7edd 4889 | 4424 f88b | 4424 1889 
  0x0000021573137be0: 0424 488b | 4424 f8c5 | 7b11 6c24 | 0848 894c | 2410 4c89 | 6c24 1844 | 8974 2404 | 6666 90e8 
  0x0000021573137c00: fcec 47fc | ba45 ffff | ffc4 61f9 | 7edd 4889 | 4424 f88b | 4424 1889 | 0424 488b | 4424 f8c5 
  0x0000021573137c20: 7b11 6c24 | 08c5 fa11 | 6424 04c5 | fa11 5424 | 1048 894c | 2418 4c89 | 6c24 2044 | 8954 2414 
  0x0000021573137c40: 6666 90e8 | b8ec 47fc | ba45 ffff | ffc4 61f9 | 7edd 4889 | 4424 f88b | 4424 1889 | 0424 488b 
  0x0000021573137c60: 4424 f8c5 | 7b11 6c24 | 08c5 fa11 | 6424 04c5 | fa11 5424 | 1044 894c | 2414 4889 | 4c24 184c 
  0x0000021573137c80: 896c 2420 | 4489 7424 | 2866 90e8 | 70ec 47fc | ba45 ffff | ffc4 61f9 | 7edd 4889 | 4424 f88b 
  0x0000021573137ca0: 4424 1889 | 0424 488b | 4424 f8c5 | 7b11 6c24 | 08c5 fa11 | 6424 04c5 | fa11 5424 | 10c5 fa11 
  0x0000021573137cc0: 4c24 1489 | 7424 1848 | 894c 2420 | 4c89 6c24 | 2844 8974 | 241c 90e8 | 24ec 47fc | baf6 ffff 
  0x0000021573137ce0: ff41 8be9 | 6666 90e8 | 14ec 47fc | baf6 ffff | ff41 8be9 | 6666 90e8 | 04ec 47fc | baf6 ffff 
  0x0000021573137d00: ff66 90e8 | f8eb 47fc | baf6 ffff | ff66 90e8 | eceb 47fc | 49ba 9f79 | 1373 1502 | 0000 4d89 
  0x0000021573137d20: 9760 0300 | 00e9 d6fc | 47fc f4f4 | f4f4 f4f4 | f4f4 f4f4 | f4f4 f4f4 | f4f4 f4f4 | f4f4 f4f4 
  0x0000021573137d40: e9bb f548 | fce8 0000 | 0000 4883 | 2c24 05e9 | 4cef 47fc | f4f4 f4f4 
[/MachCode]
--------------------------------------------------------------------------------


---------------  P R O C E S S  ---------------

Threads class SMR info:
_java_thread_list=0x00000215a64fca10, length=193, elements={
0x0000021564989c10, 0x0000021520fe5060, 0x0000021520fe6940, 0x0000021521062a60,
0x0000021521063330, 0x0000021521064210, 0x0000021521056aa0, 0x000002152105b160,
0x000002152105ba70, 0x000002152105cb60, 0x000002152113e730, 0x0000021521494ff0,
0x000002152b939660, 0x0000021528a62010, 0x0000021528a63e70, 0x0000021528a62f40,
0x0000021528a63450, 0x0000021528a63960, 0x0000021528a64380, 0x0000021528a64890,
0x0000021528a5d930, 0x0000021528a5de40, 0x000002152b938730, 0x000002152b9372f0,
0x000002153a463b00, 0x000002153a466da0, 0x000002153a465450, 0x000002153a464a30,
0x000002153a4630e0, 0x000002153a4635f0, 0x000002153a464010, 0x000002153a466380,
0x000002153a462bd0, 0x000002153a464520, 0x000002153a4626c0, 0x000002153a464f40,
0x0000021528e8ac80, 0x000002152d093060, 0x000002152d0944a0, 0x000002152d0949b0,
0x000002153b166730, 0x0000021539cd9750, 0x00000215277ad580, 0x000002153b166c40,
0x000002152ad60860, 0x000002152ecb77b0, 0x000002152f2d3d80, 0x0000021539cd9c60,
0x000002152cb370a0, 0x000002152ad61ca0, 0x000002153a9ce770, 0x0000021539cda170,
0x000002152ad60350, 0x000002152f3ca630, 0x0000021529b09420, 0x000002152cb37ac0,
0x000002152d724c90, 0x00000215277673b0, 0x000002153a39c330, 0x0000021529181130,
0x000002153a9cec80, 0x000002153a461ca0, 0x000002153b925020, 0x000002152d67b760,
0x000002152d093570, 0x000002153a466890, 0x000002152d093f90, 0x0000021527767dd0,
0x00000215277682e0, 0x00000215277687f0, 0x00000215397a92d0, 0x00000215397a97e0,
0x00000215269f3b80, 0x00000215269f45a0, 0x000002153a39b910, 0x000002153b9278a0,
0x000002153b9282c0, 0x0000021529182a80, 0x000002153a39be20, 0x0000021544d1c320,
0x000002154aac8a80, 0x000002152cb37fd0, 0x0000021528674430, 0x000002153d025650,
0x00000215277adfa0, 0x0000021529181b50, 0x000002153a460d70, 0x000002152f2d4290,
0x000002152d0953d0, 0x000002152d67c180, 0x000002152d096300, 0x000002153d0274b0,
0x0000021544d1c830, 0x0000021544d1aee0, 0x000002153a465960, 0x000002153b167150,
0x00000215277ada90, 0x000002153d0279c0, 0x000002154a15e4b0, 0x000002154a160820,
0x000002154a15d580, 0x000002154a15f8f0, 0x00000215397a8dc0, 0x00000215397a83a0,
0x000002154a15dfa0, 0x0000021528673a10, 0x0000021528674940, 0x0000021544d1b3f0,
0x0000021528673f20, 0x000002154a15e9c0, 0x000002152f2d47a0, 0x000002153b926970,
0x000002153b166220, 0x000002152d67c690, 0x000002152d67cba0, 0x0000021528672ff0,
0x000002153b165d10, 0x000002153a39c840, 0x000002152f2d4cb0, 0x000002153cd9c770,
0x000002154aac8060, 0x00000215a6392fb0, 0x00000215a6391660, 0x000002152f3cab40,
0x000002159da26f60, 0x00000215287351e0, 0x00000215a6390220, 0x0000021528674e50,
0x000002152ef06ed0, 0x000002152ef07e00, 0x000002153b165800, 0x000002159dd84570,
0x000002159dd85ec0, 0x000002159dd854a0, 0x000002159dd868e0, 0x000002159dd84a80,
0x000002159dd86df0, 0x000002159dd87300, 0x000002159dd87810, 0x000002159dd84060,
0x000002152d093a80, 0x000002153a043800, 0x000002159da24bf0, 0x000002159da23cc0,
0x00000215a4639f00, 0x000002154556d050, 0x000002152d094ec0, 0x000002166448be40,
0x0000021529b9edf0, 0x0000021529b9e3d0, 0x00000215a76db1e0, 0x00000215a76dd040,
0x000002159da25610, 0x000002159da27470, 0x0000021529b9f810, 0x000002159da25b20,
0x000002153a4677c0, 0x000002153a467cd0, 0x0000021539e219b0, 0x0000021539e223d0,
0x000002152f2d56d0, 0x0000021539e23810, 0x0000021539e20060, 0x000002167052b750,
0x0000021670528ed0, 0x00000215a46380a0, 0x000002152ef078f0, 0x0000021539e20f90,
0x000002152ef069c0, 0x00000215a46385b0, 0x0000021539e21ec0, 0x000002153d026070,
0x00000215a4638ac0, 0x000002153d0283e0, 0x0000021539e20570, 0x00000215a4638fd0,
0x000002167052a310, 0x00000216646e9f40, 0x00000215a463b340, 0x000002154a05aa90,
0x0000021664644640, 0x0000021667e6e440, 0x0000021664643650, 0x000002166448c860,
0x000002166448d790, 0x000002159e292110, 0x000002159e293a60, 0x000002159e293f70,
0x000002159e290cd0, 0x000002159e2907c0, 0x000002159e2911e0, 0x000002159e2916f0,
0x000002159e292620
}

Java Threads: ( => current thread )
=>0x0000021564989c10 JavaThread "Render thread" [_thread_in_Java, id=22840, stack(0x000000d145900000,0x000000d145a00000)]
  0x0000021520fe5060 JavaThread "Reference Handler" daemon [_thread_blocked, id=20528, stack(0x000000d146000000,0x000000d146100000)]
  0x0000021520fe6940 JavaThread "Finalizer" daemon [_thread_blocked, id=9556, stack(0x000000d146100000,0x000000d146200000)]
  0x0000021521062a60 JavaThread "Signal Dispatcher" daemon [_thread_blocked, id=15612, stack(0x000000d146200000,0x000000d146300000)]
  0x0000021521063330 JavaThread "Attach Listener" daemon [_thread_blocked, id=13860, stack(0x000000d146300000,0x000000d146400000)]
  0x0000021521064210 JavaThread "Service Thread" daemon [_thread_blocked, id=23276, stack(0x000000d146400000,0x000000d146500000)]
  0x0000021521056aa0 JavaThread "Monitor Deflation Thread" daemon [_thread_blocked, id=12932, stack(0x000000d146500000,0x000000d146600000)]
  0x000002152105b160 JavaThread "C2 CompilerThread0" daemon [_thread_blocked, id=23204, stack(0x000000d146600000,0x000000d146700000)]
  0x000002152105ba70 JavaThread "C1 CompilerThread0" daemon [_thread_blocked, id=4480, stack(0x000000d146700000,0x000000d146800000)]
  0x000002152105cb60 JavaThread "Sweeper thread" daemon [_thread_blocked, id=14496, stack(0x000000d146800000,0x000000d146900000)]
  0x000002152113e730 JavaThread "Common-Cleaner" daemon [_thread_blocked, id=15196, stack(0x000000d146900000,0x000000d146a00000)]
  0x0000021521494ff0 JavaThread "Notification Thread" daemon [_thread_blocked, id=360, stack(0x000000d146e00000,0x000000d146f00000)]
  0x000002152b939660 JavaThread "pool-2-thread-1" daemon [_thread_blocked, id=6412, stack(0x000000d147700000,0x000000d147800000)]
  0x0000021528a62010 JavaThread "Thread-0" daemon [_thread_blocked, id=6212, stack(0x000000d148c00000,0x000000d148d00000)]
  0x0000021528a63e70 JavaThread "JNA Cleaner" daemon [_thread_blocked, id=24292, stack(0x000000d148d00000,0x000000d148e00000)]
  0x0000021528a62f40 JavaThread "Thread-2" daemon [_thread_in_native, id=8100, stack(0x000000d149200000,0x000000d149300000)]
  0x0000021528a63450 JavaThread "Thread-3" daemon [_thread_in_native, id=18668, stack(0x000000d149300000,0x000000d149400000)]
  0x0000021528a63960 JavaThread "Thread-4" daemon [_thread_in_native, id=21680, stack(0x000000d149400000,0x000000d149500000)]
  0x0000021528a64380 JavaThread "Thread-5" daemon [_thread_in_native, id=22300, stack(0x000000d149500000,0x000000d149600000)]
  0x0000021528a64890 JavaThread "Thread-6" daemon [_thread_in_native, id=23656, stack(0x000000d149600000,0x000000d149700000)]
  0x0000021528a5d930 JavaThread "Thread-7" daemon [_thread_in_native, id=1264, stack(0x000000d149700000,0x000000d149800000)]
  0x0000021528a5de40 JavaThread "Thread-8" daemon [_thread_in_native, id=22632, stack(0x000000d149800000,0x000000d149900000)]
  0x000002152b938730 JavaThread "Thread-9" daemon [_thread_in_native, id=24444, stack(0x000000d149900000,0x000000d149a00000)]
  0x000002152b9372f0 JavaThread "Thread-10" daemon [_thread_in_native, id=4048, stack(0x000000d149a00000,0x000000d149b00000)]
  0x000002153a463b00 JavaThread "Thread-11" daemon [_thread_in_native, id=15924, stack(0x000000d149b00000,0x000000d149c00000)]
  0x000002153a466da0 JavaThread "Thread-12" daemon [_thread_in_native, id=21212, stack(0x000000d149c00000,0x000000d149d00000)]
  0x000002153a465450 JavaThread "Thread-13" daemon [_thread_in_native, id=11816, stack(0x000000d149d00000,0x000000d149e00000)]
  0x000002153a464a30 JavaThread "Thread-14" daemon [_thread_in_native, id=6084, stack(0x000000d149e00000,0x000000d149f00000)]
  0x000002153a4630e0 JavaThread "Thread-15" daemon [_thread_in_native, id=23512, stack(0x000000d149f00000,0x000000d14a000000)]
  0x000002153a4635f0 JavaThread "Thread-16" daemon [_thread_in_native, id=19804, stack(0x000000d14a000000,0x000000d14a100000)]
  0x000002153a464010 JavaThread "Thread-17" daemon [_thread_in_native, id=6568, stack(0x000000d14a100000,0x000000d14a200000)]
  0x000002153a466380 JavaThread "Thread-18" daemon [_thread_in_native, id=11624, stack(0x000000d14a200000,0x000000d14a300000)]
  0x000002153a462bd0 JavaThread "Thread-19" daemon [_thread_in_native, id=23524, stack(0x000000d14a300000,0x000000d14a400000)]
  0x000002153a464520 JavaThread "Thread-20" daemon [_thread_in_native, id=23756, stack(0x000000d14a400000,0x000000d14a500000)]
  0x000002153a4626c0 JavaThread "Thread-21" daemon [_thread_in_native, id=21052, stack(0x000000d14a500000,0x000000d14a600000)]
  0x000002153a464f40 JavaThread "Thread-22" daemon [_thread_in_native, id=8856, stack(0x000000d14a600000,0x000000d14a700000)]
  0x0000021528e8ac80 JavaThread "Timer hack thread" daemon [_thread_blocked, id=21796, stack(0x000000d148900000,0x000000d148a00000)]
  0x000002152d093060 JavaThread "Yggdrasil Key Fetcher" daemon [_thread_blocked, id=24176, stack(0x000000d14ad00000,0x000000d14ae00000)]
  0x000002152d0944a0 JavaThread "FileSystemWatchService" daemon [_thread_in_native, id=4456, stack(0x000000d14aa00000,0x000000d14ab00000)]
  0x000002152d0949b0 JavaThread "DFU cleaning thread" daemon [_thread_blocked, id=14552, stack(0x000000d14ab00000,0x000000d14ac00000)]
  0x000002153b166730 JavaThread "modloading-worker-0" daemon [_thread_blocked, id=2772, stack(0x000000d148e00000,0x000000d148f00000)]
  0x0000021539cd9750 JavaThread "modloading-worker-0" daemon [_thread_blocked, id=6224, stack(0x000000d14a700000,0x000000d14a800000)]
  0x00000215277ad580 JavaThread "modloading-worker-0" daemon [_thread_blocked, id=4636, stack(0x000000d14b400000,0x000000d14b500000)]
  0x000002153b166c40 JavaThread "modloading-worker-0" daemon [_thread_blocked, id=8556, stack(0x000000d14b500000,0x000000d14b600000)]
  0x000002152ad60860 JavaThread "modloading-worker-0" daemon [_thread_blocked, id=17104, stack(0x000000d14b700000,0x000000d14b800000)]
  0x000002152ecb77b0 JavaThread "modloading-worker-0" daemon [_thread_blocked, id=21232, stack(0x000000d14b900000,0x000000d14ba00000)]
  0x000002152f2d3d80 JavaThread "modloading-worker-0" daemon [_thread_blocked, id=4316, stack(0x000000d14ba00000,0x000000d14bb00000)]
  0x0000021539cd9c60 JavaThread "modloading-worker-0" daemon [_thread_blocked, id=9136, stack(0x000000d14bb00000,0x000000d14bc00000)]
  0x000002152cb370a0 JavaThread "modloading-worker-0" daemon [_thread_blocked, id=3456, stack(0x000000d14bc00000,0x000000d14bd00000)]
  0x000002152ad61ca0 JavaThread "modloading-worker-0" daemon [_thread_blocked, id=23764, stack(0x000000d14bd00000,0x000000d14be00000)]
  0x000002153a9ce770 JavaThread "modloading-worker-0" daemon [_thread_blocked, id=14612, stack(0x000000d14be00000,0x000000d14bf00000)]
  0x0000021539cda170 JavaThread "modloading-worker-0" daemon [_thread_blocked, id=20692, stack(0x000000d14c000000,0x000000d14c100000)]
  0x000002152ad60350 JavaThread "modloading-worker-0" daemon [_thread_blocked, id=11824, stack(0x000000d14c100000,0x000000d14c200000)]
  0x000002152f3ca630 JavaThread "modloading-worker-0" daemon [_thread_blocked, id=19108, stack(0x000000d14c200000,0x000000d14c300000)]
  0x0000021529b09420 JavaThread "modloading-worker-0" daemon [_thread_blocked, id=19868, stack(0x000000d14c300000,0x000000d14c400000)]
  0x000002152cb37ac0 JavaThread "modloading-worker-0" daemon [_thread_blocked, id=9088, stack(0x000000d14c400000,0x000000d14c500000)]
  0x000002152d724c90 JavaThread "Java2D Disposer" daemon [_thread_blocked, id=21060, stack(0x000000d14cd00000,0x000000d14ce00000)]
  0x00000215277673b0 JavaThread "FileSystemWatchService" daemon [_thread_in_native, id=15920, stack(0x000000d14ce00000,0x000000d14cf00000)]
  0x000002153a39c330 JavaThread "JEI Config File Watcher" daemon [_thread_blocked, id=15348, stack(0x000000d14ca00000,0x000000d14cb00000)]
  0x0000021529181130 JavaThread "IO-Worker-1" daemon [_thread_blocked, id=8464, stack(0x000000d14cf00000,0x000000d14d000000)]
  0x000002153a9cec80 JavaThread "HttpClient-2-SelectorManager" daemon [_thread_in_native, id=4068, stack(0x000000d14d000000,0x000000d14d100000)]
  0x000002153a461ca0 JavaThread "FileSystemWatchService" daemon [_thread_in_native, id=12920, stack(0x000000d14d400000,0x000000d14d500000)]
  0x000002153b925020 JavaThread "Config Lib config file watcher" daemon [_thread_blocked, id=22556, stack(0x000000d14d500000,0x000000d14d600000)]
  0x000002152d67b760 JavaThread "FileSystemWatchService" daemon [_thread_in_native, id=22076, stack(0x000000d14d600000,0x000000d14d700000)]
  0x000002152d093570 JavaThread "FTB Backups Config Watcher 0" daemon [_thread_blocked, id=3420, stack(0x000000d14d700000,0x000000d14d800000)]
  0x000002153a466890 JavaThread "FileSystemWatchService" daemon [_thread_in_native, id=11172, stack(0x000000d14d800000,0x000000d14d900000)]
  0x000002152d093f90 JavaThread "FTB Backups scheduled executor 0" daemon [_thread_blocked, id=23956, stack(0x000000d14d900000,0x000000d14da00000)]
  0x0000021527767dd0 JavaThread "ftbbackups2_Worker-1" daemon [_thread_blocked, id=19356, stack(0x000000d14da00000,0x000000d14db00000)]
  0x00000215277682e0 JavaThread "ftbbackups2_QuartzSchedulerThread" daemon [_thread_blocked, id=19136, stack(0x000000d14db00000,0x000000d14dc00000)]
  0x00000215277687f0 JavaThread "Timer-0" daemon [_thread_blocked, id=22728, stack(0x000000d14dc00000,0x000000d14dd00000)]
  0x00000215397a92d0 JavaThread "Thread-34" daemon [_thread_blocked, id=21096, stack(0x000000d14dd00000,0x000000d14de00000)]
  0x00000215397a97e0 JavaThread "FileSystemWatchService" daemon [_thread_in_native, id=2760, stack(0x000000d14de00000,0x000000d14df00000)]
  0x00000215269f3b80 JavaThread "Worker-Main-2" daemon [_thread_blocked, id=14164, stack(0x000000d147500000,0x000000d147600000)]
  0x00000215269f45a0 JavaThread "Worker-Main-3" daemon [_thread_blocked, id=14180, stack(0x000000d148400000,0x000000d148500000)]
  0x000002153a39b910 JavaThread "Worker-Main-4" daemon [_thread_blocked, id=20888, stack(0x000000d14b600000,0x000000d14b700000)]
  0x000002153b9278a0 JavaThread "Worker-ResourceReload-1" daemon [_thread_blocked, id=20580, stack(0x000000d14c900000,0x000000d14ca00000)]
  0x000002153b9282c0 JavaThread "Worker-ResourceReload-2" daemon [_thread_blocked, id=5948, stack(0x000000d14d100000,0x000000d14d200000)]
  0x0000021529182a80 JavaThread "Worker-ResourceReload-4" daemon [_thread_blocked, id=23428, stack(0x000000d14e200000,0x000000d14e300000)]
  0x000002153a39be20 JavaThread "Worker-ResourceReload-5" daemon [_thread_blocked, id=8152, stack(0x000000d14e300000,0x000000d14e400000)]
  0x0000021544d1c320 JavaThread "Worker-ResourceReload-6" daemon [_thread_blocked, id=13856, stack(0x000000d14e400000,0x000000d14e500000)]
  0x000002154aac8a80 JavaThread "Worker-ResourceReload-7" daemon [_thread_blocked, id=9604, stack(0x000000d14e500000,0x000000d14e600000)]
  0x000002152cb37fd0 JavaThread "Worker-ResourceReload-9" daemon [_thread_blocked, id=7844, stack(0x000000d14e700000,0x000000d14e800000)]
  0x0000021528674430 JavaThread "Worker-ResourceReload-10" daemon [_thread_blocked, id=22792, stack(0x000000d14e800000,0x000000d14e900000)]
  0x000002153d025650 JavaThread "Worker-ResourceReload-11" daemon [_thread_blocked, id=8708, stack(0x000000d14e900000,0x000000d14ea00000)]
  0x00000215277adfa0 JavaThread "Worker-ResourceReload-12" daemon [_thread_blocked, id=22716, stack(0x000000d14ea00000,0x000000d14eb00000)]
  0x0000021529181b50 JavaThread "Worker-ResourceReload-13" daemon [_thread_blocked, id=14832, stack(0x000000d14eb00000,0x000000d14ec00000)]
  0x000002153a460d70 JavaThread "FileSystemWatchService" daemon [_thread_in_native, id=17156, stack(0x000000d14ec00000,0x000000d14ed00000)]
  0x000002152f2d4290 JavaThread "Worker-ResourceReload-14" daemon [_thread_blocked, id=14772, stack(0x000000d14ee00000,0x000000d14ef00000)]
  0x000002152d0953d0 JavaThread "Worker-ResourceReload-15" daemon [_thread_blocked, id=19788, stack(0x000000d14ef00000,0x000000d14f000000)]
  0x000002152d67c180 JavaThread "Worker-ResourceReload-17" daemon [_thread_blocked, id=10820, stack(0x000000d14f100000,0x000000d14f200000)]
  0x000002152d096300 JavaThread "Worker-ResourceReload-18" daemon [_thread_blocked, id=21448, stack(0x000000d14f200000,0x000000d14f300000)]
  0x000002153d0274b0 JavaThread "FileSystemWatchService" daemon [_thread_in_native, id=17560, stack(0x000000d14f500000,0x000000d14f600000)]
  0x0000021544d1c830 JavaThread "FileSystemWatchService" daemon [_thread_in_native, id=7108, stack(0x000000d14f700000,0x000000d14f800000)]
  0x0000021544d1aee0 JavaThread "FileSystemWatchService" daemon [_thread_in_native, id=17680, stack(0x000000d14f900000,0x000000d14fa00000)]
  0x000002153a465960 JavaThread "FileSystemWatchService" daemon [_thread_in_native, id=22420, stack(0x000000d14fa00000,0x000000d14fb00000)]
  0x000002153b167150 JavaThread "FileSystemWatchService" daemon [_thread_in_native, id=15624, stack(0x000000d14fb00000,0x000000d14fc00000)]
  0x00000215277ada90 JavaThread "Thread-39" [_thread_blocked, id=9920, stack(0x000000d14fc00000,0x000000d14fd00000)]
  0x000002153d0279c0 JavaThread "FileSystemWatchService" daemon [_thread_in_native, id=5276, stack(0x000000d14fd00000,0x000000d14fe00000)]
  0x000002154a15e4b0 JavaThread "Worker-Main-6" daemon [_thread_blocked, id=23296, stack(0x000000d14fe00000,0x000000d14ff00000)]
  0x000002154a160820 JavaThread "Worker-Main-7" daemon [_thread_blocked, id=5980, stack(0x000000d14ff00000,0x000000d150000000)]
  0x000002154a15d580 JavaThread "Worker-Main-8" daemon [_thread_blocked, id=5420, stack(0x000000d150000000,0x000000d150100000)]
  0x000002154a15f8f0 JavaThread "Worker-Main-10" daemon [_thread_blocked, id=5312, stack(0x000000d150200000,0x000000d150300000)]
  0x00000215397a8dc0 JavaThread "Worker-Main-11" daemon [_thread_blocked, id=23596, stack(0x000000d150300000,0x000000d150400000)]
  0x00000215397a83a0 JavaThread "Worker-Main-12" daemon [_thread_blocked, id=2004, stack(0x000000d150400000,0x000000d150500000)]
  0x000002154a15dfa0 JavaThread "Worker-Main-14" daemon [_thread_blocked, id=4384, stack(0x000000d150600000,0x000000d150700000)]
  0x0000021528673a10 JavaThread "Worker-Main-15" daemon [_thread_blocked, id=13772, stack(0x000000d150700000,0x000000d150800000)]
  0x0000021528674940 JavaThread "Worker-Main-16" daemon [_thread_blocked, id=21200, stack(0x000000d150800000,0x000000d150900000)]
  0x0000021544d1b3f0 JavaThread "Worker-Main-5" daemon [_thread_blocked, id=24520, stack(0x000000d150900000,0x000000d150a00000)]
  0x0000021528673f20 JavaThread "Worker-Main-17" daemon [_thread_blocked, id=17084, stack(0x000000d150a00000,0x000000d150b00000)]
  0x000002154a15e9c0 JavaThread "Worker-Main-18" daemon [_thread_blocked, id=20620, stack(0x000000d150b00000,0x000000d150c00000)]
  0x000002152f2d47a0 JavaThread "Worker-Main-19" daemon [_thread_blocked, id=1044, stack(0x000000d150c00000,0x000000d150d00000)]
  0x000002153b926970 JavaThread "Worker-Main-20" daemon [_thread_blocked, id=21696, stack(0x000000d150d00000,0x000000d150e00000)]
  0x000002153b166220 JavaThread "FileSystemWatchService" daemon [_thread_in_native, id=1444, stack(0x000000d150e00000,0x000000d150f00000)]
  0x000002152d67c690 JavaThread "FileSystemWatchService" daemon [_thread_in_native, id=9532, stack(0x000000d150f00000,0x000000d151000000)]
  0x000002152d67cba0 JavaThread "FileSystemWatchService" daemon [_thread_in_native, id=11964, stack(0x000000d151000000,0x000000d151100000)]
  0x0000021528672ff0 JavaThread "HttpClient-4-SelectorManager" daemon [_thread_in_native, id=23696, stack(0x000000d151200000,0x000000d151300000)]
  0x000002153b165d10 JavaThread "ConfigSaver" daemon [_thread_blocked, id=18660, stack(0x000000d151500000,0x000000d151600000)]
  0x000002153a39c840 JavaThread "ConfigSaver" daemon [_thread_blocked, id=10692, stack(0x000000d151600000,0x000000d151700000)]
  0x000002152f2d4cb0 JavaThread "Timer-1" daemon [_thread_blocked, id=6488, stack(0x000000d151700000,0x000000d151800000)]
  0x000002153cd9c770 JavaThread "Thread-44" daemon [_thread_blocked, id=7792, stack(0x000000d151a00000,0x000000d151b00000)]
  0x000002154aac8060 JavaThread "HttpClient-5-SelectorManager" daemon [_thread_in_native, id=23060, stack(0x000000d151b00000,0x000000d151c00000)]
  0x00000215a6392fb0 JavaThread "spark-monitoring-thread" daemon [_thread_blocked, id=9500, stack(0x000000d151c00000,0x000000d151d00000)]
  0x00000215a6391660 JavaThread "spark-worker-pool-1-thread-1" daemon [_thread_blocked, id=9884, stack(0x000000d151d00000,0x000000d151e00000)]
  0x000002152f3cab40 JavaThread "HttpClient-6-SelectorManager" daemon [_thread_in_native, id=14672, stack(0x000000d151e00000,0x000000d151f00000)]
  0x000002159da26f60 JavaThread "Thread-45" daemon [_thread_blocked, id=22892, stack(0x000000d14c700000,0x000000d14c800000)]
  0x00000215287351e0 JavaThread "AWT-Windows" daemon [_thread_in_native, id=17824, stack(0x000000d14f400000,0x000000d14f500000)]
  0x00000215a6390220 JavaThread "FileSystemWatchService" daemon [_thread_in_native, id=21000, stack(0x000000d145600000,0x000000d145700000)]
  0x0000021528674e50 JavaThread "FileSystemWatchService" daemon [_thread_in_native, id=2836, stack(0x000000d145800000,0x000000d145900000)]
  0x000002152ef06ed0 JavaThread "Thread-58" daemon [_thread_in_native, id=4532, stack(0x000000d148f00000,0x000000d149000000)]
  0x000002152ef07e00 JavaThread "Netty Client IO #0" daemon [_thread_in_native, id=4228, stack(0x000000d14bf00000,0x000000d14c000000)]
  0x000002153b165800 JavaThread "Sound engine" daemon [_thread_blocked, id=7608, stack(0x000000d14e100000,0x000000d14e200000)]
  0x000002159dd84570 JavaThread "Flywheel 0" [_thread_blocked, id=2436, stack(0x000000d147900000,0x000000d147a00000)]
  0x000002159dd85ec0 JavaThread "Flywheel 1" [_thread_blocked, id=7092, stack(0x000000d148500000,0x000000d148600000)]
  0x000002159dd854a0 JavaThread "Flywheel 2" [_thread_blocked, id=22004, stack(0x000000d148a00000,0x000000d148b00000)]
  0x000002159dd868e0 JavaThread "Flywheel 3" [_thread_blocked, id=9440, stack(0x000000d14af00000,0x000000d14b000000)]
  0x000002159dd84a80 JavaThread "Flywheel 4" [_thread_blocked, id=8984, stack(0x000000d14c800000,0x000000d14c900000)]
  0x000002159dd86df0 JavaThread "Flywheel 5" [_thread_blocked, id=20852, stack(0x000000d14d300000,0x000000d14d400000)]
  0x000002159dd87300 JavaThread "Flywheel 6" [_thread_blocked, id=6148, stack(0x000000d14df00000,0x000000d14e000000)]
  0x000002159dd87810 JavaThread "Flywheel 7" [_thread_blocked, id=22532, stack(0x000000d14e600000,0x000000d14e700000)]
  0x000002159dd84060 JavaThread "Flywheel 8" [_thread_blocked, id=22580, stack(0x000000d14ed00000,0x000000d14ee00000)]
  0x000002152d093a80 JavaThread "Flywheel 9" [_thread_blocked, id=6784, stack(0x000000d14f000000,0x000000d14f100000)]
  0x000002153a043800 JavaThread "ForkJoinPool.commonPool-worker-3" daemon [_thread_blocked, id=4500, stack(0x000000d153a00000,0x000000d153b00000)]
  0x000002159da24bf0 JavaThread "VoiceChatAuthenticationThread" daemon [_thread_blocked, id=11772, stack(0x000000d153d00000,0x000000d153e00000)]
  0x000002159da23cc0 JavaThread "VoiceChatConnectionThread" daemon [_thread_in_native, id=14912, stack(0x000000d153e00000,0x000000d153f00000)]
  0x00000215a4639f00 JavaThread "FastSuite Recipe Lookup Thread: 1" daemon [_thread_blocked, id=12716, stack(0x000000d153600000,0x000000d153700000)]
  0x000002154556d050 JavaThread "FastSuite Recipe Lookup Thread: 2" daemon [_thread_blocked, id=3352, stack(0x000000d153700000,0x000000d153800000)]
  0x000002152d094ec0 JavaThread "FastSuite Recipe Lookup Thread: 3" daemon [_thread_blocked, id=20696, stack(0x000000d153800000,0x000000d153900000)]
  0x000002166448be40 JavaThread "FastSuite Recipe Lookup Thread: 4" daemon [_thread_blocked, id=13168, stack(0x000000d153900000,0x000000d153a00000)]
  0x0000021529b9edf0 JavaThread "FastSuite Recipe Lookup Thread: 5" daemon [_thread_blocked, id=8136, stack(0x000000d153b00000,0x000000d153c00000)]
  0x0000021529b9e3d0 JavaThread "FastSuite Recipe Lookup Thread: 6" daemon [_thread_blocked, id=6532, stack(0x000000d153c00000,0x000000d153d00000)]
  0x00000215a76db1e0 JavaThread "FastSuite Recipe Lookup Thread: 7" daemon [_thread_blocked, id=14216, stack(0x000000d153f00000,0x000000d154000000)]
  0x00000215a76dd040 JavaThread "FastSuite Recipe Lookup Thread: 8" daemon [_thread_blocked, id=11208, stack(0x000000d154000000,0x000000d154100000)]
  0x000002159da25610 JavaThread "FastSuite Recipe Lookup Thread: 9" daemon [_thread_blocked, id=11204, stack(0x000000d154100000,0x000000d154200000)]
  0x000002159da27470 JavaThread "FastSuite Recipe Lookup Thread: 10" daemon [_thread_blocked, id=17548, stack(0x000000d154200000,0x000000d154300000)]
  0x0000021529b9f810 JavaThread "FastSuite Recipe Lookup Thread: 11" daemon [_thread_blocked, id=9872, stack(0x000000d154300000,0x000000d154400000)]
  0x000002159da25b20 JavaThread "FastSuite Recipe Lookup Thread: 12" daemon [_thread_blocked, id=9372, stack(0x000000d154400000,0x000000d154500000)]
  0x000002153a4677c0 JavaThread "FastSuite Recipe Lookup Thread: 13" daemon [_thread_blocked, id=7256, stack(0x000000d154500000,0x000000d154600000)]
  0x000002153a467cd0 JavaThread "FastSuite Recipe Lookup Thread: 14" daemon [_thread_blocked, id=17552, stack(0x000000d154600000,0x000000d154700000)]
  0x0000021539e219b0 JavaThread "FastSuite Recipe Lookup Thread: 15" daemon [_thread_blocked, id=23988, stack(0x000000d154700000,0x000000d154800000)]
  0x0000021539e223d0 JavaThread "FastSuite Recipe Lookup Thread: 16" daemon [_thread_blocked, id=7728, stack(0x000000d154800000,0x000000d154900000)]
  0x000002152f2d56d0 JavaThread "Keep-Alive-Timer" daemon [_thread_blocked, id=24340, stack(0x000000d146d00000,0x000000d146e00000)]
  0x0000021539e23810 JavaThread "ForkJoinPool.commonPool-worker-4" daemon [_thread_blocked, id=23064, stack(0x000000d14e000000,0x000000d14e100000)]
  0x0000021539e20060 JavaThread "ForkJoinPool.commonPool-worker-5" daemon [_thread_blocked, id=23968, stack(0x000000d14f600000,0x000000d14f700000)]
  0x000002167052b750 JavaThread "ForkJoinPool.commonPool-worker-6" daemon [_thread_blocked, id=20760, stack(0x000000d153100000,0x000000d153200000)]
  0x0000021670528ed0 JavaThread "ForkJoinPool.commonPool-worker-7" daemon [_thread_blocked, id=21864, stack(0x000000d153300000,0x000000d153400000)]
  0x00000215a46380a0 JavaThread "ForkJoinPool.commonPool-worker-8" daemon [_thread_blocked, id=21904, stack(0x000000d153400000,0x000000d153500000)]
  0x000002152ef078f0 JavaThread "ForkJoinPool.commonPool-worker-9" daemon [_thread_blocked, id=14796, stack(0x000000d153500000,0x000000d153600000)]
  0x0000021539e20f90 JavaThread "ForkJoinPool.commonPool-worker-10" daemon [_thread_blocked, id=4368, stack(0x000000d154900000,0x000000d154a00000)]
  0x000002152ef069c0 JavaThread "ForkJoinPool.commonPool-worker-11" daemon [_thread_blocked, id=8056, stack(0x000000d154a00000,0x000000d154b00000)]
  0x00000215a46385b0 JavaThread "ForkJoinPool.commonPool-worker-12" daemon [_thread_blocked, id=24220, stack(0x000000d14b800000,0x000000d14b900000)]
  0x0000021539e21ec0 JavaThread "ForkJoinPool.commonPool-worker-13" daemon [_thread_blocked, id=4488, stack(0x000000d154b00000,0x000000d154c00000)]
  0x000002153d026070 JavaThread "ForkJoinPool.commonPool-worker-14" daemon [_thread_blocked, id=1856, stack(0x000000d154c00000,0x000000d154d00000)]
  0x00000215a4638ac0 JavaThread "ForkJoinPool.commonPool-worker-15" daemon [_thread_blocked, id=24328, stack(0x000000d154d00000,0x000000d154e00000)]
  0x000002153d0283e0 JavaThread "ForkJoinPool.commonPool-worker-16" daemon [_thread_blocked, id=6380, stack(0x000000d154e00000,0x000000d154f00000)]
  0x0000021539e20570 JavaThread "ForkJoinPool.commonPool-worker-17" daemon [_thread_blocked, id=448, stack(0x000000d154f00000,0x000000d155000000)]
  0x00000215a4638fd0 JavaThread "ForkJoinPool.commonPool-worker-20" daemon [_thread_blocked, id=14076, stack(0x000000d155000000,0x000000d155100000)]
  0x000002167052a310 JavaThread "ForkJoinPool.commonPool-worker-18" daemon [_thread_blocked, id=2520, stack(0x000000d155100000,0x000000d155200000)]
  0x00000216646e9f40 JavaThread "ForkJoinPool.commonPool-worker-19" daemon [_thread_blocked, id=22236, stack(0x000000d155200000,0x000000d155300000)]
  0x00000215a463b340 JavaThread "ForkJoinPool.commonPool-worker-21" daemon [_thread_blocked, id=23320, stack(0x000000d155500000,0x000000d155600000)]
  0x000002154a05aa90 JavaThread "C1 CompilerThread1" daemon [_thread_blocked, id=23176, stack(0x000000d155900000,0x000000d155a00000)]
  0x0000021664644640 JavaThread "C1 CompilerThread2" daemon [_thread_blocked, id=23660, stack(0x000000d155e00000,0x000000d155f00000)]
  0x0000021667e6e440 JavaThread "C1 CompilerThread3" daemon [_thread_blocked, id=23928, stack(0x000000d156000000,0x000000d156100000)]
  0x0000021664643650 JavaThread "C2 CompilerThread1" daemon [_thread_blocked, id=18732, stack(0x000000d146b00000,0x000000d146c00000)]
  0x000002166448c860 JavaThread "Chunk Render Task Executor #0" [_thread_blocked, id=23700, stack(0x000000d150500000,0x000000d150600000)]
  0x000002166448d790 JavaThread "Chunk Render Task Executor #1" [_thread_blocked, id=10772, stack(0x000000d152c00000,0x000000d152d00000)]
  0x000002159e292110 JavaThread "Chunk Render Task Executor #2" [_thread_blocked, id=14056, stack(0x000000d152d00000,0x000000d152e00000)]
  0x000002159e293a60 JavaThread "Chunk Render Task Executor #3" [_thread_blocked, id=6012, stack(0x000000d151400000,0x000000d151500000)]
  0x000002159e293f70 JavaThread "Chunk Render Task Executor #4" [_thread_blocked, id=2312, stack(0x000000d153000000,0x000000d153100000)]
  0x000002159e290cd0 JavaThread "Chunk Render Task Executor #5" [_thread_blocked, id=7272, stack(0x000000d152f00000,0x000000d153000000)]
  0x000002159e2907c0 JavaThread "Chunk Render Task Executor #6" [_thread_blocked, id=24096, stack(0x000000d155300000,0x000000d155400000)]
  0x000002159e2911e0 JavaThread "Chunk Render Task Executor #7" [_thread_blocked, id=21872, stack(0x000000d151300000,0x000000d151400000)]
  0x000002159e2916f0 JavaThread "Chunk Render Task Executor #8" [_thread_blocked, id=20500, stack(0x000000d150100000,0x000000d150200000)]
  0x000002159e292620 JavaThread "Chunk Render Task Executor #9" [_thread_blocked, id=1684, stack(0x000000d151900000,0x000000d151a00000)]

Other Threads:
  0x0000021520fe0b00 VMThread "VM Thread" [stack: 0x000000d145f00000,0x000000d146000000] [id=24124]
  0x0000021521664ea0 WatcherThread [stack: 0x000000d146f00000,0x000000d147000000] [id=3572]
  0x0000021577c31940 GCTaskThread "GC Thread#0" [stack: 0x000000d145a00000,0x000000d145b00000] [id=4572]
  0x000002152197d0c0 GCTaskThread "GC Thread#1" [stack: 0x000000d147000000,0x000000d147100000] [id=7528]
  0x000002152166fa10 GCTaskThread "GC Thread#2" [stack: 0x000000d147100000,0x000000d147200000] [id=2880]
  0x000002152166fcd0 GCTaskThread "GC Thread#3" [stack: 0x000000d147200000,0x000000d147300000] [id=23608]
  0x00000215218d8460 GCTaskThread "GC Thread#4" [stack: 0x000000d147300000,0x000000d147400000] [id=7976]
  0x00000215218d8720 GCTaskThread "GC Thread#5" [stack: 0x000000d147400000,0x000000d147500000] [id=20504]
  0x000002152ba8e6e0 GCTaskThread "GC Thread#6" [stack: 0x000000d147a00000,0x000000d147b00000] [id=12924]
  0x00000215289b4d50 GCTaskThread "GC Thread#7" [stack: 0x000000d147b00000,0x000000d147c00000] [id=20072]
  0x0000021528772fc0 GCTaskThread "GC Thread#8" [stack: 0x000000d147c00000,0x000000d147d00000] [id=22260]
  0x00000215271b5170 GCTaskThread "GC Thread#9" [stack: 0x000000d147d00000,0x000000d147e00000] [id=12968]
  0x00000215271b5430 GCTaskThread "GC Thread#10" [stack: 0x000000d147e00000,0x000000d147f00000] [id=10288]
  0x00000215271b3b70 GCTaskThread "GC Thread#11" [stack: 0x000000d148200000,0x000000d148300000] [id=20272]
  0x00000215271b3e30 GCTaskThread "GC Thread#12" [stack: 0x000000d148600000,0x000000d148700000] [id=21804]
  0x00000215271b4eb0 GCTaskThread "GC Thread#13" [stack: 0x000000d148700000,0x000000d148800000] [id=24216]
  0x00000215271b38b0 GCTaskThread "GC Thread#14" [stack: 0x000000d148800000,0x000000d148900000] [id=18976]
  0x0000021564a09eb0 ConcurrentGCThread "G1 Main Marker" [stack: 0x000000d145b00000,0x000000d145c00000] [id=9816]
  0x0000021564a0a570 ConcurrentGCThread "G1 Conc#0" [stack: 0x000000d145c00000,0x000000d145d00000] [id=5852]
  0x00000215271b4670 ConcurrentGCThread "G1 Conc#1" [stack: 0x000000d147f00000,0x000000d148000000] [id=6968]
  0x00000215271b40f0 ConcurrentGCThread "G1 Conc#2" [stack: 0x000000d148000000,0x000000d148100000] [id=17372]
  0x00000215271b43b0 ConcurrentGCThread "G1 Conc#3" [stack: 0x000000d148100000,0x000000d148200000] [id=17596]
  0x0000021577d1f430 ConcurrentGCThread "G1 Refine#0" [stack: 0x000000d145d00000,0x000000d145e00000] [id=20828]
  0x0000021528a59050 ConcurrentGCThread "G1 Refine#1" [stack: 0x000000d148b00000,0x000000d148c00000] [id=6116]
  0x0000021528a5a7d0 ConcurrentGCThread "G1 Refine#2" [stack: 0x000000d149100000,0x000000d149200000] [id=20588]
  0x0000021528a59340 ConcurrentGCThread "G1 Refine#3" [stack: 0x000000d14a800000,0x000000d14a900000] [id=11968]
  0x0000021528a59920 ConcurrentGCThread "G1 Refine#4" [stack: 0x000000d14a900000,0x000000d14aa00000] [id=2736]
  0x0000021528a575e0 ConcurrentGCThread "G1 Refine#5" [stack: 0x000000d14ac00000,0x000000d14ad00000] [id=21152]
  0x000002152823d980 ConcurrentGCThread "G1 Refine#6" [stack: 0x000000d14b000000,0x000000d14b100000] [id=3412]
  0x000002152823b060 ConcurrentGCThread "G1 Refine#7" [stack: 0x000000d14b100000,0x000000d14b200000] [id=6032]
  0x000002152823b350 ConcurrentGCThread "G1 Refine#8" [stack: 0x000000d14b200000,0x000000d14b300000] [id=19380]
  0x000002152823cdc0 ConcurrentGCThread "G1 Refine#9" [stack: 0x000000d14b300000,0x000000d14b400000] [id=24052]
  0x0000021577d20b20 ConcurrentGCThread "G1 Service" [stack: 0x000000d145e00000,0x000000d145f00000] [id=12776]

Threads with active compile tasks:

VM state: not at safepoint (normal execution)

VM Mutex/Monitor currently owned by a thread: None

Heap address: 0x0000000400000000, size: 16384 MB, Compressed Oops mode: Zero based, Oop shift amount: 3

CDS archive(s) not mapped
Compressed class space mapped at: 0x0000000800000000-0x0000000840000000, reserved size: 1073741824
Narrow klass base: 0x0000000800000000, Narrow klass shift: 0, Narrow klass range: 0x40000000

GC Precious Log:
 CPUs: 20 total, 20 available
 Memory: 32592M
 Large Page Support: Disabled
 NUMA Support: Disabled
 Compressed Oops: Enabled (Zero based)
 Heap Region Size: 8M
 Heap Min Capacity: 256M
 Heap Initial Capacity: 256M
 Heap Max Capacity: 16G
 Pre-touch: Disabled
 Parallel Workers: 15
 Concurrent Workers: 4
 Concurrent Refinement Workers: 15
 Periodic GC: Disabled

Heap:
 garbage-first heap   total 7716864K, used 4753378K [0x0000000400000000, 0x0000000800000000)
  region size 8192K, 182 young (1490944K), 28 survivors (229376K)
 Metaspace       used 536628K, committed 540288K, reserved 1507328K
  class space    used 105405K, committed 107072K, reserved 1048576K

Heap Regions: E=young(eden), S=young(survivor), O=old, HS=humongous(starts), HC=humongous(continues), CS=collection set, F=free, OA=open archive, CA=closed archive, TAMS=top-at-mark-start (previous, next)
|   0|0x0000000400000000, 0x0000000400800000, 0x0000000400800000|100%| O|  |TAMS 0x0000000400800000, 0x0000000400000000| Untracked 
|   1|0x0000000400800000, 0x0000000401000000, 0x0000000401000000|100%| O|  |TAMS 0x0000000401000000, 0x0000000400800000| Untracked 
|   2|0x0000000401000000, 0x0000000401800000, 0x0000000401800000|100%| O|  |TAMS 0x0000000401800000, 0x0000000401000000| Untracked 
|   3|0x0000000401800000, 0x0000000402000000, 0x0000000402000000|100%| O|  |TAMS 0x0000000402000000, 0x0000000401800000| Untracked 
|   4|0x0000000402000000, 0x0000000402800000, 0x0000000402800000|100%| O|  |TAMS 0x0000000402800000, 0x0000000402000000| Untracked 
|   5|0x0000000402800000, 0x0000000403000000, 0x0000000403000000|100%| O|  |TAMS 0x0000000403000000, 0x0000000402800000| Untracked 
|   6|0x0000000403000000, 0x0000000403800000, 0x0000000403800000|100%| O|  |TAMS 0x0000000403800000, 0x0000000403000000| Untracked 
|   7|0x0000000403800000, 0x0000000404000000, 0x0000000404000000|100%| O|  |TAMS 0x0000000404000000, 0x0000000403800000| Untracked 
|   8|0x0000000404000000, 0x0000000404800000, 0x0000000404800000|100%| O|  |TAMS 0x0000000404800000, 0x0000000404000000| Untracked 
|   9|0x0000000404800000, 0x0000000405000000, 0x0000000405000000|100%| O|  |TAMS 0x0000000405000000, 0x0000000404800000| Untracked 
|  10|0x0000000405000000, 0x0000000405800000, 0x0000000405800000|100%| O|  |TAMS 0x0000000405800000, 0x0000000405000000| Untracked 
|  11|0x0000000405800000, 0x0000000406000000, 0x0000000406000000|100%| O|  |TAMS 0x0000000406000000, 0x0000000405800000| Untracked 
|  12|0x0000000406000000, 0x0000000406800000, 0x0000000406800000|100%| O|  |TAMS 0x0000000406800000, 0x0000000406000000| Untracked 
|  13|0x0000000406800000, 0x0000000407000000, 0x0000000407000000|100%| O|  |TAMS 0x0000000407000000, 0x0000000406800000| Untracked 
|  14|0x0000000407000000, 0x0000000407800000, 0x0000000407800000|100%| O|  |TAMS 0x0000000407800000, 0x0000000407000000| Untracked 
|  15|0x0000000407800000, 0x0000000408000000, 0x0000000408000000|100%| O|  |TAMS 0x0000000408000000, 0x0000000407800000| Untracked 
|  16|0x0000000408000000, 0x0000000408800000, 0x0000000408800000|100%| O|  |TAMS 0x0000000408800000, 0x0000000408000000| Untracked 
|  17|0x0000000408800000, 0x0000000409000000, 0x0000000409000000|100%| O|  |TAMS 0x0000000409000000, 0x0000000408800000| Untracked 
|  18|0x0000000409000000, 0x0000000409800000, 0x0000000409800000|100%| O|  |TAMS 0x0000000409800000, 0x0000000409000000| Untracked 
|  19|0x0000000409800000, 0x000000040a000000, 0x000000040a000000|100%| O|  |TAMS 0x000000040a000000, 0x0000000409800000| Untracked 
|  20|0x000000040a000000, 0x000000040a800000, 0x000000040a800000|100%| O|  |TAMS 0x000000040a800000, 0x000000040a000000| Untracked 
|  21|0x000000040a800000, 0x000000040b000000, 0x000000040b000000|100%| O|  |TAMS 0x000000040b000000, 0x000000040a800000| Untracked 
|  22|0x000000040b000000, 0x000000040b800000, 0x000000040b800000|100%| O|  |TAMS 0x000000040b800000, 0x000000040b000000| Untracked 
|  23|0x000000040b800000, 0x000000040c000000, 0x000000040c000000|100%| O|  |TAMS 0x000000040c000000, 0x000000040b800000| Untracked 
|  24|0x000000040c000000, 0x000000040c800000, 0x000000040c800000|100%| O|  |TAMS 0x000000040c800000, 0x000000040c000000| Untracked 
|  25|0x000000040c800000, 0x000000040d000000, 0x000000040d000000|100%| O|  |TAMS 0x000000040d000000, 0x000000040c800000| Untracked 
|  26|0x000000040d000000, 0x000000040d800000, 0x000000040d800000|100%| O|  |TAMS 0x000000040d800000, 0x000000040d000000| Untracked 
|  27|0x000000040d800000, 0x000000040e000000, 0x000000040e000000|100%| O|  |TAMS 0x000000040e000000, 0x000000040d800000| Untracked 
|  28|0x000000040e000000, 0x000000040e800000, 0x000000040e800000|100%| O|  |TAMS 0x000000040e800000, 0x000000040e000000| Untracked 
|  29|0x000000040e800000, 0x000000040f000000, 0x000000040f000000|100%| O|  |TAMS 0x000000040f000000, 0x000000040e800000| Untracked 
|  30|0x000000040f000000, 0x000000040f800000, 0x000000040f800000|100%|HS|  |TAMS 0x000000040f800000, 0x000000040f000000| Complete 
|  31|0x000000040f800000, 0x0000000410000000, 0x0000000410000000|100%| O|  |TAMS 0x000000040f800000, 0x000000040f800000| Untracked 
|  32|0x0000000410000000, 0x0000000410800000, 0x0000000410800000|100%|HS|  |TAMS 0x0000000410800000, 0x0000000410000000| Complete 
|  33|0x0000000410800000, 0x0000000411000000, 0x0000000411000000|100%| O|  |TAMS 0x0000000411000000, 0x0000000410800000| Untracked 
|  34|0x0000000411000000, 0x0000000411800000, 0x0000000411800000|100%| O|  |TAMS 0x0000000411800000, 0x0000000411000000| Untracked 
|  35|0x0000000411800000, 0x0000000412000000, 0x0000000412000000|100%| O|  |TAMS 0x0000000412000000, 0x0000000411800000| Untracked 
|  36|0x0000000412000000, 0x0000000412800000, 0x0000000412800000|100%| O|  |TAMS 0x0000000412800000, 0x0000000412000000| Untracked 
|  37|0x0000000412800000, 0x0000000413000000, 0x0000000413000000|100%|HS|  |TAMS 0x0000000413000000, 0x0000000412800000| Complete 
|  38|0x0000000413000000, 0x0000000413800000, 0x0000000413800000|100%| O|  |TAMS 0x0000000413800000, 0x0000000413000000| Untracked 
|  39|0x0000000413800000, 0x0000000414000000, 0x0000000414000000|100%| O|  |TAMS 0x0000000414000000, 0x0000000413800000| Untracked 
|  40|0x0000000414000000, 0x0000000414800000, 0x0000000414800000|100%| O|  |TAMS 0x0000000414800000, 0x0000000414000000| Untracked 
|  41|0x0000000414800000, 0x0000000415000000, 0x0000000415000000|100%| O|  |TAMS 0x0000000415000000, 0x0000000414800000| Untracked 
|  42|0x0000000415000000, 0x0000000415800000, 0x0000000415800000|100%| O|  |TAMS 0x0000000415800000, 0x0000000415000000| Untracked 
|  43|0x0000000415800000, 0x0000000416000000, 0x0000000416000000|100%| O|  |TAMS 0x0000000416000000, 0x0000000415800000| Untracked 
|  44|0x0000000416000000, 0x0000000416800000, 0x0000000416800000|100%| O|  |TAMS 0x0000000416800000, 0x0000000416000000| Untracked 
|  45|0x0000000416800000, 0x0000000417000000, 0x0000000417000000|100%| O|  |TAMS 0x0000000417000000, 0x0000000416800000| Untracked 
|  46|0x0000000417000000, 0x0000000417800000, 0x0000000417800000|100%| O|  |TAMS 0x0000000417800000, 0x0000000417000000| Untracked 
|  47|0x0000000417800000, 0x0000000418000000, 0x0000000418000000|100%| O|  |TAMS 0x0000000418000000, 0x0000000417800000| Untracked 
|  48|0x0000000418000000, 0x0000000418800000, 0x0000000418800000|100%| O|  |TAMS 0x0000000418800000, 0x0000000418000000| Untracked 
|  49|0x0000000418800000, 0x0000000419000000, 0x0000000419000000|100%| O|  |TAMS 0x0000000419000000, 0x0000000418800000| Untracked 
|  50|0x0000000419000000, 0x0000000419800000, 0x0000000419800000|100%| O|  |TAMS 0x0000000419800000, 0x0000000419000000| Untracked 
|  51|0x0000000419800000, 0x000000041a000000, 0x000000041a000000|100%| O|  |TAMS 0x000000041a000000, 0x0000000419800000| Untracked 
|  52|0x000000041a000000, 0x000000041a800000, 0x000000041a800000|100%| O|  |TAMS 0x000000041a800000, 0x000000041a000000| Untracked 
|  53|0x000000041a800000, 0x000000041b000000, 0x000000041b000000|100%| O|  |TAMS 0x000000041b000000, 0x000000041a800000| Untracked 
|  54|0x000000041b000000, 0x000000041b800000, 0x000000041b800000|100%| O|  |TAMS 0x000000041b800000, 0x000000041b000000| Untracked 
|  55|0x000000041b800000, 0x000000041c000000, 0x000000041c000000|100%| O|  |TAMS 0x000000041c000000, 0x000000041b800000| Untracked 
|  56|0x000000041c000000, 0x000000041c800000, 0x000000041c800000|100%| O|  |TAMS 0x000000041c800000, 0x000000041c000000| Untracked 
|  57|0x000000041c800000, 0x000000041d000000, 0x000000041d000000|100%| O|  |TAMS 0x000000041d000000, 0x000000041c800000| Untracked 
|  58|0x000000041d000000, 0x000000041d800000, 0x000000041d800000|100%| O|  |TAMS 0x000000041d800000, 0x000000041d000000| Untracked 
|  59|0x000000041d800000, 0x000000041e000000, 0x000000041e000000|100%| O|  |TAMS 0x000000041e000000, 0x000000041d800000| Untracked 
|  60|0x000000041e000000, 0x000000041e800000, 0x000000041e800000|100%| O|  |TAMS 0x000000041e800000, 0x000000041e000000| Untracked 
|  61|0x000000041e800000, 0x000000041f000000, 0x000000041f000000|100%| O|  |TAMS 0x000000041f000000, 0x000000041e800000| Untracked 
|  62|0x000000041f000000, 0x000000041f800000, 0x000000041f800000|100%| O|  |TAMS 0x000000041f800000, 0x000000041f000000| Untracked 
|  63|0x000000041f800000, 0x0000000420000000, 0x0000000420000000|100%| O|  |TAMS 0x0000000420000000, 0x000000041f800000| Untracked 
|  64|0x0000000420000000, 0x0000000420800000, 0x0000000420800000|100%| O|  |TAMS 0x0000000420800000, 0x0000000420000000| Untracked 
|  65|0x0000000420800000, 0x0000000421000000, 0x0000000421000000|100%| O|  |TAMS 0x0000000421000000, 0x0000000420800000| Untracked 
|  66|0x0000000421000000, 0x0000000421800000, 0x0000000421800000|100%| O|  |TAMS 0x0000000421800000, 0x0000000421000000| Untracked 
|  67|0x0000000421800000, 0x0000000422000000, 0x0000000422000000|100%| O|  |TAMS 0x0000000422000000, 0x0000000421800000| Untracked 
|  68|0x0000000422000000, 0x0000000422800000, 0x0000000422800000|100%| O|  |TAMS 0x0000000422800000, 0x0000000422000000| Untracked 
|  69|0x0000000422800000, 0x0000000423000000, 0x0000000423000000|100%| O|  |TAMS 0x0000000423000000, 0x0000000422800000| Untracked 
|  70|0x0000000423000000, 0x0000000423800000, 0x0000000423800000|100%| O|  |TAMS 0x0000000423800000, 0x0000000423000000| Untracked 
|  71|0x0000000423800000, 0x0000000424000000, 0x0000000424000000|100%| O|  |TAMS 0x0000000424000000, 0x0000000423800000| Untracked 
|  72|0x0000000424000000, 0x0000000424800000, 0x0000000424800000|100%| O|  |TAMS 0x0000000424800000, 0x0000000424000000| Untracked 
|  73|0x0000000424800000, 0x0000000425000000, 0x0000000425000000|100%| O|  |TAMS 0x0000000425000000, 0x0000000424800000| Untracked 
|  74|0x0000000425000000, 0x0000000425800000, 0x0000000425800000|100%| O|  |TAMS 0x0000000425800000, 0x0000000425000000| Untracked 
|  75|0x0000000425800000, 0x0000000426000000, 0x0000000426000000|100%| O|  |TAMS 0x0000000426000000, 0x0000000425800000| Untracked 
|  76|0x0000000426000000, 0x0000000426800000, 0x0000000426800000|100%| O|  |TAMS 0x0000000426800000, 0x0000000426000000| Untracked 
|  77|0x0000000426800000, 0x0000000427000000, 0x0000000427000000|100%| O|  |TAMS 0x0000000427000000, 0x0000000426800000| Untracked 
|  78|0x0000000427000000, 0x0000000427800000, 0x0000000427800000|100%| O|  |TAMS 0x0000000427800000, 0x0000000427000000| Untracked 
|  79|0x0000000427800000, 0x0000000428000000, 0x0000000428000000|100%| O|  |TAMS 0x0000000428000000, 0x0000000427800000| Untracked 
|  80|0x0000000428000000, 0x0000000428800000, 0x0000000428800000|100%| O|  |TAMS 0x0000000428800000, 0x0000000428000000| Untracked 
|  81|0x0000000428800000, 0x0000000429000000, 0x0000000429000000|100%| O|  |TAMS 0x0000000429000000, 0x0000000428800000| Untracked 
|  82|0x0000000429000000, 0x0000000429800000, 0x0000000429800000|100%| O|  |TAMS 0x0000000429800000, 0x0000000429000000| Untracked 
|  83|0x0000000429800000, 0x000000042a000000, 0x000000042a000000|100%| O|  |TAMS 0x000000042a000000, 0x0000000429800000| Untracked 
|  84|0x000000042a000000, 0x000000042a800000, 0x000000042a800000|100%| O|  |TAMS 0x000000042a800000, 0x000000042a000000| Untracked 
|  85|0x000000042a800000, 0x000000042b000000, 0x000000042b000000|100%| O|  |TAMS 0x000000042b000000, 0x000000042a800000| Untracked 
|  86|0x000000042b000000, 0x000000042b800000, 0x000000042b800000|100%| O|  |TAMS 0x000000042b800000, 0x000000042b000000| Untracked 
|  87|0x000000042b800000, 0x000000042c000000, 0x000000042c000000|100%| O|  |TAMS 0x000000042c000000, 0x000000042b800000| Untracked 
|  88|0x000000042c000000, 0x000000042c800000, 0x000000042c800000|100%| O|  |TAMS 0x000000042c800000, 0x000000042c000000| Untracked 
|  89|0x000000042c800000, 0x000000042d000000, 0x000000042d000000|100%| O|  |TAMS 0x000000042d000000, 0x000000042c800000| Untracked 
|  90|0x000000042d000000, 0x000000042d800000, 0x000000042d800000|100%| O|  |TAMS 0x000000042d800000, 0x000000042d000000| Untracked 
|  91|0x000000042d800000, 0x000000042e000000, 0x000000042e000000|100%| O|  |TAMS 0x000000042e000000, 0x000000042d800000| Untracked 
|  92|0x000000042e000000, 0x000000042e800000, 0x000000042e800000|100%| O|  |TAMS 0x000000042e800000, 0x000000042e000000| Untracked 
|  93|0x000000042e800000, 0x000000042f000000, 0x000000042f000000|100%| O|  |TAMS 0x000000042f000000, 0x000000042e800000| Untracked 
|  94|0x000000042f000000, 0x000000042f800000, 0x000000042f800000|100%| O|  |TAMS 0x000000042f800000, 0x000000042f000000| Untracked 
|  95|0x000000042f800000, 0x0000000430000000, 0x0000000430000000|100%| O|  |TAMS 0x0000000430000000, 0x000000042f800000| Untracked 
|  96|0x0000000430000000, 0x0000000430800000, 0x0000000430800000|100%| O|  |TAMS 0x0000000430800000, 0x0000000430000000| Untracked 
|  97|0x0000000430800000, 0x0000000431000000, 0x0000000431000000|100%| O|  |TAMS 0x0000000431000000, 0x0000000430800000| Untracked 
|  98|0x0000000431000000, 0x0000000431800000, 0x0000000431800000|100%| O|  |TAMS 0x0000000431000000, 0x0000000431000000| Untracked 
|  99|0x0000000431800000, 0x0000000432000000, 0x0000000432000000|100%| O|  |TAMS 0x0000000432000000, 0x0000000431800000| Untracked 
| 100|0x0000000432000000, 0x0000000432800000, 0x0000000432800000|100%| O|  |TAMS 0x0000000432800000, 0x0000000432000000| Untracked 
| 101|0x0000000432800000, 0x0000000433000000, 0x0000000433000000|100%| O|  |TAMS 0x0000000433000000, 0x0000000432800000| Untracked 
| 102|0x0000000433000000, 0x0000000433800000, 0x0000000433800000|100%| O|  |TAMS 0x0000000433800000, 0x0000000433000000| Untracked 
| 103|0x0000000433800000, 0x0000000434000000, 0x0000000434000000|100%| O|  |TAMS 0x0000000434000000, 0x0000000433800000| Untracked 
| 104|0x0000000434000000, 0x0000000434800000, 0x0000000434800000|100%| O|  |TAMS 0x0000000434800000, 0x0000000434000000| Untracked 
| 105|0x0000000434800000, 0x0000000435000000, 0x0000000435000000|100%| O|  |TAMS 0x0000000435000000, 0x0000000434800000| Untracked 
| 106|0x0000000435000000, 0x0000000435800000, 0x0000000435800000|100%| O|  |TAMS 0x0000000435800000, 0x0000000435000000| Untracked 
| 107|0x0000000435800000, 0x0000000436000000, 0x0000000436000000|100%| O|  |TAMS 0x0000000436000000, 0x0000000435800000| Untracked 
| 108|0x0000000436000000, 0x0000000436800000, 0x0000000436800000|100%| O|  |TAMS 0x0000000436800000, 0x0000000436000000| Untracked 
| 109|0x0000000436800000, 0x0000000437000000, 0x0000000437000000|100%| O|  |TAMS 0x0000000437000000, 0x0000000436800000| Untracked 
| 110|0x0000000437000000, 0x0000000437800000, 0x0000000437800000|100%| O|  |TAMS 0x0000000437800000, 0x0000000437000000| Untracked 
| 111|0x0000000437800000, 0x0000000438000000, 0x0000000438000000|100%| O|  |TAMS 0x0000000437c39000, 0x0000000437800000| Untracked 
| 112|0x0000000438000000, 0x0000000438800000, 0x0000000438800000|100%| O|  |TAMS 0x0000000438000000, 0x0000000438000000| Untracked 
| 113|0x0000000438800000, 0x0000000439000000, 0x0000000439000000|100%| O|  |TAMS 0x0000000438800000, 0x0000000438800000| Untracked 
| 114|0x0000000439000000, 0x0000000439800000, 0x0000000439800000|100%| O|  |TAMS 0x0000000439000000, 0x0000000439000000| Untracked 
| 115|0x0000000439800000, 0x000000043a000000, 0x000000043a000000|100%| O|  |TAMS 0x0000000439800000, 0x0000000439800000| Untracked 
| 116|0x000000043a000000, 0x000000043a800000, 0x000000043a800000|100%| O|  |TAMS 0x000000043a000000, 0x000000043a000000| Untracked 
| 117|0x000000043a800000, 0x000000043b000000, 0x000000043b000000|100%| O|  |TAMS 0x000000043a800000, 0x000000043a800000| Untracked 
| 118|0x000000043b000000, 0x000000043b800000, 0x000000043b800000|100%| O|  |TAMS 0x000000043b000000, 0x000000043b000000| Untracked 
| 119|0x000000043b800000, 0x000000043c000000, 0x000000043c000000|100%| O|  |TAMS 0x000000043b800000, 0x000000043b800000| Untracked 
| 120|0x000000043c000000, 0x000000043c800000, 0x000000043c800000|100%| O|  |TAMS 0x000000043c000000, 0x000000043c000000| Untracked 
| 121|0x000000043c800000, 0x000000043d000000, 0x000000043d000000|100%| O|  |TAMS 0x000000043c800000, 0x000000043c800000| Untracked 
| 122|0x000000043d000000, 0x000000043d800000, 0x000000043d800000|100%| O|  |TAMS 0x000000043d000000, 0x000000043d000000| Untracked 
| 123|0x000000043d800000, 0x000000043e000000, 0x000000043e000000|100%| O|  |TAMS 0x000000043d800000, 0x000000043d800000| Untracked 
| 124|0x000000043e000000, 0x000000043e800000, 0x000000043e800000|100%| O|  |TAMS 0x000000043e000000, 0x000000043e000000| Untracked 
| 125|0x000000043e800000, 0x000000043f000000, 0x000000043f000000|100%| O|  |TAMS 0x000000043e800000, 0x000000043e800000| Untracked 
| 126|0x000000043f000000, 0x000000043f800000, 0x000000043f800000|100%| O|  |TAMS 0x000000043f000000, 0x000000043f000000| Untracked 
| 127|0x000000043f800000, 0x0000000440000000, 0x0000000440000000|100%| O|  |TAMS 0x000000043f800000, 0x000000043f800000| Untracked 
| 128|0x0000000440000000, 0x0000000440800000, 0x0000000440800000|100%| O|  |TAMS 0x0000000440000000, 0x0000000440000000| Untracked 
| 129|0x0000000440800000, 0x0000000441000000, 0x0000000441000000|100%| O|  |TAMS 0x0000000440800000, 0x0000000440800000| Untracked 
| 130|0x0000000441000000, 0x0000000441800000, 0x0000000441800000|100%| O|  |TAMS 0x0000000441000000, 0x0000000441000000| Untracked 
| 131|0x0000000441800000, 0x0000000442000000, 0x0000000442000000|100%| O|  |TAMS 0x0000000441800000, 0x0000000441800000| Untracked 
| 132|0x0000000442000000, 0x0000000442800000, 0x0000000442800000|100%| O|  |TAMS 0x0000000442000000, 0x0000000442000000| Untracked 
| 133|0x0000000442800000, 0x0000000443000000, 0x0000000443000000|100%| O|  |TAMS 0x0000000442800000, 0x0000000442800000| Untracked 
| 134|0x0000000443000000, 0x0000000443800000, 0x0000000443800000|100%| O|  |TAMS 0x0000000443000000, 0x0000000443000000| Untracked 
| 135|0x0000000443800000, 0x0000000444000000, 0x0000000444000000|100%|HS|  |TAMS 0x0000000443800000, 0x0000000443800000| Complete 
| 136|0x0000000444000000, 0x0000000444800000, 0x0000000444800000|100%| O|  |TAMS 0x0000000444000000, 0x0000000444000000| Untracked 
| 137|0x0000000444800000, 0x0000000445000000, 0x0000000445000000|100%| O|  |TAMS 0x0000000444800000, 0x0000000444800000| Untracked 
| 138|0x0000000445000000, 0x0000000445800000, 0x0000000445800000|100%| O|  |TAMS 0x0000000445000000, 0x0000000445000000| Untracked 
| 139|0x0000000445800000, 0x0000000446000000, 0x0000000446000000|100%| O|  |TAMS 0x0000000445800000, 0x0000000445800000| Untracked 
| 140|0x0000000446000000, 0x0000000446800000, 0x0000000446800000|100%| O|  |TAMS 0x0000000446000000, 0x0000000446000000| Untracked 
| 141|0x0000000446800000, 0x0000000447000000, 0x0000000447000000|100%| O|  |TAMS 0x0000000446800000, 0x0000000446800000| Untracked 
| 142|0x0000000447000000, 0x0000000447800000, 0x0000000447800000|100%| O|  |TAMS 0x0000000447000000, 0x0000000447000000| Untracked 
| 143|0x0000000447800000, 0x0000000448000000, 0x0000000448000000|100%| O|  |TAMS 0x0000000447800000, 0x0000000447800000| Untracked 
| 144|0x0000000448000000, 0x0000000448800000, 0x0000000448800000|100%| O|  |TAMS 0x0000000448000000, 0x0000000448000000| Untracked 
| 145|0x0000000448800000, 0x0000000449000000, 0x0000000449000000|100%| O|  |TAMS 0x0000000448800000, 0x0000000448800000| Untracked 
| 146|0x0000000449000000, 0x0000000449800000, 0x0000000449800000|100%| O|  |TAMS 0x0000000449000000, 0x0000000449000000| Untracked 
| 147|0x0000000449800000, 0x000000044a000000, 0x000000044a000000|100%| O|  |TAMS 0x0000000449800000, 0x0000000449800000| Untracked 
| 148|0x000000044a000000, 0x000000044a800000, 0x000000044a800000|100%| O|  |TAMS 0x000000044a000000, 0x000000044a000000| Untracked 
| 149|0x000000044a800000, 0x000000044b000000, 0x000000044b000000|100%| O|  |TAMS 0x000000044a800000, 0x000000044a800000| Untracked 
| 150|0x000000044b000000, 0x000000044b800000, 0x000000044b800000|100%| O|  |TAMS 0x000000044b000000, 0x000000044b000000| Untracked 
| 151|0x000000044b800000, 0x000000044c000000, 0x000000044c000000|100%| O|  |TAMS 0x000000044b800000, 0x000000044b800000| Untracked 
| 152|0x000000044c000000, 0x000000044c800000, 0x000000044c800000|100%| O|  |TAMS 0x000000044c000000, 0x000000044c000000| Untracked 
| 153|0x000000044c800000, 0x000000044d000000, 0x000000044d000000|100%| O|  |TAMS 0x000000044c800000, 0x000000044c800000| Untracked 
| 154|0x000000044d000000, 0x000000044d800000, 0x000000044d800000|100%| O|  |TAMS 0x000000044d000000, 0x000000044d000000| Untracked 
| 155|0x000000044d800000, 0x000000044e000000, 0x000000044e000000|100%| O|  |TAMS 0x000000044d800000, 0x000000044d800000| Untracked 
| 156|0x000000044e000000, 0x000000044e800000, 0x000000044e800000|100%| O|  |TAMS 0x000000044e000000, 0x000000044e000000| Untracked 
| 157|0x000000044e800000, 0x000000044f000000, 0x000000044f000000|100%| O|  |TAMS 0x000000044e800000, 0x000000044e800000| Untracked 
| 158|0x000000044f000000, 0x000000044f800000, 0x000000044f800000|100%| O|  |TAMS 0x000000044f000000, 0x000000044f000000| Untracked 
| 159|0x000000044f800000, 0x0000000450000000, 0x0000000450000000|100%| O|  |TAMS 0x000000044f800000, 0x000000044f800000| Untracked 
| 160|0x0000000450000000, 0x0000000450800000, 0x0000000450800000|100%| O|  |TAMS 0x0000000450000000, 0x0000000450000000| Untracked 
| 161|0x0000000450800000, 0x0000000451000000, 0x0000000451000000|100%| O|  |TAMS 0x0000000450800000, 0x0000000450800000| Untracked 
| 162|0x0000000451000000, 0x0000000451800000, 0x0000000451800000|100%|HS|  |TAMS 0x0000000451000000, 0x0000000451000000| Complete 
| 163|0x0000000451800000, 0x0000000452000000, 0x0000000452000000|100%|HS|  |TAMS 0x0000000451800000, 0x0000000451800000| Complete 
| 164|0x0000000452000000, 0x0000000452800000, 0x0000000452800000|100%|HS|  |TAMS 0x0000000452000000, 0x0000000452000000| Complete 
| 165|0x0000000452800000, 0x0000000453000000, 0x0000000453000000|100%|HS|  |TAMS 0x0000000452800000, 0x0000000452800000| Complete 
| 166|0x0000000453000000, 0x0000000453800000, 0x0000000453800000|100%|HS|  |TAMS 0x0000000453000000, 0x0000000453000000| Complete 
| 167|0x0000000453800000, 0x0000000454000000, 0x0000000454000000|100%|HC|  |TAMS 0x0000000453800000, 0x0000000453800000| Complete 
| 168|0x0000000454000000, 0x0000000454800000, 0x0000000454800000|100%|HS|  |TAMS 0x0000000454000000, 0x0000000454000000| Complete 
| 169|0x0000000454800000, 0x0000000455000000, 0x0000000455000000|100%|HS|  |TAMS 0x0000000454800000, 0x0000000454800000| Complete 
| 170|0x0000000455000000, 0x0000000455800000, 0x0000000455800000|100%| O|  |TAMS 0x0000000455000000, 0x0000000455000000| Untracked 
| 171|0x0000000455800000, 0x0000000456000000, 0x0000000456000000|100%| O|  |TAMS 0x0000000455800000, 0x0000000455800000| Untracked 
| 172|0x0000000456000000, 0x0000000456800000, 0x0000000456800000|100%| O|  |TAMS 0x0000000456000000, 0x0000000456000000| Untracked 
| 173|0x0000000456800000, 0x0000000457000000, 0x0000000457000000|100%| O|  |TAMS 0x0000000456800000, 0x0000000456800000| Untracked 
| 174|0x0000000457000000, 0x0000000457800000, 0x0000000457800000|100%| O|  |TAMS 0x0000000457000000, 0x0000000457000000| Untracked 
| 175|0x0000000457800000, 0x0000000458000000, 0x0000000458000000|100%| O|  |TAMS 0x0000000457800000, 0x0000000457800000| Untracked 
| 176|0x0000000458000000, 0x0000000458800000, 0x0000000458800000|100%| O|  |TAMS 0x0000000458000000, 0x0000000458000000| Untracked 
| 177|0x0000000458800000, 0x0000000459000000, 0x0000000459000000|100%| O|  |TAMS 0x0000000458800000, 0x0000000458800000| Untracked 
| 178|0x0000000459000000, 0x0000000459800000, 0x0000000459800000|100%| O|  |TAMS 0x0000000459000000, 0x0000000459000000| Untracked 
| 179|0x0000000459800000, 0x000000045a000000, 0x000000045a000000|100%| O|  |TAMS 0x0000000459800000, 0x0000000459800000| Untracked 
| 180|0x000000045a000000, 0x000000045a800000, 0x000000045a800000|100%| O|  |TAMS 0x000000045a000000, 0x000000045a000000| Untracked 
| 181|0x000000045a800000, 0x000000045b000000, 0x000000045b000000|100%| O|  |TAMS 0x000000045a800000, 0x000000045a800000| Untracked 
| 182|0x000000045b000000, 0x000000045b800000, 0x000000045b800000|100%| O|  |TAMS 0x000000045b000000, 0x000000045b000000| Untracked 
| 183|0x000000045b800000, 0x000000045c000000, 0x000000045c000000|100%| O|  |TAMS 0x000000045b800000, 0x000000045b800000| Untracked 
| 184|0x000000045c000000, 0x000000045c800000, 0x000000045c800000|100%| O|  |TAMS 0x000000045c000000, 0x000000045c000000| Untracked 
| 185|0x000000045c800000, 0x000000045d000000, 0x000000045d000000|100%| O|  |TAMS 0x000000045c800000, 0x000000045c800000| Untracked 
| 186|0x000000045d000000, 0x000000045d800000, 0x000000045d800000|100%| O|  |TAMS 0x000000045d000000, 0x000000045d000000| Untracked 
| 187|0x000000045d800000, 0x000000045e000000, 0x000000045e000000|100%| O|  |TAMS 0x000000045d800000, 0x000000045d800000| Untracked 
| 188|0x000000045e000000, 0x000000045e800000, 0x000000045e800000|100%| O|  |TAMS 0x000000045e000000, 0x000000045e000000| Untracked 
| 189|0x000000045e800000, 0x000000045f000000, 0x000000045f000000|100%| O|  |TAMS 0x000000045e800000, 0x000000045e800000| Untracked 
| 190|0x000000045f000000, 0x000000045f800000, 0x000000045f800000|100%| O|  |TAMS 0x000000045f000000, 0x000000045f000000| Untracked 
| 191|0x000000045f800000, 0x0000000460000000, 0x0000000460000000|100%| O|  |TAMS 0x000000045f800000, 0x000000045f800000| Untracked 
| 192|0x0000000460000000, 0x0000000460800000, 0x0000000460800000|100%| O|  |TAMS 0x0000000460000000, 0x0000000460000000| Untracked 
| 193|0x0000000460800000, 0x0000000461000000, 0x0000000461000000|100%| O|  |TAMS 0x0000000460800000, 0x0000000460800000| Untracked 
| 194|0x0000000461000000, 0x0000000461800000, 0x0000000461800000|100%| O|  |TAMS 0x0000000461000000, 0x0000000461000000| Untracked 
| 195|0x0000000461800000, 0x0000000462000000, 0x0000000462000000|100%| O|  |TAMS 0x0000000461800000, 0x0000000461800000| Untracked 
| 196|0x0000000462000000, 0x0000000462800000, 0x0000000462800000|100%| O|  |TAMS 0x0000000462000000, 0x0000000462000000| Untracked 
| 197|0x0000000462800000, 0x0000000463000000, 0x0000000463000000|100%| O|  |TAMS 0x0000000462800000, 0x0000000462800000| Untracked 
| 198|0x0000000463000000, 0x0000000463800000, 0x0000000463800000|100%| O|  |TAMS 0x0000000463000000, 0x0000000463000000| Untracked 
| 199|0x0000000463800000, 0x0000000464000000, 0x0000000464000000|100%| O|  |TAMS 0x0000000463800000, 0x0000000463800000| Untracked 
| 200|0x0000000464000000, 0x0000000464800000, 0x0000000464800000|100%| O|  |TAMS 0x0000000464000000, 0x0000000464000000| Untracked 
| 201|0x0000000464800000, 0x0000000465000000, 0x0000000465000000|100%| O|  |TAMS 0x0000000464800000, 0x0000000464800000| Untracked 
| 202|0x0000000465000000, 0x0000000465800000, 0x0000000465800000|100%| O|  |TAMS 0x0000000465000000, 0x0000000465000000| Untracked 
| 203|0x0000000465800000, 0x0000000466000000, 0x0000000466000000|100%| O|  |TAMS 0x0000000465800000, 0x0000000465800000| Untracked 
| 204|0x0000000466000000, 0x0000000466800000, 0x0000000466800000|100%| O|  |TAMS 0x0000000466000000, 0x0000000466000000| Untracked 
| 205|0x0000000466800000, 0x0000000467000000, 0x0000000467000000|100%|HS|  |TAMS 0x0000000466800000, 0x0000000466800000| Complete 
| 206|0x0000000467000000, 0x0000000467800000, 0x0000000467800000|100%|HS|  |TAMS 0x0000000467000000, 0x0000000467000000| Complete 
| 207|0x0000000467800000, 0x0000000468000000, 0x0000000468000000|100%|HS|  |TAMS 0x0000000467800000, 0x0000000467800000| Complete 
| 208|0x0000000468000000, 0x0000000468800000, 0x0000000468800000|100%|HC|  |TAMS 0x0000000468000000, 0x0000000468000000| Complete 
| 209|0x0000000468800000, 0x0000000469000000, 0x0000000469000000|100%| O|  |TAMS 0x0000000468800000, 0x0000000468800000| Untracked 
| 210|0x0000000469000000, 0x0000000469800000, 0x0000000469800000|100%| O|  |TAMS 0x0000000469000000, 0x0000000469000000| Untracked 
| 211|0x0000000469800000, 0x000000046a000000, 0x000000046a000000|100%| O|  |TAMS 0x0000000469800000, 0x0000000469800000| Untracked 
| 212|0x000000046a000000, 0x000000046a800000, 0x000000046a800000|100%| O|  |TAMS 0x000000046a000000, 0x000000046a000000| Untracked 
| 213|0x000000046a800000, 0x000000046b000000, 0x000000046b000000|100%| O|  |TAMS 0x000000046a800000, 0x000000046a800000| Untracked 
| 214|0x000000046b000000, 0x000000046b800000, 0x000000046b800000|100%| O|  |TAMS 0x000000046b000000, 0x000000046b000000| Untracked 
| 215|0x000000046b800000, 0x000000046c000000, 0x000000046c000000|100%| O|  |TAMS 0x000000046b800000, 0x000000046b800000| Untracked 
| 216|0x000000046c000000, 0x000000046c800000, 0x000000046c800000|100%| O|  |TAMS 0x000000046c000000, 0x000000046c000000| Untracked 
| 217|0x000000046c800000, 0x000000046d000000, 0x000000046d000000|100%| O|  |TAMS 0x000000046c800000, 0x000000046c800000| Untracked 
| 218|0x000000046d000000, 0x000000046d800000, 0x000000046d800000|100%| O|  |TAMS 0x000000046d000000, 0x000000046d000000| Untracked 
| 219|0x000000046d800000, 0x000000046e000000, 0x000000046e000000|100%| O|  |TAMS 0x000000046d800000, 0x000000046d800000| Untracked 
| 220|0x000000046e000000, 0x000000046e800000, 0x000000046e800000|100%| O|  |TAMS 0x000000046e000000, 0x000000046e000000| Untracked 
| 221|0x000000046e800000, 0x000000046f000000, 0x000000046f000000|100%| O|  |TAMS 0x000000046e800000, 0x000000046e800000| Untracked 
| 222|0x000000046f000000, 0x000000046f800000, 0x000000046f800000|100%| O|  |TAMS 0x000000046f000000, 0x000000046f000000| Untracked 
| 223|0x000000046f800000, 0x0000000470000000, 0x0000000470000000|100%| O|  |TAMS 0x000000046f800000, 0x000000046f800000| Untracked 
| 224|0x0000000470000000, 0x0000000470800000, 0x0000000470800000|100%| O|  |TAMS 0x0000000470000000, 0x0000000470000000| Untracked 
| 225|0x0000000470800000, 0x0000000471000000, 0x0000000471000000|100%| O|  |TAMS 0x0000000470800000, 0x0000000470800000| Untracked 
| 226|0x0000000471000000, 0x0000000471800000, 0x0000000471800000|100%| O|  |TAMS 0x0000000471000000, 0x0000000471000000| Untracked 
| 227|0x0000000471800000, 0x0000000472000000, 0x0000000472000000|100%| O|  |TAMS 0x0000000471800000, 0x0000000471800000| Untracked 
| 228|0x0000000472000000, 0x0000000472800000, 0x0000000472800000|100%| O|  |TAMS 0x0000000472000000, 0x0000000472000000| Untracked 
| 229|0x0000000472800000, 0x0000000473000000, 0x0000000473000000|100%| O|  |TAMS 0x0000000472800000, 0x0000000472800000| Untracked 
| 230|0x0000000473000000, 0x0000000473800000, 0x0000000473800000|100%| O|  |TAMS 0x0000000473000000, 0x0000000473000000| Untracked 
| 231|0x0000000473800000, 0x0000000474000000, 0x0000000474000000|100%| O|  |TAMS 0x0000000473800000, 0x0000000473800000| Untracked 
| 232|0x0000000474000000, 0x0000000474800000, 0x0000000474800000|100%| O|  |TAMS 0x0000000474000000, 0x0000000474000000| Untracked 
| 233|0x0000000474800000, 0x0000000475000000, 0x0000000475000000|100%| O|  |TAMS 0x0000000474800000, 0x0000000474800000| Untracked 
| 234|0x0000000475000000, 0x0000000475800000, 0x0000000475800000|100%| O|  |TAMS 0x0000000475000000, 0x0000000475000000| Untracked 
| 235|0x0000000475800000, 0x0000000476000000, 0x0000000476000000|100%| O|  |TAMS 0x0000000475800000, 0x0000000475800000| Untracked 
| 236|0x0000000476000000, 0x0000000476800000, 0x0000000476800000|100%| O|  |TAMS 0x0000000476000000, 0x0000000476000000| Untracked 
| 237|0x0000000476800000, 0x0000000477000000, 0x0000000477000000|100%| O|  |TAMS 0x0000000476800000, 0x0000000476800000| Untracked 
| 238|0x0000000477000000, 0x0000000477800000, 0x0000000477800000|100%| O|  |TAMS 0x0000000477000000, 0x0000000477000000| Untracked 
| 239|0x0000000477800000, 0x0000000478000000, 0x0000000478000000|100%| O|  |TAMS 0x0000000477800000, 0x0000000477800000| Untracked 
| 240|0x0000000478000000, 0x0000000478800000, 0x0000000478800000|100%| O|  |TAMS 0x0000000478000000, 0x0000000478000000| Untracked 
| 241|0x0000000478800000, 0x0000000479000000, 0x0000000479000000|100%| O|  |TAMS 0x0000000478800000, 0x0000000478800000| Untracked 
| 242|0x0000000479000000, 0x0000000479800000, 0x0000000479800000|100%| O|  |TAMS 0x0000000479000000, 0x0000000479000000| Untracked 
| 243|0x0000000479800000, 0x000000047a000000, 0x000000047a000000|100%| O|  |TAMS 0x0000000479800000, 0x0000000479800000| Untracked 
| 244|0x000000047a000000, 0x000000047a800000, 0x000000047a800000|100%| O|  |TAMS 0x000000047a000000, 0x000000047a000000| Untracked 
| 245|0x000000047a800000, 0x000000047b000000, 0x000000047b000000|100%| O|  |TAMS 0x000000047a800000, 0x000000047a800000| Untracked 
| 246|0x000000047b000000, 0x000000047b800000, 0x000000047b800000|100%| O|  |TAMS 0x000000047b000000, 0x000000047b000000| Untracked 
| 247|0x000000047b800000, 0x000000047c000000, 0x000000047c000000|100%| O|  |TAMS 0x000000047b800000, 0x000000047b800000| Untracked 
| 248|0x000000047c000000, 0x000000047c800000, 0x000000047c800000|100%| O|  |TAMS 0x000000047c000000, 0x000000047c000000| Untracked 
| 249|0x000000047c800000, 0x000000047d000000, 0x000000047d000000|100%| O|  |TAMS 0x000000047c800000, 0x000000047c800000| Untracked 
| 250|0x000000047d000000, 0x000000047d800000, 0x000000047d800000|100%| O|  |TAMS 0x000000047d000000, 0x000000047d000000| Untracked 
| 251|0x000000047d800000, 0x000000047e000000, 0x000000047e000000|100%| O|  |TAMS 0x000000047d800000, 0x000000047d800000| Untracked 
| 252|0x000000047e000000, 0x000000047e800000, 0x000000047e800000|100%| O|  |TAMS 0x000000047e000000, 0x000000047e000000| Untracked 
| 253|0x000000047e800000, 0x000000047f000000, 0x000000047f000000|100%| O|  |TAMS 0x000000047e800000, 0x000000047e800000| Untracked 
| 254|0x000000047f000000, 0x000000047f800000, 0x000000047f800000|100%| O|  |TAMS 0x000000047f000000, 0x000000047f000000| Untracked 
| 255|0x000000047f800000, 0x0000000480000000, 0x0000000480000000|100%| O|  |TAMS 0x000000047f800000, 0x000000047f800000| Untracked 
| 256|0x0000000480000000, 0x0000000480800000, 0x0000000480800000|100%| O|  |TAMS 0x0000000480000000, 0x0000000480000000| Untracked 
| 257|0x0000000480800000, 0x0000000481000000, 0x0000000481000000|100%| O|  |TAMS 0x0000000480800000, 0x0000000480800000| Untracked 
| 258|0x0000000481000000, 0x0000000481800000, 0x0000000481800000|100%| O|  |TAMS 0x0000000481000000, 0x0000000481000000| Untracked 
| 259|0x0000000481800000, 0x0000000482000000, 0x0000000482000000|100%| O|  |TAMS 0x0000000481800000, 0x0000000481800000| Untracked 
| 260|0x0000000482000000, 0x0000000482800000, 0x0000000482800000|100%| O|  |TAMS 0x0000000482000000, 0x0000000482000000| Untracked 
| 261|0x0000000482800000, 0x0000000483000000, 0x0000000483000000|100%|HS|  |TAMS 0x0000000482800000, 0x0000000482800000| Complete 
| 262|0x0000000483000000, 0x0000000483800000, 0x0000000483800000|100%|HC|  |TAMS 0x0000000483000000, 0x0000000483000000| Complete 
| 263|0x0000000483800000, 0x0000000484000000, 0x0000000484000000|100%|HS|  |TAMS 0x0000000483800000, 0x0000000483800000| Complete 
| 264|0x0000000484000000, 0x0000000484800000, 0x0000000484800000|100%|HS|  |TAMS 0x0000000484000000, 0x0000000484000000| Complete 
| 265|0x0000000484800000, 0x0000000485000000, 0x0000000485000000|100%|HS|  |TAMS 0x0000000484800000, 0x0000000484800000| Complete 
| 266|0x0000000485000000, 0x0000000485800000, 0x0000000485800000|100%|HS|  |TAMS 0x0000000485000000, 0x0000000485000000| Complete 
| 267|0x0000000485800000, 0x0000000486000000, 0x0000000486000000|100%|HC|  |TAMS 0x0000000485800000, 0x0000000485800000| Complete 
| 268|0x0000000486000000, 0x0000000486800000, 0x0000000486800000|100%| O|  |TAMS 0x0000000486000000, 0x0000000486000000| Untracked 
| 269|0x0000000486800000, 0x0000000487000000, 0x0000000487000000|100%| O|  |TAMS 0x0000000486800000, 0x0000000486800000| Untracked 
| 270|0x0000000487000000, 0x0000000487800000, 0x0000000487800000|100%| O|  |TAMS 0x0000000487000000, 0x0000000487000000| Untracked 
| 271|0x0000000487800000, 0x0000000488000000, 0x0000000488000000|100%| O|  |TAMS 0x0000000487800000, 0x0000000487800000| Untracked 
| 272|0x0000000488000000, 0x0000000488800000, 0x0000000488800000|100%| O|  |TAMS 0x0000000488000000, 0x0000000488000000| Untracked 
| 273|0x0000000488800000, 0x0000000489000000, 0x0000000489000000|100%| O|  |TAMS 0x0000000488800000, 0x0000000488800000| Untracked 
| 274|0x0000000489000000, 0x0000000489800000, 0x0000000489800000|100%| O|  |TAMS 0x0000000489000000, 0x0000000489000000| Untracked 
| 275|0x0000000489800000, 0x000000048a000000, 0x000000048a000000|100%| O|  |TAMS 0x0000000489800000, 0x0000000489800000| Untracked 
| 276|0x000000048a000000, 0x000000048a800000, 0x000000048a800000|100%| O|  |TAMS 0x000000048a000000, 0x000000048a000000| Untracked 
| 277|0x000000048a800000, 0x000000048b000000, 0x000000048b000000|100%| O|  |TAMS 0x000000048a800000, 0x000000048a800000| Untracked 
| 278|0x000000048b000000, 0x000000048b800000, 0x000000048b800000|100%| O|  |TAMS 0x000000048b000000, 0x000000048b000000| Untracked 
| 279|0x000000048b800000, 0x000000048c000000, 0x000000048c000000|100%| O|  |TAMS 0x000000048b800000, 0x000000048b800000| Untracked 
| 280|0x000000048c000000, 0x000000048c800000, 0x000000048c800000|100%| O|  |TAMS 0x000000048c000000, 0x000000048c000000| Untracked 
| 281|0x000000048c800000, 0x000000048d000000, 0x000000048d000000|100%| O|  |TAMS 0x000000048c800000, 0x000000048c800000| Untracked 
| 282|0x000000048d000000, 0x000000048d800000, 0x000000048d800000|100%| O|  |TAMS 0x000000048d000000, 0x000000048d000000| Untracked 
| 283|0x000000048d800000, 0x000000048e000000, 0x000000048e000000|100%| O|  |TAMS 0x000000048d800000, 0x000000048d800000| Untracked 
| 284|0x000000048e000000, 0x000000048e800000, 0x000000048e800000|100%| O|  |TAMS 0x000000048e000000, 0x000000048e000000| Untracked 
| 285|0x000000048e800000, 0x000000048f000000, 0x000000048f000000|100%| O|  |TAMS 0x000000048e800000, 0x000000048e800000| Untracked 
| 286|0x000000048f000000, 0x000000048f800000, 0x000000048f800000|100%| O|  |TAMS 0x000000048f000000, 0x000000048f000000| Untracked 
| 287|0x000000048f800000, 0x0000000490000000, 0x0000000490000000|100%| O|  |TAMS 0x000000048f800000, 0x000000048f800000| Untracked 
| 288|0x0000000490000000, 0x0000000490800000, 0x0000000490800000|100%| O|  |TAMS 0x0000000490000000, 0x0000000490000000| Untracked 
| 289|0x0000000490800000, 0x0000000491000000, 0x0000000491000000|100%| O|  |TAMS 0x0000000490800000, 0x0000000490800000| Untracked 
| 290|0x0000000491000000, 0x0000000491800000, 0x0000000491800000|100%| O|  |TAMS 0x0000000491000000, 0x0000000491000000| Untracked 
| 291|0x0000000491800000, 0x0000000492000000, 0x0000000492000000|100%| O|  |TAMS 0x0000000491800000, 0x0000000491800000| Untracked 
| 292|0x0000000492000000, 0x0000000492800000, 0x0000000492800000|100%| O|  |TAMS 0x0000000492000000, 0x0000000492000000| Untracked 
| 293|0x0000000492800000, 0x0000000493000000, 0x0000000493000000|100%| O|  |TAMS 0x0000000492800000, 0x0000000492800000| Untracked 
| 294|0x0000000493000000, 0x0000000493800000, 0x0000000493800000|100%| O|  |TAMS 0x0000000493000000, 0x0000000493000000| Untracked 
| 295|0x0000000493800000, 0x0000000494000000, 0x0000000494000000|100%| O|  |TAMS 0x0000000493800000, 0x0000000493800000| Untracked 
| 296|0x0000000494000000, 0x0000000494800000, 0x0000000494800000|100%| O|  |TAMS 0x0000000494000000, 0x0000000494000000| Untracked 
| 297|0x0000000494800000, 0x0000000495000000, 0x0000000495000000|100%| O|  |TAMS 0x0000000494800000, 0x0000000494800000| Untracked 
| 298|0x0000000495000000, 0x0000000495800000, 0x0000000495800000|100%| O|  |TAMS 0x0000000495000000, 0x0000000495000000| Untracked 
| 299|0x0000000495800000, 0x0000000496000000, 0x0000000496000000|100%| O|  |TAMS 0x0000000495800000, 0x0000000495800000| Untracked 
| 300|0x0000000496000000, 0x0000000496800000, 0x0000000496800000|100%| O|  |TAMS 0x0000000496000000, 0x0000000496000000| Untracked 
| 301|0x0000000496800000, 0x0000000497000000, 0x0000000497000000|100%| O|  |TAMS 0x0000000496800000, 0x0000000496800000| Untracked 
| 302|0x0000000497000000, 0x0000000497800000, 0x0000000497800000|100%| O|  |TAMS 0x0000000497000000, 0x0000000497000000| Untracked 
| 303|0x0000000497800000, 0x0000000498000000, 0x0000000498000000|100%| O|  |TAMS 0x0000000497800000, 0x0000000497800000| Untracked 
| 304|0x0000000498000000, 0x0000000498800000, 0x0000000498800000|100%| O|  |TAMS 0x0000000498000000, 0x0000000498000000| Untracked 
| 305|0x0000000498800000, 0x0000000499000000, 0x0000000499000000|100%| O|  |TAMS 0x0000000498800000, 0x0000000498800000| Untracked 
| 306|0x0000000499000000, 0x0000000499800000, 0x0000000499800000|100%| O|  |TAMS 0x0000000499000000, 0x0000000499000000| Untracked 
| 307|0x0000000499800000, 0x000000049a000000, 0x000000049a000000|100%| O|  |TAMS 0x0000000499800000, 0x0000000499800000| Untracked 
| 308|0x000000049a000000, 0x000000049a800000, 0x000000049a800000|100%| O|  |TAMS 0x000000049a000000, 0x000000049a000000| Untracked 
| 309|0x000000049a800000, 0x000000049b000000, 0x000000049b000000|100%| O|  |TAMS 0x000000049a800000, 0x000000049a800000| Untracked 
| 310|0x000000049b000000, 0x000000049b800000, 0x000000049b800000|100%| O|  |TAMS 0x000000049b000000, 0x000000049b000000| Untracked 
| 311|0x000000049b800000, 0x000000049c000000, 0x000000049c000000|100%| O|  |TAMS 0x000000049b800000, 0x000000049b800000| Untracked 
| 312|0x000000049c000000, 0x000000049c800000, 0x000000049c800000|100%| O|  |TAMS 0x000000049c000000, 0x000000049c000000| Untracked 
| 313|0x000000049c800000, 0x000000049d000000, 0x000000049d000000|100%| O|  |TAMS 0x000000049c800000, 0x000000049c800000| Untracked 
| 314|0x000000049d000000, 0x000000049d800000, 0x000000049d800000|100%| O|  |TAMS 0x000000049d000000, 0x000000049d000000| Untracked 
| 315|0x000000049d800000, 0x000000049e000000, 0x000000049e000000|100%| O|  |TAMS 0x000000049d800000, 0x000000049d800000| Untracked 
| 316|0x000000049e000000, 0x000000049e800000, 0x000000049e800000|100%| O|  |TAMS 0x000000049e000000, 0x000000049e000000| Untracked 
| 317|0x000000049e800000, 0x000000049f000000, 0x000000049f000000|100%| O|  |TAMS 0x000000049e800000, 0x000000049e800000| Untracked 
| 318|0x000000049f000000, 0x000000049f800000, 0x000000049f800000|100%| O|  |TAMS 0x000000049f000000, 0x000000049f000000| Untracked 
| 319|0x000000049f800000, 0x00000004a0000000, 0x00000004a0000000|100%| O|  |TAMS 0x000000049f800000, 0x000000049f800000| Untracked 
| 320|0x00000004a0000000, 0x00000004a0800000, 0x00000004a0800000|100%| O|  |TAMS 0x00000004a0000000, 0x00000004a0000000| Untracked 
| 321|0x00000004a0800000, 0x00000004a1000000, 0x00000004a1000000|100%| O|  |TAMS 0x00000004a0800000, 0x00000004a0800000| Untracked 
| 322|0x00000004a1000000, 0x00000004a1800000, 0x00000004a1800000|100%| O|  |TAMS 0x00000004a1000000, 0x00000004a1000000| Untracked 
| 323|0x00000004a1800000, 0x00000004a2000000, 0x00000004a2000000|100%| O|  |TAMS 0x00000004a1800000, 0x00000004a1800000| Untracked 
| 324|0x00000004a2000000, 0x00000004a2800000, 0x00000004a2800000|100%| O|  |TAMS 0x00000004a2000000, 0x00000004a2000000| Untracked 
| 325|0x00000004a2800000, 0x00000004a3000000, 0x00000004a3000000|100%| O|  |TAMS 0x00000004a2800000, 0x00000004a2800000| Untracked 
| 326|0x00000004a3000000, 0x00000004a3800000, 0x00000004a3800000|100%| O|  |TAMS 0x00000004a3000000, 0x00000004a3000000| Untracked 
| 327|0x00000004a3800000, 0x00000004a4000000, 0x00000004a4000000|100%| O|  |TAMS 0x00000004a3800000, 0x00000004a3800000| Untracked 
| 328|0x00000004a4000000, 0x00000004a4800000, 0x00000004a4800000|100%| O|  |TAMS 0x00000004a4000000, 0x00000004a4000000| Untracked 
| 329|0x00000004a4800000, 0x00000004a5000000, 0x00000004a5000000|100%| O|  |TAMS 0x00000004a4800000, 0x00000004a4800000| Untracked 
| 330|0x00000004a5000000, 0x00000004a5800000, 0x00000004a5800000|100%| O|  |TAMS 0x00000004a5000000, 0x00000004a5000000| Untracked 
| 331|0x00000004a5800000, 0x00000004a6000000, 0x00000004a6000000|100%| O|  |TAMS 0x00000004a5800000, 0x00000004a5800000| Untracked 
| 332|0x00000004a6000000, 0x00000004a6800000, 0x00000004a6800000|100%| O|  |TAMS 0x00000004a6000000, 0x00000004a6000000| Untracked 
| 333|0x00000004a6800000, 0x00000004a7000000, 0x00000004a7000000|100%| O|  |TAMS 0x00000004a6800000, 0x00000004a6800000| Untracked 
| 334|0x00000004a7000000, 0x00000004a7800000, 0x00000004a7800000|100%| O|  |TAMS 0x00000004a7000000, 0x00000004a7000000| Untracked 
| 335|0x00000004a7800000, 0x00000004a8000000, 0x00000004a8000000|100%| O|  |TAMS 0x00000004a7800000, 0x00000004a7800000| Untracked 
| 336|0x00000004a8000000, 0x00000004a8800000, 0x00000004a8800000|100%| O|  |TAMS 0x00000004a8000000, 0x00000004a8000000| Untracked 
| 337|0x00000004a8800000, 0x00000004a9000000, 0x00000004a9000000|100%| O|  |TAMS 0x00000004a8800000, 0x00000004a8800000| Untracked 
| 338|0x00000004a9000000, 0x00000004a9800000, 0x00000004a9800000|100%| O|  |TAMS 0x00000004a9000000, 0x00000004a9000000| Untracked 
| 339|0x00000004a9800000, 0x00000004aa000000, 0x00000004aa000000|100%| O|  |TAMS 0x00000004a9800000, 0x00000004a9800000| Untracked 
| 340|0x00000004aa000000, 0x00000004aa800000, 0x00000004aa800000|100%| O|  |TAMS 0x00000004aa000000, 0x00000004aa000000| Untracked 
| 341|0x00000004aa800000, 0x00000004ab000000, 0x00000004ab000000|100%| O|  |TAMS 0x00000004aa800000, 0x00000004aa800000| Untracked 
| 342|0x00000004ab000000, 0x00000004ab800000, 0x00000004ab800000|100%| O|  |TAMS 0x00000004ab000000, 0x00000004ab000000| Untracked 
| 343|0x00000004ab800000, 0x00000004ac000000, 0x00000004ac000000|100%| O|  |TAMS 0x00000004ab800000, 0x00000004ab800000| Untracked 
| 344|0x00000004ac000000, 0x00000004ac800000, 0x00000004ac800000|100%| O|  |TAMS 0x00000004ac000000, 0x00000004ac000000| Untracked 
| 345|0x00000004ac800000, 0x00000004ad000000, 0x00000004ad000000|100%| O|  |TAMS 0x00000004ac800000, 0x00000004ac800000| Untracked 
| 346|0x00000004ad000000, 0x00000004ad800000, 0x00000004ad800000|100%| O|  |TAMS 0x00000004ad000000, 0x00000004ad000000| Untracked 
| 347|0x00000004ad800000, 0x00000004ae000000, 0x00000004ae000000|100%| O|  |TAMS 0x00000004ad800000, 0x00000004ad800000| Untracked 
| 348|0x00000004ae000000, 0x00000004ae800000, 0x00000004ae800000|100%| O|  |TAMS 0x00000004ae000000, 0x00000004ae000000| Untracked 
| 349|0x00000004ae800000, 0x00000004af000000, 0x00000004af000000|100%| O|  |TAMS 0x00000004ae800000, 0x00000004ae800000| Untracked 
| 350|0x00000004af000000, 0x00000004af800000, 0x00000004af800000|100%| O|  |TAMS 0x00000004af000000, 0x00000004af000000| Untracked 
| 351|0x00000004af800000, 0x00000004b0000000, 0x00000004b0000000|100%| O|  |TAMS 0x00000004af800000, 0x00000004af800000| Untracked 
| 352|0x00000004b0000000, 0x00000004b0800000, 0x00000004b0800000|100%| O|  |TAMS 0x00000004b0000000, 0x00000004b0000000| Untracked 
| 353|0x00000004b0800000, 0x00000004b1000000, 0x00000004b1000000|100%| O|  |TAMS 0x00000004b0800000, 0x00000004b0800000| Untracked 
| 354|0x00000004b1000000, 0x00000004b1800000, 0x00000004b1800000|100%| O|  |TAMS 0x00000004b1000000, 0x00000004b1000000| Untracked 
| 355|0x00000004b1800000, 0x00000004b2000000, 0x00000004b2000000|100%| O|  |TAMS 0x00000004b1800000, 0x00000004b1800000| Untracked 
| 356|0x00000004b2000000, 0x00000004b2800000, 0x00000004b2800000|100%| O|  |TAMS 0x00000004b2000000, 0x00000004b2000000| Untracked 
| 357|0x00000004b2800000, 0x00000004b3000000, 0x00000004b3000000|100%| O|  |TAMS 0x00000004b2800000, 0x00000004b2800000| Untracked 
| 358|0x00000004b3000000, 0x00000004b3800000, 0x00000004b3800000|100%| O|  |TAMS 0x00000004b3000000, 0x00000004b3000000| Untracked 
| 359|0x00000004b3800000, 0x00000004b4000000, 0x00000004b4000000|100%| O|  |TAMS 0x00000004b3800000, 0x00000004b3800000| Untracked 
| 360|0x00000004b4000000, 0x00000004b4800000, 0x00000004b4800000|100%| O|  |TAMS 0x00000004b4000000, 0x00000004b4000000| Untracked 
| 361|0x00000004b4800000, 0x00000004b5000000, 0x00000004b5000000|100%| O|  |TAMS 0x00000004b4800000, 0x00000004b4800000| Untracked 
| 362|0x00000004b5000000, 0x00000004b5800000, 0x00000004b5800000|100%| O|  |TAMS 0x00000004b5000000, 0x00000004b5000000| Untracked 
| 363|0x00000004b5800000, 0x00000004b6000000, 0x00000004b6000000|100%| O|  |TAMS 0x00000004b5800000, 0x00000004b5800000| Untracked 
| 364|0x00000004b6000000, 0x00000004b6800000, 0x00000004b6800000|100%| O|  |TAMS 0x00000004b6000000, 0x00000004b6000000| Untracked 
| 365|0x00000004b6800000, 0x00000004b7000000, 0x00000004b7000000|100%| O|  |TAMS 0x00000004b6800000, 0x00000004b6800000| Untracked 
| 366|0x00000004b7000000, 0x00000004b7800000, 0x00000004b7800000|100%| O|  |TAMS 0x00000004b7000000, 0x00000004b7000000| Untracked 
| 367|0x00000004b7800000, 0x00000004b8000000, 0x00000004b8000000|100%| O|  |TAMS 0x00000004b7800000, 0x00000004b7800000| Untracked 
| 368|0x00000004b8000000, 0x00000004b8800000, 0x00000004b8800000|100%| O|  |TAMS 0x00000004b8000000, 0x00000004b8000000| Untracked 
| 369|0x00000004b8800000, 0x00000004b9000000, 0x00000004b9000000|100%| O|  |TAMS 0x00000004b8800000, 0x00000004b8800000| Untracked 
| 370|0x00000004b9000000, 0x00000004b9800000, 0x00000004b9800000|100%| O|  |TAMS 0x00000004b9000000, 0x00000004b9000000| Untracked 
| 371|0x00000004b9800000, 0x00000004ba000000, 0x00000004ba000000|100%| O|  |TAMS 0x00000004b9800000, 0x00000004b9800000| Untracked 
| 372|0x00000004ba000000, 0x00000004ba800000, 0x00000004ba800000|100%| O|  |TAMS 0x00000004ba000000, 0x00000004ba000000| Untracked 
| 373|0x00000004ba800000, 0x00000004bb000000, 0x00000004bb000000|100%| O|  |TAMS 0x00000004ba800000, 0x00000004ba800000| Untracked 
| 374|0x00000004bb000000, 0x00000004bb800000, 0x00000004bb800000|100%| O|  |TAMS 0x00000004bb000000, 0x00000004bb000000| Untracked 
| 375|0x00000004bb800000, 0x00000004bc000000, 0x00000004bc000000|100%| O|  |TAMS 0x00000004bb800000, 0x00000004bb800000| Untracked 
| 376|0x00000004bc000000, 0x00000004bc800000, 0x00000004bc800000|100%| O|  |TAMS 0x00000004bc000000, 0x00000004bc000000| Untracked 
| 377|0x00000004bc800000, 0x00000004bd000000, 0x00000004bd000000|100%| O|  |TAMS 0x00000004bc800000, 0x00000004bc800000| Untracked 
| 378|0x00000004bd000000, 0x00000004bd800000, 0x00000004bd800000|100%| O|  |TAMS 0x00000004bd000000, 0x00000004bd000000| Untracked 
| 379|0x00000004bd800000, 0x00000004be000000, 0x00000004be000000|100%| O|  |TAMS 0x00000004bd800000, 0x00000004bd800000| Untracked 
| 380|0x00000004be000000, 0x00000004be800000, 0x00000004be800000|100%| O|  |TAMS 0x00000004be000000, 0x00000004be000000| Untracked 
| 381|0x00000004be800000, 0x00000004bf000000, 0x00000004bf000000|100%| O|  |TAMS 0x00000004be800000, 0x00000004be800000| Untracked 
| 382|0x00000004bf000000, 0x00000004bf800000, 0x00000004bf800000|100%| O|  |TAMS 0x00000004bf000000, 0x00000004bf000000| Untracked 
| 383|0x00000004bf800000, 0x00000004c0000000, 0x00000004c0000000|100%| O|  |TAMS 0x00000004bf800000, 0x00000004bf800000| Untracked 
| 384|0x00000004c0000000, 0x00000004c0800000, 0x00000004c0800000|100%| O|  |TAMS 0x00000004c0000000, 0x00000004c0000000| Untracked 
| 385|0x00000004c0800000, 0x00000004c1000000, 0x00000004c1000000|100%| O|  |TAMS 0x00000004c0800000, 0x00000004c0800000| Untracked 
| 386|0x00000004c1000000, 0x00000004c1800000, 0x00000004c1800000|100%| O|  |TAMS 0x00000004c1000000, 0x00000004c1000000| Untracked 
| 387|0x00000004c1800000, 0x00000004c2000000, 0x00000004c2000000|100%| O|  |TAMS 0x00000004c1800000, 0x00000004c1800000| Untracked 
| 388|0x00000004c2000000, 0x00000004c2800000, 0x00000004c2800000|100%| O|  |TAMS 0x00000004c2000000, 0x00000004c2000000| Untracked 
| 389|0x00000004c2800000, 0x00000004c3000000, 0x00000004c3000000|100%| O|  |TAMS 0x00000004c2800000, 0x00000004c2800000| Untracked 
| 390|0x00000004c3000000, 0x00000004c3800000, 0x00000004c3800000|100%| O|  |TAMS 0x00000004c3000000, 0x00000004c3000000| Untracked 
| 391|0x00000004c3800000, 0x00000004c4000000, 0x00000004c4000000|100%| O|  |TAMS 0x00000004c3800000, 0x00000004c3800000| Untracked 
| 392|0x00000004c4000000, 0x00000004c4800000, 0x00000004c4800000|100%| O|  |TAMS 0x00000004c4000000, 0x00000004c4000000| Untracked 
| 393|0x00000004c4800000, 0x00000004c5000000, 0x00000004c5000000|100%| O|  |TAMS 0x00000004c4800000, 0x00000004c4800000| Untracked 
| 394|0x00000004c5000000, 0x00000004c5800000, 0x00000004c5800000|100%| O|  |TAMS 0x00000004c5000000, 0x00000004c5000000| Untracked 
| 395|0x00000004c5800000, 0x00000004c6000000, 0x00000004c6000000|100%| O|  |TAMS 0x00000004c5800000, 0x00000004c5800000| Untracked 
| 396|0x00000004c6000000, 0x00000004c6800000, 0x00000004c6800000|100%| O|  |TAMS 0x00000004c6000000, 0x00000004c6000000| Untracked 
| 397|0x00000004c6800000, 0x00000004c7000000, 0x00000004c7000000|100%| O|  |TAMS 0x00000004c6800000, 0x00000004c6800000| Untracked 
| 398|0x00000004c7000000, 0x00000004c759a800, 0x00000004c7800000| 70%| O|  |TAMS 0x00000004c7000000, 0x00000004c7000000| Untracked 
| 399|0x00000004c7800000, 0x00000004c7800000, 0x00000004c8000000|  0%| F|  |TAMS 0x00000004c7800000, 0x00000004c7800000| Untracked 
| 400|0x00000004c8000000, 0x00000004c8000000, 0x00000004c8800000|  0%| F|  |TAMS 0x00000004c8000000, 0x00000004c8000000| Untracked 
| 401|0x00000004c8800000, 0x00000004c8800000, 0x00000004c9000000|  0%| F|  |TAMS 0x00000004c8800000, 0x00000004c8800000| Untracked 
| 402|0x00000004c9000000, 0x00000004c9000000, 0x00000004c9800000|  0%| F|  |TAMS 0x00000004c9000000, 0x00000004c9000000| Untracked 
| 403|0x00000004c9800000, 0x00000004c9800000, 0x00000004ca000000|  0%| F|  |TAMS 0x00000004c9800000, 0x00000004c9800000| Untracked 
| 404|0x00000004ca000000, 0x00000004ca000000, 0x00000004ca800000|  0%| F|  |TAMS 0x00000004ca000000, 0x00000004ca000000| Untracked 
| 405|0x00000004ca800000, 0x00000004ca800000, 0x00000004cb000000|  0%| F|  |TAMS 0x00000004ca800000, 0x00000004ca800000| Untracked 
| 406|0x00000004cb000000, 0x00000004cb000000, 0x00000004cb800000|  0%| F|  |TAMS 0x00000004cb000000, 0x00000004cb000000| Untracked 
| 407|0x00000004cb800000, 0x00000004cb800000, 0x00000004cc000000|  0%| F|  |TAMS 0x00000004cb800000, 0x00000004cb800000| Untracked 
| 408|0x00000004cc000000, 0x00000004cc000000, 0x00000004cc800000|  0%| F|  |TAMS 0x00000004cc000000, 0x00000004cc000000| Untracked 
| 409|0x00000004cc800000, 0x00000004cc800000, 0x00000004cd000000|  0%| F|  |TAMS 0x00000004cc800000, 0x00000004cc800000| Untracked 
| 410|0x00000004cd000000, 0x00000004cd000000, 0x00000004cd800000|  0%| F|  |TAMS 0x00000004cd000000, 0x00000004cd000000| Untracked 
| 411|0x00000004cd800000, 0x00000004cd800000, 0x00000004ce000000|  0%| F|  |TAMS 0x00000004cd800000, 0x00000004cd800000| Untracked 
| 412|0x00000004ce000000, 0x00000004ce000000, 0x00000004ce800000|  0%| F|  |TAMS 0x00000004ce000000, 0x00000004ce000000| Untracked 
| 413|0x00000004ce800000, 0x00000004ce800000, 0x00000004cf000000|  0%| F|  |TAMS 0x00000004ce800000, 0x00000004ce800000| Untracked 
| 414|0x00000004cf000000, 0x00000004cf000000, 0x00000004cf800000|  0%| F|  |TAMS 0x00000004cf000000, 0x00000004cf000000| Untracked 
| 415|0x00000004cf800000, 0x00000004cf800000, 0x00000004d0000000|  0%| F|  |TAMS 0x00000004cf800000, 0x00000004cf800000| Untracked 
| 416|0x00000004d0000000, 0x00000004d0000000, 0x00000004d0800000|  0%| F|  |TAMS 0x00000004d0000000, 0x00000004d0000000| Untracked 
| 417|0x00000004d0800000, 0x00000004d0800000, 0x00000004d1000000|  0%| F|  |TAMS 0x00000004d0800000, 0x00000004d0800000| Untracked 
| 418|0x00000004d1000000, 0x00000004d1000000, 0x00000004d1800000|  0%| F|  |TAMS 0x00000004d1000000, 0x00000004d1000000| Untracked 
| 419|0x00000004d1800000, 0x00000004d1800000, 0x00000004d2000000|  0%| F|  |TAMS 0x00000004d1800000, 0x00000004d1800000| Untracked 
| 420|0x00000004d2000000, 0x00000004d2000000, 0x00000004d2800000|  0%| F|  |TAMS 0x00000004d2000000, 0x00000004d2000000| Untracked 
| 421|0x00000004d2800000, 0x00000004d2800000, 0x00000004d3000000|  0%| F|  |TAMS 0x00000004d2800000, 0x00000004d2800000| Untracked 
| 422|0x00000004d3000000, 0x00000004d3000000, 0x00000004d3800000|  0%| F|  |TAMS 0x00000004d3000000, 0x00000004d3000000| Untracked 
| 423|0x00000004d3800000, 0x00000004d3800000, 0x00000004d4000000|  0%| F|  |TAMS 0x00000004d3800000, 0x00000004d3800000| Untracked 
| 424|0x00000004d4000000, 0x00000004d4000000, 0x00000004d4800000|  0%| F|  |TAMS 0x00000004d4000000, 0x00000004d4000000| Untracked 
| 425|0x00000004d4800000, 0x00000004d4800000, 0x00000004d5000000|  0%| F|  |TAMS 0x00000004d4800000, 0x00000004d4800000| Untracked 
| 426|0x00000004d5000000, 0x00000004d5000000, 0x00000004d5800000|  0%| F|  |TAMS 0x00000004d5000000, 0x00000004d5000000| Untracked 
| 427|0x00000004d5800000, 0x00000004d5800000, 0x00000004d6000000|  0%| F|  |TAMS 0x00000004d5800000, 0x00000004d5800000| Untracked 
| 428|0x00000004d6000000, 0x00000004d6000000, 0x00000004d6800000|  0%| F|  |TAMS 0x00000004d6000000, 0x00000004d6000000| Untracked 
| 429|0x00000004d6800000, 0x00000004d6800000, 0x00000004d7000000|  0%| F|  |TAMS 0x00000004d6800000, 0x00000004d6800000| Untracked 
| 430|0x00000004d7000000, 0x00000004d7000000, 0x00000004d7800000|  0%| F|  |TAMS 0x00000004d7000000, 0x00000004d7000000| Untracked 
| 431|0x00000004d7800000, 0x00000004d7800000, 0x00000004d8000000|  0%| F|  |TAMS 0x00000004d7800000, 0x00000004d7800000| Untracked 
| 432|0x00000004d8000000, 0x00000004d8000000, 0x00000004d8800000|  0%| F|  |TAMS 0x00000004d8000000, 0x00000004d8000000| Untracked 
| 433|0x00000004d8800000, 0x00000004d8800000, 0x00000004d9000000|  0%| F|  |TAMS 0x00000004d8800000, 0x00000004d8800000| Untracked 
| 434|0x00000004d9000000, 0x00000004d9000000, 0x00000004d9800000|  0%| F|  |TAMS 0x00000004d9000000, 0x00000004d9000000| Untracked 
| 435|0x00000004d9800000, 0x00000004d9800000, 0x00000004da000000|  0%| F|  |TAMS 0x00000004d9800000, 0x00000004d9800000| Untracked 
| 436|0x00000004da000000, 0x00000004da000000, 0x00000004da800000|  0%| F|  |TAMS 0x00000004da000000, 0x00000004da000000| Untracked 
| 437|0x00000004da800000, 0x00000004da800000, 0x00000004db000000|  0%| F|  |TAMS 0x00000004da800000, 0x00000004da800000| Untracked 
| 438|0x00000004db000000, 0x00000004db000000, 0x00000004db800000|  0%| F|  |TAMS 0x00000004db000000, 0x00000004db000000| Untracked 
| 439|0x00000004db800000, 0x00000004db800000, 0x00000004dc000000|  0%| F|  |TAMS 0x00000004db800000, 0x00000004db800000| Untracked 
| 440|0x00000004dc000000, 0x00000004dc000000, 0x00000004dc800000|  0%| F|  |TAMS 0x00000004dc000000, 0x00000004dc000000| Untracked 
| 441|0x00000004dc800000, 0x00000004dc800000, 0x00000004dd000000|  0%| F|  |TAMS 0x00000004dc800000, 0x00000004dc800000| Untracked 
| 442|0x00000004dd000000, 0x00000004dd000000, 0x00000004dd800000|  0%| F|  |TAMS 0x00000004dd000000, 0x00000004dd000000| Untracked 
| 443|0x00000004dd800000, 0x00000004dd800000, 0x00000004de000000|  0%| F|  |TAMS 0x00000004dd800000, 0x00000004dd800000| Untracked 
| 444|0x00000004de000000, 0x00000004de000000, 0x00000004de800000|  0%| F|  |TAMS 0x00000004de000000, 0x00000004de000000| Untracked 
| 445|0x00000004de800000, 0x00000004de800000, 0x00000004df000000|  0%| F|  |TAMS 0x00000004de800000, 0x00000004de800000| Untracked 
| 446|0x00000004df000000, 0x00000004df000000, 0x00000004df800000|  0%| F|  |TAMS 0x00000004df000000, 0x00000004df000000| Untracked 
| 447|0x00000004df800000, 0x00000004df800000, 0x00000004e0000000|  0%| F|  |TAMS 0x00000004df800000, 0x00000004df800000| Untracked 
| 448|0x00000004e0000000, 0x00000004e0000000, 0x00000004e0800000|  0%| F|  |TAMS 0x00000004e0000000, 0x00000004e0000000| Untracked 
| 449|0x00000004e0800000, 0x00000004e0800000, 0x00000004e1000000|  0%| F|  |TAMS 0x00000004e0800000, 0x00000004e0800000| Untracked 
| 450|0x00000004e1000000, 0x00000004e1000000, 0x00000004e1800000|  0%| F|  |TAMS 0x00000004e1000000, 0x00000004e1000000| Untracked 
| 451|0x00000004e1800000, 0x00000004e1800000, 0x00000004e2000000|  0%| F|  |TAMS 0x00000004e1800000, 0x00000004e1800000| Untracked 
| 452|0x00000004e2000000, 0x00000004e2000000, 0x00000004e2800000|  0%| F|  |TAMS 0x00000004e2000000, 0x00000004e2000000| Untracked 
| 453|0x00000004e2800000, 0x00000004e2800000, 0x00000004e3000000|  0%| F|  |TAMS 0x00000004e2800000, 0x00000004e2800000| Untracked 
| 454|0x00000004e3000000, 0x00000004e3000000, 0x00000004e3800000|  0%| F|  |TAMS 0x00000004e3000000, 0x00000004e3000000| Untracked 
| 455|0x00000004e3800000, 0x00000004e3800000, 0x00000004e4000000|  0%| F|  |TAMS 0x00000004e3800000, 0x00000004e3800000| Untracked 
| 456|0x00000004e4000000, 0x00000004e4000000, 0x00000004e4800000|  0%| F|  |TAMS 0x00000004e4000000, 0x00000004e4000000| Untracked 
| 457|0x00000004e4800000, 0x00000004e4800000, 0x00000004e5000000|  0%| F|  |TAMS 0x00000004e4800000, 0x00000004e4800000| Untracked 
| 458|0x00000004e5000000, 0x00000004e5000000, 0x00000004e5800000|  0%| F|  |TAMS 0x00000004e5000000, 0x00000004e5000000| Untracked 
| 459|0x00000004e5800000, 0x00000004e5800000, 0x00000004e6000000|  0%| F|  |TAMS 0x00000004e5800000, 0x00000004e5800000| Untracked 
| 460|0x00000004e6000000, 0x00000004e6000000, 0x00000004e6800000|  0%| F|  |TAMS 0x00000004e6000000, 0x00000004e6000000| Untracked 
| 461|0x00000004e6800000, 0x00000004e6800000, 0x00000004e7000000|  0%| F|  |TAMS 0x00000004e6800000, 0x00000004e6800000| Untracked 
| 462|0x00000004e7000000, 0x00000004e7000000, 0x00000004e7800000|  0%| F|  |TAMS 0x00000004e7000000, 0x00000004e7000000| Untracked 
| 463|0x00000004e7800000, 0x00000004e7800000, 0x00000004e8000000|  0%| F|  |TAMS 0x00000004e7800000, 0x00000004e7800000| Untracked 
| 464|0x00000004e8000000, 0x00000004e8000000, 0x00000004e8800000|  0%| F|  |TAMS 0x00000004e8000000, 0x00000004e8000000| Untracked 
| 465|0x00000004e8800000, 0x00000004e8800000, 0x00000004e9000000|  0%| F|  |TAMS 0x00000004e8800000, 0x00000004e8800000| Untracked 
| 466|0x00000004e9000000, 0x00000004e9000000, 0x00000004e9800000|  0%| F|  |TAMS 0x00000004e9000000, 0x00000004e9000000| Untracked 
| 467|0x00000004e9800000, 0x00000004e9800000, 0x00000004ea000000|  0%| F|  |TAMS 0x00000004e9800000, 0x00000004e9800000| Untracked 
| 468|0x00000004ea000000, 0x00000004ea000000, 0x00000004ea800000|  0%| F|  |TAMS 0x00000004ea000000, 0x00000004ea000000| Untracked 
| 469|0x00000004ea800000, 0x00000004ea800000, 0x00000004eb000000|  0%| F|  |TAMS 0x00000004ea800000, 0x00000004ea800000| Untracked 
| 470|0x00000004eb000000, 0x00000004eb000000, 0x00000004eb800000|  0%| F|  |TAMS 0x00000004eb000000, 0x00000004eb000000| Untracked 
| 471|0x00000004eb800000, 0x00000004eb800000, 0x00000004ec000000|  0%| F|  |TAMS 0x00000004eb800000, 0x00000004eb800000| Untracked 
| 472|0x00000004ec000000, 0x00000004ec000000, 0x00000004ec800000|  0%| F|  |TAMS 0x00000004ec000000, 0x00000004ec000000| Untracked 
| 473|0x00000004ec800000, 0x00000004ec800000, 0x00000004ed000000|  0%| F|  |TAMS 0x00000004ec800000, 0x00000004ec800000| Untracked 
| 474|0x00000004ed000000, 0x00000004ed000000, 0x00000004ed800000|  0%| F|  |TAMS 0x00000004ed000000, 0x00000004ed000000| Untracked 
| 475|0x00000004ed800000, 0x00000004ed800000, 0x00000004ee000000|  0%| F|  |TAMS 0x00000004ed800000, 0x00000004ed800000| Untracked 
| 476|0x00000004ee000000, 0x00000004ee000000, 0x00000004ee800000|  0%| F|  |TAMS 0x00000004ee000000, 0x00000004ee000000| Untracked 
| 477|0x00000004ee800000, 0x00000004ee800000, 0x00000004ef000000|  0%| F|  |TAMS 0x00000004ee800000, 0x00000004ee800000| Untracked 
| 478|0x00000004ef000000, 0x00000004ef000000, 0x00000004ef800000|  0%| F|  |TAMS 0x00000004ef000000, 0x00000004ef000000| Untracked 
| 479|0x00000004ef800000, 0x00000004ef800000, 0x00000004f0000000|  0%| F|  |TAMS 0x00000004ef800000, 0x00000004ef800000| Untracked 
| 480|0x00000004f0000000, 0x00000004f0000000, 0x00000004f0800000|  0%| F|  |TAMS 0x00000004f0000000, 0x00000004f0000000| Untracked 
| 481|0x00000004f0800000, 0x00000004f0800000, 0x00000004f1000000|  0%| F|  |TAMS 0x00000004f0800000, 0x00000004f0800000| Untracked 
| 482|0x00000004f1000000, 0x00000004f1000000, 0x00000004f1800000|  0%| F|  |TAMS 0x00000004f1000000, 0x00000004f1000000| Untracked 
| 483|0x00000004f1800000, 0x00000004f1800000, 0x00000004f2000000|  0%| F|  |TAMS 0x00000004f1800000, 0x00000004f1800000| Untracked 
| 484|0x00000004f2000000, 0x00000004f2000000, 0x00000004f2800000|  0%| F|  |TAMS 0x00000004f2000000, 0x00000004f2000000| Untracked 
| 485|0x00000004f2800000, 0x00000004f2800000, 0x00000004f3000000|  0%| F|  |TAMS 0x00000004f2800000, 0x00000004f2800000| Untracked 
| 486|0x00000004f3000000, 0x00000004f3000000, 0x00000004f3800000|  0%| F|  |TAMS 0x00000004f3000000, 0x00000004f3000000| Untracked 
| 487|0x00000004f3800000, 0x00000004f3800000, 0x00000004f4000000|  0%| F|  |TAMS 0x00000004f3800000, 0x00000004f3800000| Untracked 
| 488|0x00000004f4000000, 0x00000004f4000000, 0x00000004f4800000|  0%| F|  |TAMS 0x00000004f4000000, 0x00000004f4000000| Untracked 
| 489|0x00000004f4800000, 0x00000004f4800000, 0x00000004f5000000|  0%| F|  |TAMS 0x00000004f4800000, 0x00000004f4800000| Untracked 
| 490|0x00000004f5000000, 0x00000004f5000000, 0x00000004f5800000|  0%| F|  |TAMS 0x00000004f5000000, 0x00000004f5000000| Untracked 
| 491|0x00000004f5800000, 0x00000004f5800000, 0x00000004f6000000|  0%| F|  |TAMS 0x00000004f5800000, 0x00000004f5800000| Untracked 
| 492|0x00000004f6000000, 0x00000004f6000000, 0x00000004f6800000|  0%| F|  |TAMS 0x00000004f6000000, 0x00000004f6000000| Untracked 
| 493|0x00000004f6800000, 0x00000004f6800000, 0x00000004f7000000|  0%| F|  |TAMS 0x00000004f6800000, 0x00000004f6800000| Untracked 
| 494|0x00000004f7000000, 0x00000004f7000000, 0x00000004f7800000|  0%| F|  |TAMS 0x00000004f7000000, 0x00000004f7000000| Untracked 
| 495|0x00000004f7800000, 0x00000004f7800000, 0x00000004f8000000|  0%| F|  |TAMS 0x00000004f7800000, 0x00000004f7800000| Untracked 
| 496|0x00000004f8000000, 0x00000004f8000000, 0x00000004f8800000|  0%| F|  |TAMS 0x00000004f8000000, 0x00000004f8000000| Untracked 
| 497|0x00000004f8800000, 0x00000004f8800000, 0x00000004f9000000|  0%| F|  |TAMS 0x00000004f8800000, 0x00000004f8800000| Untracked 
| 498|0x00000004f9000000, 0x00000004f9000000, 0x00000004f9800000|  0%| F|  |TAMS 0x00000004f9000000, 0x00000004f9000000| Untracked 
| 499|0x00000004f9800000, 0x00000004f9800000, 0x00000004fa000000|  0%| F|  |TAMS 0x00000004f9800000, 0x00000004f9800000| Untracked 
| 500|0x00000004fa000000, 0x00000004fa000000, 0x00000004fa800000|  0%| F|  |TAMS 0x00000004fa000000, 0x00000004fa000000| Untracked 
| 501|0x00000004fa800000, 0x00000004fa800000, 0x00000004fb000000|  0%| F|  |TAMS 0x00000004fa800000, 0x00000004fa800000| Untracked 
| 502|0x00000004fb000000, 0x00000004fb000000, 0x00000004fb800000|  0%| F|  |TAMS 0x00000004fb000000, 0x00000004fb000000| Untracked 
| 503|0x00000004fb800000, 0x00000004fb800000, 0x00000004fc000000|  0%| F|  |TAMS 0x00000004fb800000, 0x00000004fb800000| Untracked 
| 504|0x00000004fc000000, 0x00000004fc000000, 0x00000004fc800000|  0%| F|  |TAMS 0x00000004fc000000, 0x00000004fc000000| Untracked 
| 505|0x00000004fc800000, 0x00000004fc800000, 0x00000004fd000000|  0%| F|  |TAMS 0x00000004fc800000, 0x00000004fc800000| Untracked 
| 506|0x00000004fd000000, 0x00000004fd000000, 0x00000004fd800000|  0%| F|  |TAMS 0x00000004fd000000, 0x00000004fd000000| Untracked 
| 507|0x00000004fd800000, 0x00000004fd800000, 0x00000004fe000000|  0%| F|  |TAMS 0x00000004fd800000, 0x00000004fd800000| Untracked 
| 508|0x00000004fe000000, 0x00000004fe000000, 0x00000004fe800000|  0%| F|  |TAMS 0x00000004fe000000, 0x00000004fe000000| Untracked 
| 509|0x00000004fe800000, 0x00000004fe800000, 0x00000004ff000000|  0%| F|  |TAMS 0x00000004fe800000, 0x00000004fe800000| Untracked 
| 510|0x00000004ff000000, 0x00000004ff000000, 0x00000004ff800000|  0%| F|  |TAMS 0x00000004ff000000, 0x00000004ff000000| Untracked 
| 511|0x00000004ff800000, 0x00000004ff800000, 0x0000000500000000|  0%| F|  |TAMS 0x00000004ff800000, 0x00000004ff800000| Untracked 
| 512|0x0000000500000000, 0x0000000500000000, 0x0000000500800000|  0%| F|  |TAMS 0x0000000500000000, 0x0000000500000000| Untracked 
| 513|0x0000000500800000, 0x0000000500800000, 0x0000000501000000|  0%| F|  |TAMS 0x0000000500800000, 0x0000000500800000| Untracked 
| 514|0x0000000501000000, 0x0000000501000000, 0x0000000501800000|  0%| F|  |TAMS 0x0000000501000000, 0x0000000501000000| Untracked 
| 515|0x0000000501800000, 0x0000000501800000, 0x0000000502000000|  0%| F|  |TAMS 0x0000000501800000, 0x0000000501800000| Untracked 
| 516|0x0000000502000000, 0x0000000502000000, 0x0000000502800000|  0%| F|  |TAMS 0x0000000502000000, 0x0000000502000000| Untracked 
| 517|0x0000000502800000, 0x0000000502800000, 0x0000000503000000|  0%| F|  |TAMS 0x0000000502800000, 0x0000000502800000| Untracked 
| 518|0x0000000503000000, 0x0000000503000000, 0x0000000503800000|  0%| F|  |TAMS 0x0000000503000000, 0x0000000503000000| Untracked 
| 519|0x0000000503800000, 0x0000000503800000, 0x0000000504000000|  0%| F|  |TAMS 0x0000000503800000, 0x0000000503800000| Untracked 
| 520|0x0000000504000000, 0x0000000504000000, 0x0000000504800000|  0%| F|  |TAMS 0x0000000504000000, 0x0000000504000000| Untracked 
| 521|0x0000000504800000, 0x0000000504800000, 0x0000000505000000|  0%| F|  |TAMS 0x0000000504800000, 0x0000000504800000| Untracked 
| 522|0x0000000505000000, 0x0000000505000000, 0x0000000505800000|  0%| F|  |TAMS 0x0000000505000000, 0x0000000505000000| Untracked 
| 523|0x0000000505800000, 0x0000000505800000, 0x0000000506000000|  0%| F|  |TAMS 0x0000000505800000, 0x0000000505800000| Untracked 
| 524|0x0000000506000000, 0x0000000506000000, 0x0000000506800000|  0%| F|  |TAMS 0x0000000506000000, 0x0000000506000000| Untracked 
| 525|0x0000000506800000, 0x0000000506800000, 0x0000000507000000|  0%| F|  |TAMS 0x0000000506800000, 0x0000000506800000| Untracked 
| 526|0x0000000507000000, 0x0000000507000000, 0x0000000507800000|  0%| F|  |TAMS 0x0000000507000000, 0x0000000507000000| Untracked 
| 527|0x0000000507800000, 0x0000000507800000, 0x0000000508000000|  0%| F|  |TAMS 0x0000000507800000, 0x0000000507800000| Untracked 
| 528|0x0000000508000000, 0x0000000508000000, 0x0000000508800000|  0%| F|  |TAMS 0x0000000508000000, 0x0000000508000000| Untracked 
| 529|0x0000000508800000, 0x0000000508800000, 0x0000000509000000|  0%| F|  |TAMS 0x0000000508800000, 0x0000000508800000| Untracked 
| 530|0x0000000509000000, 0x0000000509000000, 0x0000000509800000|  0%| F|  |TAMS 0x0000000509000000, 0x0000000509000000| Untracked 
| 531|0x0000000509800000, 0x0000000509800000, 0x000000050a000000|  0%| F|  |TAMS 0x0000000509800000, 0x0000000509800000| Untracked 
| 532|0x000000050a000000, 0x000000050a45e110, 0x000000050a800000| 54%| S|CS|TAMS 0x000000050a000000, 0x000000050a000000| Complete 
| 533|0x000000050a800000, 0x000000050b000000, 0x000000050b000000|100%| S|CS|TAMS 0x000000050a800000, 0x000000050a800000| Complete 
| 534|0x000000050b000000, 0x000000050b800000, 0x000000050b800000|100%| S|CS|TAMS 0x000000050b000000, 0x000000050b000000| Complete 
| 535|0x000000050b800000, 0x000000050c000000, 0x000000050c000000|100%| S|CS|TAMS 0x000000050b800000, 0x000000050b800000| Complete 
| 536|0x000000050c000000, 0x000000050c800000, 0x000000050c800000|100%| S|CS|TAMS 0x000000050c000000, 0x000000050c000000| Complete 
| 537|0x000000050c800000, 0x000000050d000000, 0x000000050d000000|100%| S|CS|TAMS 0x000000050c800000, 0x000000050c800000| Complete 
| 538|0x000000050d000000, 0x000000050d800000, 0x000000050d800000|100%| S|CS|TAMS 0x000000050d000000, 0x000000050d000000| Complete 
| 539|0x000000050d800000, 0x000000050e000000, 0x000000050e000000|100%| S|CS|TAMS 0x000000050d800000, 0x000000050d800000| Complete 
| 540|0x000000050e000000, 0x000000050e800000, 0x000000050e800000|100%| S|CS|TAMS 0x000000050e000000, 0x000000050e000000| Complete 
| 541|0x000000050e800000, 0x000000050f000000, 0x000000050f000000|100%| S|CS|TAMS 0x000000050e800000, 0x000000050e800000| Complete 
| 542|0x000000050f000000, 0x000000050f800000, 0x000000050f800000|100%| S|CS|TAMS 0x000000050f000000, 0x000000050f000000| Complete 
| 543|0x000000050f800000, 0x0000000510000000, 0x0000000510000000|100%| S|CS|TAMS 0x000000050f800000, 0x000000050f800000| Complete 
| 544|0x0000000510000000, 0x0000000510000000, 0x0000000510800000|  0%| F|  |TAMS 0x0000000510000000, 0x0000000510000000| Untracked 
| 545|0x0000000510800000, 0x0000000510800000, 0x0000000511000000|  0%| F|  |TAMS 0x0000000510800000, 0x0000000510800000| Untracked 
| 546|0x0000000511000000, 0x0000000511000000, 0x0000000511800000|  0%| F|  |TAMS 0x0000000511000000, 0x0000000511000000| Untracked 
| 547|0x0000000511800000, 0x0000000511800000, 0x0000000512000000|  0%| F|  |TAMS 0x0000000511800000, 0x0000000511800000| Untracked 
| 548|0x0000000512000000, 0x0000000512000000, 0x0000000512800000|  0%| F|  |TAMS 0x0000000512000000, 0x0000000512000000| Untracked 
| 549|0x0000000512800000, 0x0000000512800000, 0x0000000513000000|  0%| F|  |TAMS 0x0000000512800000, 0x0000000512800000| Untracked 
| 550|0x0000000513000000, 0x0000000513000000, 0x0000000513800000|  0%| F|  |TAMS 0x0000000513000000, 0x0000000513000000| Untracked 
| 551|0x0000000513800000, 0x0000000513800000, 0x0000000514000000|  0%| F|  |TAMS 0x0000000513800000, 0x0000000513800000| Untracked 
| 552|0x0000000514000000, 0x0000000514000000, 0x0000000514800000|  0%| F|  |TAMS 0x0000000514000000, 0x0000000514000000| Untracked 
| 553|0x0000000514800000, 0x0000000514800000, 0x0000000515000000|  0%| F|  |TAMS 0x0000000514800000, 0x0000000514800000| Untracked 
| 554|0x0000000515000000, 0x0000000515000000, 0x0000000515800000|  0%| F|  |TAMS 0x0000000515000000, 0x0000000515000000| Untracked 
| 555|0x0000000515800000, 0x0000000515800000, 0x0000000516000000|  0%| F|  |TAMS 0x0000000515800000, 0x0000000515800000| Untracked 
| 556|0x0000000516000000, 0x0000000516000000, 0x0000000516800000|  0%| F|  |TAMS 0x0000000516000000, 0x0000000516000000| Untracked 
| 557|0x0000000516800000, 0x0000000516800000, 0x0000000517000000|  0%| F|  |TAMS 0x0000000516800000, 0x0000000516800000| Untracked 
| 558|0x0000000517000000, 0x0000000517000000, 0x0000000517800000|  0%| F|  |TAMS 0x0000000517000000, 0x0000000517000000| Untracked 
| 559|0x0000000517800000, 0x0000000517800000, 0x0000000518000000|  0%| F|  |TAMS 0x0000000517800000, 0x0000000517800000| Untracked 
| 560|0x0000000518000000, 0x0000000518000000, 0x0000000518800000|  0%| F|  |TAMS 0x0000000518000000, 0x0000000518000000| Untracked 
| 561|0x0000000518800000, 0x0000000518800000, 0x0000000519000000|  0%| F|  |TAMS 0x0000000518800000, 0x0000000518800000| Untracked 
| 562|0x0000000519000000, 0x0000000519000000, 0x0000000519800000|  0%| F|  |TAMS 0x0000000519000000, 0x0000000519000000| Untracked 
| 563|0x0000000519800000, 0x0000000519800000, 0x000000051a000000|  0%| F|  |TAMS 0x0000000519800000, 0x0000000519800000| Untracked 
| 564|0x000000051a000000, 0x000000051a000000, 0x000000051a800000|  0%| F|  |TAMS 0x000000051a000000, 0x000000051a000000| Untracked 
| 565|0x000000051a800000, 0x000000051a800000, 0x000000051b000000|  0%| F|  |TAMS 0x000000051a800000, 0x000000051a800000| Untracked 
| 566|0x000000051b000000, 0x000000051b000000, 0x000000051b800000|  0%| F|  |TAMS 0x000000051b000000, 0x000000051b000000| Untracked 
| 567|0x000000051b800000, 0x000000051b800000, 0x000000051c000000|  0%| F|  |TAMS 0x000000051b800000, 0x000000051b800000| Untracked 
| 568|0x000000051c000000, 0x000000051c800000, 0x000000051c800000|100%| S|CS|TAMS 0x000000051c000000, 0x000000051c000000| Complete 
| 569|0x000000051c800000, 0x000000051d000000, 0x000000051d000000|100%| S|CS|TAMS 0x000000051c800000, 0x000000051c800000| Complete 
| 570|0x000000051d000000, 0x000000051d800000, 0x000000051d800000|100%| S|CS|TAMS 0x000000051d000000, 0x000000051d000000| Complete 
| 571|0x000000051d800000, 0x000000051e000000, 0x000000051e000000|100%| S|CS|TAMS 0x000000051d800000, 0x000000051d800000| Complete 
| 572|0x000000051e000000, 0x000000051e800000, 0x000000051e800000|100%| S|CS|TAMS 0x000000051e000000, 0x000000051e000000| Complete 
| 573|0x000000051e800000, 0x000000051f000000, 0x000000051f000000|100%| S|CS|TAMS 0x000000051e800000, 0x000000051e800000| Complete 
| 574|0x000000051f000000, 0x000000051f800000, 0x000000051f800000|100%| S|CS|TAMS 0x000000051f000000, 0x000000051f000000| Complete 
| 575|0x000000051f800000, 0x0000000520000000, 0x0000000520000000|100%| S|CS|TAMS 0x000000051f800000, 0x000000051f800000| Complete 
| 576|0x0000000520000000, 0x0000000520800000, 0x0000000520800000|100%| S|CS|TAMS 0x0000000520000000, 0x0000000520000000| Complete 
| 577|0x0000000520800000, 0x0000000521000000, 0x0000000521000000|100%| S|CS|TAMS 0x0000000520800000, 0x0000000520800000| Complete 
| 578|0x0000000521000000, 0x0000000521800000, 0x0000000521800000|100%| S|CS|TAMS 0x0000000521000000, 0x0000000521000000| Complete 
| 579|0x0000000521800000, 0x0000000522000000, 0x0000000522000000|100%| S|CS|TAMS 0x0000000521800000, 0x0000000521800000| Complete 
| 580|0x0000000522000000, 0x0000000522800000, 0x0000000522800000|100%| S|CS|TAMS 0x0000000522000000, 0x0000000522000000| Complete 
| 581|0x0000000522800000, 0x0000000523000000, 0x0000000523000000|100%| S|CS|TAMS 0x0000000522800000, 0x0000000522800000| Complete 
| 582|0x0000000523000000, 0x0000000523800000, 0x0000000523800000|100%| S|CS|TAMS 0x0000000523000000, 0x0000000523000000| Complete 
| 583|0x0000000523800000, 0x0000000524000000, 0x0000000524000000|100%| S|CS|TAMS 0x0000000523800000, 0x0000000523800000| Complete 
| 584|0x0000000524000000, 0x0000000524000000, 0x0000000524800000|  0%| F|  |TAMS 0x0000000524000000, 0x0000000524000000| Untracked 
| 585|0x0000000524800000, 0x0000000524800000, 0x0000000525000000|  0%| F|  |TAMS 0x0000000524800000, 0x0000000524800000| Untracked 
| 586|0x0000000525000000, 0x0000000525000000, 0x0000000525800000|  0%| F|  |TAMS 0x0000000525000000, 0x0000000525000000| Untracked 
| 587|0x0000000525800000, 0x0000000525800000, 0x0000000526000000|  0%| F|  |TAMS 0x0000000525800000, 0x0000000525800000| Untracked 
| 588|0x0000000526000000, 0x0000000526000000, 0x0000000526800000|  0%| F|  |TAMS 0x0000000526000000, 0x0000000526000000| Untracked 
| 589|0x0000000526800000, 0x0000000526800000, 0x0000000527000000|  0%| F|  |TAMS 0x0000000526800000, 0x0000000526800000| Untracked 
| 590|0x0000000527000000, 0x0000000527000000, 0x0000000527800000|  0%| F|  |TAMS 0x0000000527000000, 0x0000000527000000| Untracked 
| 591|0x0000000527800000, 0x0000000527800000, 0x0000000528000000|  0%| F|  |TAMS 0x0000000527800000, 0x0000000527800000| Untracked 
| 592|0x0000000528000000, 0x0000000528000000, 0x0000000528800000|  0%| F|  |TAMS 0x0000000528000000, 0x0000000528000000| Untracked 
| 593|0x0000000528800000, 0x0000000528800000, 0x0000000529000000|  0%| F|  |TAMS 0x0000000528800000, 0x0000000528800000| Untracked 
| 594|0x0000000529000000, 0x0000000529000000, 0x0000000529800000|  0%| F|  |TAMS 0x0000000529000000, 0x0000000529000000| Untracked 
| 595|0x0000000529800000, 0x0000000529800000, 0x000000052a000000|  0%| F|  |TAMS 0x0000000529800000, 0x0000000529800000| Untracked 
| 596|0x000000052a000000, 0x000000052a000000, 0x000000052a800000|  0%| F|  |TAMS 0x000000052a000000, 0x000000052a000000| Untracked 
| 597|0x000000052a800000, 0x000000052a800000, 0x000000052b000000|  0%| F|  |TAMS 0x000000052a800000, 0x000000052a800000| Untracked 
| 598|0x000000052b000000, 0x000000052b000000, 0x000000052b800000|  0%| F|  |TAMS 0x000000052b000000, 0x000000052b000000| Untracked 
| 599|0x000000052b800000, 0x000000052b800000, 0x000000052c000000|  0%| F|  |TAMS 0x000000052b800000, 0x000000052b800000| Untracked 
| 600|0x000000052c000000, 0x000000052c000000, 0x000000052c800000|  0%| F|  |TAMS 0x000000052c000000, 0x000000052c000000| Untracked 
| 601|0x000000052c800000, 0x000000052c800000, 0x000000052d000000|  0%| F|  |TAMS 0x000000052c800000, 0x000000052c800000| Untracked 
| 602|0x000000052d000000, 0x000000052d000000, 0x000000052d800000|  0%| F|  |TAMS 0x000000052d000000, 0x000000052d000000| Untracked 
| 603|0x000000052d800000, 0x000000052d800000, 0x000000052e000000|  0%| F|  |TAMS 0x000000052d800000, 0x000000052d800000| Untracked 
| 604|0x000000052e000000, 0x000000052e000000, 0x000000052e800000|  0%| F|  |TAMS 0x000000052e000000, 0x000000052e000000| Untracked 
| 605|0x000000052e800000, 0x000000052e800000, 0x000000052f000000|  0%| F|  |TAMS 0x000000052e800000, 0x000000052e800000| Untracked 
| 606|0x000000052f000000, 0x000000052f000000, 0x000000052f800000|  0%| F|  |TAMS 0x000000052f000000, 0x000000052f000000| Untracked 
| 607|0x000000052f800000, 0x000000052f800000, 0x0000000530000000|  0%| F|  |TAMS 0x000000052f800000, 0x000000052f800000| Untracked 
| 608|0x0000000530000000, 0x0000000530000000, 0x0000000530800000|  0%| F|  |TAMS 0x0000000530000000, 0x0000000530000000| Untracked 
| 609|0x0000000530800000, 0x0000000530800000, 0x0000000531000000|  0%| F|  |TAMS 0x0000000530800000, 0x0000000530800000| Untracked 
| 610|0x0000000531000000, 0x0000000531000000, 0x0000000531800000|  0%| F|  |TAMS 0x0000000531000000, 0x0000000531000000| Untracked 
| 611|0x0000000531800000, 0x0000000531800000, 0x0000000532000000|  0%| F|  |TAMS 0x0000000531800000, 0x0000000531800000| Untracked 
| 612|0x0000000532000000, 0x0000000532000000, 0x0000000532800000|  0%| F|  |TAMS 0x0000000532000000, 0x0000000532000000| Untracked 
| 613|0x0000000532800000, 0x0000000532800000, 0x0000000533000000|  0%| F|  |TAMS 0x0000000532800000, 0x0000000532800000| Untracked 
| 614|0x0000000533000000, 0x0000000533000000, 0x0000000533800000|  0%| F|  |TAMS 0x0000000533000000, 0x0000000533000000| Untracked 
| 615|0x0000000533800000, 0x0000000533800000, 0x0000000534000000|  0%| F|  |TAMS 0x0000000533800000, 0x0000000533800000| Untracked 
| 616|0x0000000534000000, 0x0000000534000000, 0x0000000534800000|  0%| F|  |TAMS 0x0000000534000000, 0x0000000534000000| Untracked 
| 617|0x0000000534800000, 0x0000000534800000, 0x0000000535000000|  0%| F|  |TAMS 0x0000000534800000, 0x0000000534800000| Untracked 
| 618|0x0000000535000000, 0x0000000535000000, 0x0000000535800000|  0%| F|  |TAMS 0x0000000535000000, 0x0000000535000000| Untracked 
| 619|0x0000000535800000, 0x0000000535800000, 0x0000000536000000|  0%| F|  |TAMS 0x0000000535800000, 0x0000000535800000| Untracked 
| 620|0x0000000536000000, 0x0000000536000000, 0x0000000536800000|  0%| F|  |TAMS 0x0000000536000000, 0x0000000536000000| Untracked 
| 621|0x0000000536800000, 0x0000000536800000, 0x0000000537000000|  0%| F|  |TAMS 0x0000000536800000, 0x0000000536800000| Untracked 
| 622|0x0000000537000000, 0x0000000537000000, 0x0000000537800000|  0%| F|  |TAMS 0x0000000537000000, 0x0000000537000000| Untracked 
| 623|0x0000000537800000, 0x0000000537800000, 0x0000000538000000|  0%| F|  |TAMS 0x0000000537800000, 0x0000000537800000| Untracked 
| 624|0x0000000538000000, 0x0000000538000000, 0x0000000538800000|  0%| F|  |TAMS 0x0000000538000000, 0x0000000538000000| Untracked 
| 625|0x0000000538800000, 0x0000000538800000, 0x0000000539000000|  0%| F|  |TAMS 0x0000000538800000, 0x0000000538800000| Untracked 
| 626|0x0000000539000000, 0x0000000539000000, 0x0000000539800000|  0%| F|  |TAMS 0x0000000539000000, 0x0000000539000000| Untracked 
| 627|0x0000000539800000, 0x0000000539800000, 0x000000053a000000|  0%| F|  |TAMS 0x0000000539800000, 0x0000000539800000| Untracked 
| 628|0x000000053a000000, 0x000000053a000000, 0x000000053a800000|  0%| F|  |TAMS 0x000000053a000000, 0x000000053a000000| Untracked 
| 629|0x000000053a800000, 0x000000053a800000, 0x000000053b000000|  0%| F|  |TAMS 0x000000053a800000, 0x000000053a800000| Untracked 
| 630|0x000000053b000000, 0x000000053b000000, 0x000000053b800000|  0%| F|  |TAMS 0x000000053b000000, 0x000000053b000000| Untracked 
| 631|0x000000053b800000, 0x000000053b800000, 0x000000053c000000|  0%| F|  |TAMS 0x000000053b800000, 0x000000053b800000| Untracked 
| 632|0x000000053c000000, 0x000000053c000000, 0x000000053c800000|  0%| F|  |TAMS 0x000000053c000000, 0x000000053c000000| Untracked 
| 633|0x000000053c800000, 0x000000053c800000, 0x000000053d000000|  0%| F|  |TAMS 0x000000053c800000, 0x000000053c800000| Untracked 
| 634|0x000000053d000000, 0x000000053d000000, 0x000000053d800000|  0%| F|  |TAMS 0x000000053d000000, 0x000000053d000000| Untracked 
| 635|0x000000053d800000, 0x000000053d800000, 0x000000053e000000|  0%| F|  |TAMS 0x000000053d800000, 0x000000053d800000| Untracked 
| 636|0x000000053e000000, 0x000000053e000000, 0x000000053e800000|  0%| F|  |TAMS 0x000000053e000000, 0x000000053e000000| Untracked 
| 637|0x000000053e800000, 0x000000053e800000, 0x000000053f000000|  0%| F|  |TAMS 0x000000053e800000, 0x000000053e800000| Untracked 
| 638|0x000000053f000000, 0x000000053f000000, 0x000000053f800000|  0%| F|  |TAMS 0x000000053f000000, 0x000000053f000000| Untracked 
| 639|0x000000053f800000, 0x000000053f800000, 0x0000000540000000|  0%| F|  |TAMS 0x000000053f800000, 0x000000053f800000| Untracked 
| 640|0x0000000540000000, 0x0000000540000000, 0x0000000540800000|  0%| F|  |TAMS 0x0000000540000000, 0x0000000540000000| Untracked 
| 641|0x0000000540800000, 0x0000000540800000, 0x0000000541000000|  0%| F|  |TAMS 0x0000000540800000, 0x0000000540800000| Untracked 
| 642|0x0000000541000000, 0x0000000541000000, 0x0000000541800000|  0%| F|  |TAMS 0x0000000541000000, 0x0000000541000000| Untracked 
| 643|0x0000000541800000, 0x0000000541800000, 0x0000000542000000|  0%| F|  |TAMS 0x0000000541800000, 0x0000000541800000| Untracked 
| 644|0x0000000542000000, 0x0000000542000000, 0x0000000542800000|  0%| F|  |TAMS 0x0000000542000000, 0x0000000542000000| Untracked 
| 645|0x0000000542800000, 0x0000000542800000, 0x0000000543000000|  0%| F|  |TAMS 0x0000000542800000, 0x0000000542800000| Untracked 
| 646|0x0000000543000000, 0x0000000543000000, 0x0000000543800000|  0%| F|  |TAMS 0x0000000543000000, 0x0000000543000000| Untracked 
| 647|0x0000000543800000, 0x0000000543800000, 0x0000000544000000|  0%| F|  |TAMS 0x0000000543800000, 0x0000000543800000| Untracked 
| 648|0x0000000544000000, 0x0000000544000000, 0x0000000544800000|  0%| F|  |TAMS 0x0000000544000000, 0x0000000544000000| Untracked 
| 649|0x0000000544800000, 0x0000000544800000, 0x0000000545000000|  0%| F|  |TAMS 0x0000000544800000, 0x0000000544800000| Untracked 
| 650|0x0000000545000000, 0x0000000545000000, 0x0000000545800000|  0%| F|  |TAMS 0x0000000545000000, 0x0000000545000000| Untracked 
| 651|0x0000000545800000, 0x0000000545800000, 0x0000000546000000|  0%| F|  |TAMS 0x0000000545800000, 0x0000000545800000| Untracked 
| 652|0x0000000546000000, 0x0000000546000000, 0x0000000546800000|  0%| F|  |TAMS 0x0000000546000000, 0x0000000546000000| Untracked 
| 653|0x0000000546800000, 0x0000000546800000, 0x0000000547000000|  0%| F|  |TAMS 0x0000000546800000, 0x0000000546800000| Untracked 
| 654|0x0000000547000000, 0x0000000547000000, 0x0000000547800000|  0%| F|  |TAMS 0x0000000547000000, 0x0000000547000000| Untracked 
| 655|0x0000000547800000, 0x0000000547800000, 0x0000000548000000|  0%| F|  |TAMS 0x0000000547800000, 0x0000000547800000| Untracked 
| 656|0x0000000548000000, 0x0000000548000000, 0x0000000548800000|  0%| F|  |TAMS 0x0000000548000000, 0x0000000548000000| Untracked 
| 657|0x0000000548800000, 0x0000000548800000, 0x0000000549000000|  0%| F|  |TAMS 0x0000000548800000, 0x0000000548800000| Untracked 
| 658|0x0000000549000000, 0x0000000549000000, 0x0000000549800000|  0%| F|  |TAMS 0x0000000549000000, 0x0000000549000000| Untracked 
| 659|0x0000000549800000, 0x0000000549800000, 0x000000054a000000|  0%| F|  |TAMS 0x0000000549800000, 0x0000000549800000| Untracked 
| 660|0x000000054a000000, 0x000000054a000000, 0x000000054a800000|  0%| F|  |TAMS 0x000000054a000000, 0x000000054a000000| Untracked 
| 661|0x000000054a800000, 0x000000054a800000, 0x000000054b000000|  0%| F|  |TAMS 0x000000054a800000, 0x000000054a800000| Untracked 
| 662|0x000000054b000000, 0x000000054b000000, 0x000000054b800000|  0%| F|  |TAMS 0x000000054b000000, 0x000000054b000000| Untracked 
| 663|0x000000054b800000, 0x000000054b800000, 0x000000054c000000|  0%| F|  |TAMS 0x000000054b800000, 0x000000054b800000| Untracked 
| 664|0x000000054c000000, 0x000000054c000000, 0x000000054c800000|  0%| F|  |TAMS 0x000000054c000000, 0x000000054c000000| Untracked 
| 665|0x000000054c800000, 0x000000054c800000, 0x000000054d000000|  0%| F|  |TAMS 0x000000054c800000, 0x000000054c800000| Untracked 
| 666|0x000000054d000000, 0x000000054d000000, 0x000000054d800000|  0%| F|  |TAMS 0x000000054d000000, 0x000000054d000000| Untracked 
| 667|0x000000054d800000, 0x000000054d800000, 0x000000054e000000|  0%| F|  |TAMS 0x000000054d800000, 0x000000054d800000| Untracked 
| 668|0x000000054e000000, 0x000000054e000000, 0x000000054e800000|  0%| F|  |TAMS 0x000000054e000000, 0x000000054e000000| Untracked 
| 669|0x000000054e800000, 0x000000054e800000, 0x000000054f000000|  0%| F|  |TAMS 0x000000054e800000, 0x000000054e800000| Untracked 
| 670|0x000000054f000000, 0x000000054f000000, 0x000000054f800000|  0%| F|  |TAMS 0x000000054f000000, 0x000000054f000000| Untracked 
| 671|0x000000054f800000, 0x000000054f800000, 0x0000000550000000|  0%| F|  |TAMS 0x000000054f800000, 0x000000054f800000| Untracked 
| 672|0x0000000550000000, 0x0000000550000000, 0x0000000550800000|  0%| F|  |TAMS 0x0000000550000000, 0x0000000550000000| Untracked 
| 673|0x0000000550800000, 0x0000000550800000, 0x0000000551000000|  0%| F|  |TAMS 0x0000000550800000, 0x0000000550800000| Untracked 
| 674|0x0000000551000000, 0x0000000551000000, 0x0000000551800000|  0%| F|  |TAMS 0x0000000551000000, 0x0000000551000000| Untracked 
| 675|0x0000000551800000, 0x0000000551800000, 0x0000000552000000|  0%| F|  |TAMS 0x0000000551800000, 0x0000000551800000| Untracked 
| 676|0x0000000552000000, 0x0000000552000000, 0x0000000552800000|  0%| F|  |TAMS 0x0000000552000000, 0x0000000552000000| Untracked 
| 677|0x0000000552800000, 0x0000000552800000, 0x0000000553000000|  0%| F|  |TAMS 0x0000000552800000, 0x0000000552800000| Untracked 
| 678|0x0000000553000000, 0x0000000553000000, 0x0000000553800000|  0%| F|  |TAMS 0x0000000553000000, 0x0000000553000000| Untracked 
| 679|0x0000000553800000, 0x0000000553800000, 0x0000000554000000|  0%| F|  |TAMS 0x0000000553800000, 0x0000000553800000| Untracked 
| 680|0x0000000554000000, 0x0000000554000000, 0x0000000554800000|  0%| F|  |TAMS 0x0000000554000000, 0x0000000554000000| Untracked 
| 681|0x0000000554800000, 0x0000000554800000, 0x0000000555000000|  0%| F|  |TAMS 0x0000000554800000, 0x0000000554800000| Untracked 
| 682|0x0000000555000000, 0x0000000555000000, 0x0000000555800000|  0%| F|  |TAMS 0x0000000555000000, 0x0000000555000000| Untracked 
| 683|0x0000000555800000, 0x0000000555800000, 0x0000000556000000|  0%| F|  |TAMS 0x0000000555800000, 0x0000000555800000| Untracked 
| 684|0x0000000556000000, 0x0000000556000000, 0x0000000556800000|  0%| F|  |TAMS 0x0000000556000000, 0x0000000556000000| Untracked 
| 685|0x0000000556800000, 0x0000000556800000, 0x0000000557000000|  0%| F|  |TAMS 0x0000000556800000, 0x0000000556800000| Untracked 
| 686|0x0000000557000000, 0x0000000557000000, 0x0000000557800000|  0%| F|  |TAMS 0x0000000557000000, 0x0000000557000000| Untracked 
| 687|0x0000000557800000, 0x0000000557800000, 0x0000000558000000|  0%| F|  |TAMS 0x0000000557800000, 0x0000000557800000| Untracked 
| 688|0x0000000558000000, 0x0000000558000000, 0x0000000558800000|  0%| F|  |TAMS 0x0000000558000000, 0x0000000558000000| Untracked 
| 689|0x0000000558800000, 0x0000000558800000, 0x0000000559000000|  0%| F|  |TAMS 0x0000000558800000, 0x0000000558800000| Untracked 
| 690|0x0000000559000000, 0x0000000559000000, 0x0000000559800000|  0%| F|  |TAMS 0x0000000559000000, 0x0000000559000000| Untracked 
| 691|0x0000000559800000, 0x0000000559800000, 0x000000055a000000|  0%| F|  |TAMS 0x0000000559800000, 0x0000000559800000| Untracked 
| 692|0x000000055a000000, 0x000000055a000000, 0x000000055a800000|  0%| F|  |TAMS 0x000000055a000000, 0x000000055a000000| Untracked 
| 693|0x000000055a800000, 0x000000055a800000, 0x000000055b000000|  0%| F|  |TAMS 0x000000055a800000, 0x000000055a800000| Untracked 
| 694|0x000000055b000000, 0x000000055b000000, 0x000000055b800000|  0%| F|  |TAMS 0x000000055b000000, 0x000000055b000000| Untracked 
| 695|0x000000055b800000, 0x000000055b800000, 0x000000055c000000|  0%| F|  |TAMS 0x000000055b800000, 0x000000055b800000| Untracked 
| 696|0x000000055c000000, 0x000000055c000000, 0x000000055c800000|  0%| F|  |TAMS 0x000000055c000000, 0x000000055c000000| Untracked 
| 697|0x000000055c800000, 0x000000055c800000, 0x000000055d000000|  0%| F|  |TAMS 0x000000055c800000, 0x000000055c800000| Untracked 
| 698|0x000000055d000000, 0x000000055d000000, 0x000000055d800000|  0%| F|  |TAMS 0x000000055d000000, 0x000000055d000000| Untracked 
| 699|0x000000055d800000, 0x000000055d800000, 0x000000055e000000|  0%| F|  |TAMS 0x000000055d800000, 0x000000055d800000| Untracked 
| 700|0x000000055e000000, 0x000000055e000000, 0x000000055e800000|  0%| F|  |TAMS 0x000000055e000000, 0x000000055e000000| Untracked 
| 701|0x000000055e800000, 0x000000055e800000, 0x000000055f000000|  0%| F|  |TAMS 0x000000055e800000, 0x000000055e800000| Untracked 
| 702|0x000000055f000000, 0x000000055f000000, 0x000000055f800000|  0%| F|  |TAMS 0x000000055f000000, 0x000000055f000000| Untracked 
| 703|0x000000055f800000, 0x000000055f800000, 0x0000000560000000|  0%| F|  |TAMS 0x000000055f800000, 0x000000055f800000| Untracked 
| 704|0x0000000560000000, 0x0000000560000000, 0x0000000560800000|  0%| F|  |TAMS 0x0000000560000000, 0x0000000560000000| Untracked 
| 705|0x0000000560800000, 0x0000000560800000, 0x0000000561000000|  0%| F|  |TAMS 0x0000000560800000, 0x0000000560800000| Untracked 
| 706|0x0000000561000000, 0x0000000561000000, 0x0000000561800000|  0%| F|  |TAMS 0x0000000561000000, 0x0000000561000000| Untracked 
| 707|0x0000000561800000, 0x0000000561800000, 0x0000000562000000|  0%| F|  |TAMS 0x0000000561800000, 0x0000000561800000| Untracked 
| 708|0x0000000562000000, 0x0000000562000000, 0x0000000562800000|  0%| F|  |TAMS 0x0000000562000000, 0x0000000562000000| Untracked 
| 709|0x0000000562800000, 0x0000000562800000, 0x0000000563000000|  0%| F|  |TAMS 0x0000000562800000, 0x0000000562800000| Untracked 
| 710|0x0000000563000000, 0x0000000563000000, 0x0000000563800000|  0%| F|  |TAMS 0x0000000563000000, 0x0000000563000000| Untracked 
| 711|0x0000000563800000, 0x0000000563800000, 0x0000000564000000|  0%| F|  |TAMS 0x0000000563800000, 0x0000000563800000| Untracked 
| 712|0x0000000564000000, 0x0000000564000000, 0x0000000564800000|  0%| F|  |TAMS 0x0000000564000000, 0x0000000564000000| Untracked 
| 713|0x0000000564800000, 0x0000000564800000, 0x0000000565000000|  0%| F|  |TAMS 0x0000000564800000, 0x0000000564800000| Untracked 
| 714|0x0000000565000000, 0x0000000565000000, 0x0000000565800000|  0%| F|  |TAMS 0x0000000565000000, 0x0000000565000000| Untracked 
| 715|0x0000000565800000, 0x0000000565800000, 0x0000000566000000|  0%| F|  |TAMS 0x0000000565800000, 0x0000000565800000| Untracked 
| 716|0x0000000566000000, 0x0000000566000000, 0x0000000566800000|  0%| F|  |TAMS 0x0000000566000000, 0x0000000566000000| Untracked 
| 717|0x0000000566800000, 0x0000000566800000, 0x0000000567000000|  0%| F|  |TAMS 0x0000000566800000, 0x0000000566800000| Untracked 
| 718|0x0000000567000000, 0x0000000567000000, 0x0000000567800000|  0%| F|  |TAMS 0x0000000567000000, 0x0000000567000000| Untracked 
| 719|0x0000000567800000, 0x0000000567800000, 0x0000000568000000|  0%| F|  |TAMS 0x0000000567800000, 0x0000000567800000| Untracked 
| 720|0x0000000568000000, 0x0000000568000000, 0x0000000568800000|  0%| F|  |TAMS 0x0000000568000000, 0x0000000568000000| Untracked 
| 721|0x0000000568800000, 0x0000000568800000, 0x0000000569000000|  0%| F|  |TAMS 0x0000000568800000, 0x0000000568800000| Untracked 
| 722|0x0000000569000000, 0x0000000569000000, 0x0000000569800000|  0%| F|  |TAMS 0x0000000569000000, 0x0000000569000000| Untracked 
| 723|0x0000000569800000, 0x0000000569800000, 0x000000056a000000|  0%| F|  |TAMS 0x0000000569800000, 0x0000000569800000| Untracked 
| 724|0x000000056a000000, 0x000000056a000000, 0x000000056a800000|  0%| F|  |TAMS 0x000000056a000000, 0x000000056a000000| Untracked 
| 725|0x000000056a800000, 0x000000056a800000, 0x000000056b000000|  0%| F|  |TAMS 0x000000056a800000, 0x000000056a800000| Untracked 
| 726|0x000000056b000000, 0x000000056b000000, 0x000000056b800000|  0%| F|  |TAMS 0x000000056b000000, 0x000000056b000000| Untracked 
| 727|0x000000056b800000, 0x000000056b800000, 0x000000056c000000|  0%| F|  |TAMS 0x000000056b800000, 0x000000056b800000| Untracked 
| 728|0x000000056c000000, 0x000000056c000000, 0x000000056c800000|  0%| F|  |TAMS 0x000000056c000000, 0x000000056c000000| Untracked 
| 729|0x000000056c800000, 0x000000056c800000, 0x000000056d000000|  0%| F|  |TAMS 0x000000056c800000, 0x000000056c800000| Untracked 
| 730|0x000000056d000000, 0x000000056d000000, 0x000000056d800000|  0%| F|  |TAMS 0x000000056d000000, 0x000000056d000000| Untracked 
| 731|0x000000056d800000, 0x000000056d800000, 0x000000056e000000|  0%| F|  |TAMS 0x000000056d800000, 0x000000056d800000| Untracked 
| 732|0x000000056e000000, 0x000000056e000000, 0x000000056e800000|  0%| F|  |TAMS 0x000000056e000000, 0x000000056e000000| Untracked 
| 733|0x000000056e800000, 0x000000056e800000, 0x000000056f000000|  0%| F|  |TAMS 0x000000056e800000, 0x000000056e800000| Untracked 
| 734|0x000000056f000000, 0x000000056f000000, 0x000000056f800000|  0%| F|  |TAMS 0x000000056f000000, 0x000000056f000000| Untracked 
| 735|0x000000056f800000, 0x000000056f800000, 0x0000000570000000|  0%| F|  |TAMS 0x000000056f800000, 0x000000056f800000| Untracked 
| 736|0x0000000570000000, 0x0000000570000000, 0x0000000570800000|  0%| F|  |TAMS 0x0000000570000000, 0x0000000570000000| Untracked 
| 737|0x0000000570800000, 0x0000000570800000, 0x0000000571000000|  0%| F|  |TAMS 0x0000000570800000, 0x0000000570800000| Untracked 
| 738|0x0000000571000000, 0x0000000571000000, 0x0000000571800000|  0%| F|  |TAMS 0x0000000571000000, 0x0000000571000000| Untracked 
| 739|0x0000000571800000, 0x0000000571800000, 0x0000000572000000|  0%| F|  |TAMS 0x0000000571800000, 0x0000000571800000| Untracked 
| 740|0x0000000572000000, 0x0000000572000000, 0x0000000572800000|  0%| F|  |TAMS 0x0000000572000000, 0x0000000572000000| Untracked 
| 741|0x0000000572800000, 0x0000000572800000, 0x0000000573000000|  0%| F|  |TAMS 0x0000000572800000, 0x0000000572800000| Untracked 
| 742|0x0000000573000000, 0x0000000573000000, 0x0000000573800000|  0%| F|  |TAMS 0x0000000573000000, 0x0000000573000000| Untracked 
| 743|0x0000000573800000, 0x0000000573800000, 0x0000000574000000|  0%| F|  |TAMS 0x0000000573800000, 0x0000000573800000| Untracked 
| 744|0x0000000574000000, 0x0000000574000000, 0x0000000574800000|  0%| F|  |TAMS 0x0000000574000000, 0x0000000574000000| Untracked 
| 745|0x0000000574800000, 0x0000000574800000, 0x0000000575000000|  0%| F|  |TAMS 0x0000000574800000, 0x0000000574800000| Untracked 
| 746|0x0000000575000000, 0x0000000575000000, 0x0000000575800000|  0%| F|  |TAMS 0x0000000575000000, 0x0000000575000000| Untracked 
| 747|0x0000000575800000, 0x0000000575800000, 0x0000000576000000|  0%| F|  |TAMS 0x0000000575800000, 0x0000000575800000| Untracked 
| 748|0x0000000576000000, 0x0000000576000000, 0x0000000576800000|  0%| F|  |TAMS 0x0000000576000000, 0x0000000576000000| Untracked 
| 749|0x0000000576800000, 0x0000000576800000, 0x0000000577000000|  0%| F|  |TAMS 0x0000000576800000, 0x0000000576800000| Untracked 
| 750|0x0000000577000000, 0x0000000577000000, 0x0000000577800000|  0%| F|  |TAMS 0x0000000577000000, 0x0000000577000000| Untracked 
| 751|0x0000000577800000, 0x0000000577800000, 0x0000000578000000|  0%| F|  |TAMS 0x0000000577800000, 0x0000000577800000| Untracked 
| 752|0x0000000578000000, 0x0000000578000000, 0x0000000578800000|  0%| F|  |TAMS 0x0000000578000000, 0x0000000578000000| Untracked 
| 753|0x0000000578800000, 0x0000000578800000, 0x0000000579000000|  0%| F|  |TAMS 0x0000000578800000, 0x0000000578800000| Untracked 
| 754|0x0000000579000000, 0x0000000579000000, 0x0000000579800000|  0%| F|  |TAMS 0x0000000579000000, 0x0000000579000000| Untracked 
| 755|0x0000000579800000, 0x0000000579800000, 0x000000057a000000|  0%| F|  |TAMS 0x0000000579800000, 0x0000000579800000| Untracked 
| 756|0x000000057a000000, 0x000000057a000000, 0x000000057a800000|  0%| F|  |TAMS 0x000000057a000000, 0x000000057a000000| Untracked 
| 757|0x000000057a800000, 0x000000057a800000, 0x000000057b000000|  0%| F|  |TAMS 0x000000057a800000, 0x000000057a800000| Untracked 
| 758|0x000000057b000000, 0x000000057b000000, 0x000000057b800000|  0%| F|  |TAMS 0x000000057b000000, 0x000000057b000000| Untracked 
| 759|0x000000057b800000, 0x000000057b800000, 0x000000057c000000|  0%| F|  |TAMS 0x000000057b800000, 0x000000057b800000| Untracked 
| 760|0x000000057c000000, 0x000000057c000000, 0x000000057c800000|  0%| F|  |TAMS 0x000000057c000000, 0x000000057c000000| Untracked 
| 761|0x000000057c800000, 0x000000057c800000, 0x000000057d000000|  0%| F|  |TAMS 0x000000057c800000, 0x000000057c800000| Untracked 
| 762|0x000000057d000000, 0x000000057d000000, 0x000000057d800000|  0%| F|  |TAMS 0x000000057d000000, 0x000000057d000000| Untracked 
| 763|0x000000057d800000, 0x000000057d800000, 0x000000057e000000|  0%| F|  |TAMS 0x000000057d800000, 0x000000057d800000| Untracked 
| 764|0x000000057e000000, 0x000000057e000000, 0x000000057e800000|  0%| F|  |TAMS 0x000000057e000000, 0x000000057e000000| Untracked 
| 765|0x000000057e800000, 0x000000057e800000, 0x000000057f000000|  0%| F|  |TAMS 0x000000057e800000, 0x000000057e800000| Untracked 
| 766|0x000000057f000000, 0x000000057f000000, 0x000000057f800000|  0%| F|  |TAMS 0x000000057f000000, 0x000000057f000000| Untracked 
| 767|0x000000057f800000, 0x000000057f800000, 0x0000000580000000|  0%| F|  |TAMS 0x000000057f800000, 0x000000057f800000| Untracked 
| 768|0x0000000580000000, 0x0000000580000000, 0x0000000580800000|  0%| F|  |TAMS 0x0000000580000000, 0x0000000580000000| Untracked 
| 769|0x0000000580800000, 0x0000000580800000, 0x0000000581000000|  0%| F|  |TAMS 0x0000000580800000, 0x0000000580800000| Untracked 
| 770|0x0000000581000000, 0x0000000581000000, 0x0000000581800000|  0%| F|  |TAMS 0x0000000581000000, 0x0000000581000000| Untracked 
| 771|0x0000000581800000, 0x0000000581800000, 0x0000000582000000|  0%| F|  |TAMS 0x0000000581800000, 0x0000000581800000| Untracked 
| 772|0x0000000582000000, 0x0000000582000000, 0x0000000582800000|  0%| F|  |TAMS 0x0000000582000000, 0x0000000582000000| Untracked 
| 773|0x0000000582800000, 0x0000000582800000, 0x0000000583000000|  0%| F|  |TAMS 0x0000000582800000, 0x0000000582800000| Untracked 
| 774|0x0000000583000000, 0x0000000583000000, 0x0000000583800000|  0%| F|  |TAMS 0x0000000583000000, 0x0000000583000000| Untracked 
| 775|0x0000000583800000, 0x0000000583800000, 0x0000000584000000|  0%| F|  |TAMS 0x0000000583800000, 0x0000000583800000| Untracked 
| 776|0x0000000584000000, 0x0000000584000000, 0x0000000584800000|  0%| F|  |TAMS 0x0000000584000000, 0x0000000584000000| Untracked 
| 777|0x0000000584800000, 0x0000000584800000, 0x0000000585000000|  0%| F|  |TAMS 0x0000000584800000, 0x0000000584800000| Untracked 
| 778|0x0000000585000000, 0x0000000585000000, 0x0000000585800000|  0%| F|  |TAMS 0x0000000585000000, 0x0000000585000000| Untracked 
| 779|0x0000000585800000, 0x0000000585800000, 0x0000000586000000|  0%| F|  |TAMS 0x0000000585800000, 0x0000000585800000| Untracked 
| 780|0x0000000586000000, 0x0000000586000000, 0x0000000586800000|  0%| F|  |TAMS 0x0000000586000000, 0x0000000586000000| Untracked 
| 781|0x0000000586800000, 0x0000000586800000, 0x0000000587000000|  0%| F|  |TAMS 0x0000000586800000, 0x0000000586800000| Untracked 
| 782|0x0000000587000000, 0x0000000587000000, 0x0000000587800000|  0%| F|  |TAMS 0x0000000587000000, 0x0000000587000000| Untracked 
| 783|0x0000000587800000, 0x0000000587800000, 0x0000000588000000|  0%| F|  |TAMS 0x0000000587800000, 0x0000000587800000| Untracked 
| 784|0x0000000588000000, 0x0000000588000000, 0x0000000588800000|  0%| F|  |TAMS 0x0000000588000000, 0x0000000588000000| Untracked 
| 785|0x0000000588800000, 0x0000000588800000, 0x0000000589000000|  0%| F|  |TAMS 0x0000000588800000, 0x0000000588800000| Untracked 
| 786|0x0000000589000000, 0x0000000589000000, 0x0000000589800000|  0%| F|  |TAMS 0x0000000589000000, 0x0000000589000000| Untracked 
| 787|0x0000000589800000, 0x0000000589c062e8, 0x000000058a000000| 50%| E|  |TAMS 0x0000000589800000, 0x0000000589800000| Complete 
| 788|0x000000058a000000, 0x000000058a800000, 0x000000058a800000|100%| E|CS|TAMS 0x000000058a000000, 0x000000058a000000| Complete 
| 789|0x000000058a800000, 0x000000058b000000, 0x000000058b000000|100%| E|CS|TAMS 0x000000058a800000, 0x000000058a800000| Complete 
| 790|0x000000058b000000, 0x000000058b800000, 0x000000058b800000|100%| E|CS|TAMS 0x000000058b000000, 0x000000058b000000| Complete 
| 791|0x000000058b800000, 0x000000058c000000, 0x000000058c000000|100%| E|CS|TAMS 0x000000058b800000, 0x000000058b800000| Complete 
| 792|0x000000058c000000, 0x000000058c800000, 0x000000058c800000|100%| E|CS|TAMS 0x000000058c000000, 0x000000058c000000| Complete 
| 793|0x000000058c800000, 0x000000058d000000, 0x000000058d000000|100%| E|CS|TAMS 0x000000058c800000, 0x000000058c800000| Complete 
| 794|0x000000058d000000, 0x000000058d800000, 0x000000058d800000|100%| E|CS|TAMS 0x000000058d000000, 0x000000058d000000| Complete 
| 795|0x000000058d800000, 0x000000058e000000, 0x000000058e000000|100%| E|CS|TAMS 0x000000058d800000, 0x000000058d800000| Complete 
| 796|0x000000058e000000, 0x000000058e800000, 0x000000058e800000|100%| E|CS|TAMS 0x000000058e000000, 0x000000058e000000| Complete 
| 797|0x000000058e800000, 0x000000058f000000, 0x000000058f000000|100%| E|CS|TAMS 0x000000058e800000, 0x000000058e800000| Complete 
| 798|0x000000058f000000, 0x000000058f800000, 0x000000058f800000|100%| E|CS|TAMS 0x000000058f000000, 0x000000058f000000| Complete 
| 799|0x000000058f800000, 0x0000000590000000, 0x0000000590000000|100%| E|CS|TAMS 0x000000058f800000, 0x000000058f800000| Complete 
| 800|0x0000000590000000, 0x0000000590800000, 0x0000000590800000|100%| E|CS|TAMS 0x0000000590000000, 0x0000000590000000| Complete 
| 801|0x0000000590800000, 0x0000000591000000, 0x0000000591000000|100%| E|CS|TAMS 0x0000000590800000, 0x0000000590800000| Complete 
| 802|0x0000000591000000, 0x0000000591800000, 0x0000000591800000|100%| E|CS|TAMS 0x0000000591000000, 0x0000000591000000| Complete 
| 803|0x0000000591800000, 0x0000000592000000, 0x0000000592000000|100%| E|CS|TAMS 0x0000000591800000, 0x0000000591800000| Complete 
| 804|0x0000000592000000, 0x0000000592800000, 0x0000000592800000|100%| E|CS|TAMS 0x0000000592000000, 0x0000000592000000| Complete 
| 805|0x0000000592800000, 0x0000000593000000, 0x0000000593000000|100%| E|CS|TAMS 0x0000000592800000, 0x0000000592800000| Complete 
| 806|0x0000000593000000, 0x0000000593800000, 0x0000000593800000|100%| E|CS|TAMS 0x0000000593000000, 0x0000000593000000| Complete 
| 807|0x0000000593800000, 0x0000000594000000, 0x0000000594000000|100%| E|CS|TAMS 0x0000000593800000, 0x0000000593800000| Complete 
| 808|0x0000000594000000, 0x0000000594800000, 0x0000000594800000|100%| E|CS|TAMS 0x0000000594000000, 0x0000000594000000| Complete 
| 809|0x0000000594800000, 0x0000000595000000, 0x0000000595000000|100%| E|CS|TAMS 0x0000000594800000, 0x0000000594800000| Complete 
| 810|0x0000000595000000, 0x0000000595800000, 0x0000000595800000|100%| E|CS|TAMS 0x0000000595000000, 0x0000000595000000| Complete 
| 811|0x0000000595800000, 0x0000000596000000, 0x0000000596000000|100%| E|CS|TAMS 0x0000000595800000, 0x0000000595800000| Complete 
| 812|0x0000000596000000, 0x0000000596800000, 0x0000000596800000|100%| E|CS|TAMS 0x0000000596000000, 0x0000000596000000| Complete 
| 813|0x0000000596800000, 0x0000000597000000, 0x0000000597000000|100%| E|CS|TAMS 0x0000000596800000, 0x0000000596800000| Complete 
| 814|0x0000000597000000, 0x0000000597800000, 0x0000000597800000|100%| E|CS|TAMS 0x0000000597000000, 0x0000000597000000| Complete 
| 815|0x0000000597800000, 0x0000000598000000, 0x0000000598000000|100%| E|CS|TAMS 0x0000000597800000, 0x0000000597800000| Complete 
| 816|0x0000000598000000, 0x0000000598800000, 0x0000000598800000|100%| E|CS|TAMS 0x0000000598000000, 0x0000000598000000| Complete 
| 817|0x0000000598800000, 0x0000000599000000, 0x0000000599000000|100%| E|CS|TAMS 0x0000000598800000, 0x0000000598800000| Complete 
| 818|0x0000000599000000, 0x0000000599800000, 0x0000000599800000|100%| E|CS|TAMS 0x0000000599000000, 0x0000000599000000| Complete 
| 819|0x0000000599800000, 0x000000059a000000, 0x000000059a000000|100%| E|CS|TAMS 0x0000000599800000, 0x0000000599800000| Complete 
| 820|0x000000059a000000, 0x000000059a800000, 0x000000059a800000|100%| E|CS|TAMS 0x000000059a000000, 0x000000059a000000| Complete 
| 821|0x000000059a800000, 0x000000059b000000, 0x000000059b000000|100%| E|CS|TAMS 0x000000059a800000, 0x000000059a800000| Complete 
| 822|0x000000059b000000, 0x000000059b800000, 0x000000059b800000|100%| E|CS|TAMS 0x000000059b000000, 0x000000059b000000| Complete 
| 823|0x000000059b800000, 0x000000059c000000, 0x000000059c000000|100%| E|CS|TAMS 0x000000059b800000, 0x000000059b800000| Complete 
| 824|0x000000059c000000, 0x000000059c800000, 0x000000059c800000|100%| E|CS|TAMS 0x000000059c000000, 0x000000059c000000| Complete 
| 825|0x000000059c800000, 0x000000059d000000, 0x000000059d000000|100%| E|CS|TAMS 0x000000059c800000, 0x000000059c800000| Complete 
| 826|0x000000059d000000, 0x000000059d800000, 0x000000059d800000|100%| E|CS|TAMS 0x000000059d000000, 0x000000059d000000| Complete 
| 827|0x000000059d800000, 0x000000059e000000, 0x000000059e000000|100%| E|CS|TAMS 0x000000059d800000, 0x000000059d800000| Complete 
| 828|0x000000059e000000, 0x000000059e800000, 0x000000059e800000|100%| E|CS|TAMS 0x000000059e000000, 0x000000059e000000| Complete 
| 829|0x000000059e800000, 0x000000059f000000, 0x000000059f000000|100%| E|CS|TAMS 0x000000059e800000, 0x000000059e800000| Complete 
| 830|0x000000059f000000, 0x000000059f800000, 0x000000059f800000|100%| E|CS|TAMS 0x000000059f000000, 0x000000059f000000| Complete 
| 831|0x000000059f800000, 0x00000005a0000000, 0x00000005a0000000|100%| E|CS|TAMS 0x000000059f800000, 0x000000059f800000| Complete 
| 832|0x00000005a0000000, 0x00000005a0800000, 0x00000005a0800000|100%| E|CS|TAMS 0x00000005a0000000, 0x00000005a0000000| Complete 
| 833|0x00000005a0800000, 0x00000005a1000000, 0x00000005a1000000|100%| E|CS|TAMS 0x00000005a0800000, 0x00000005a0800000| Complete 
| 834|0x00000005a1000000, 0x00000005a1800000, 0x00000005a1800000|100%| E|CS|TAMS 0x00000005a1000000, 0x00000005a1000000| Complete 
| 835|0x00000005a1800000, 0x00000005a2000000, 0x00000005a2000000|100%| E|CS|TAMS 0x00000005a1800000, 0x00000005a1800000| Complete 
| 836|0x00000005a2000000, 0x00000005a2800000, 0x00000005a2800000|100%| E|CS|TAMS 0x00000005a2000000, 0x00000005a2000000| Complete 
| 837|0x00000005a2800000, 0x00000005a3000000, 0x00000005a3000000|100%| E|CS|TAMS 0x00000005a2800000, 0x00000005a2800000| Complete 
| 838|0x00000005a3000000, 0x00000005a3800000, 0x00000005a3800000|100%| E|CS|TAMS 0x00000005a3000000, 0x00000005a3000000| Complete 
| 839|0x00000005a3800000, 0x00000005a4000000, 0x00000005a4000000|100%| E|CS|TAMS 0x00000005a3800000, 0x00000005a3800000| Complete 
| 840|0x00000005a4000000, 0x00000005a4800000, 0x00000005a4800000|100%| E|CS|TAMS 0x00000005a4000000, 0x00000005a4000000| Complete 
| 841|0x00000005a4800000, 0x00000005a5000000, 0x00000005a5000000|100%| E|CS|TAMS 0x00000005a4800000, 0x00000005a4800000| Complete 
| 842|0x00000005a5000000, 0x00000005a5800000, 0x00000005a5800000|100%| E|CS|TAMS 0x00000005a5000000, 0x00000005a5000000| Complete 
| 843|0x00000005a5800000, 0x00000005a6000000, 0x00000005a6000000|100%| E|CS|TAMS 0x00000005a5800000, 0x00000005a5800000| Complete 
| 844|0x00000005a6000000, 0x00000005a6800000, 0x00000005a6800000|100%| E|CS|TAMS 0x00000005a6000000, 0x00000005a6000000| Complete 
| 845|0x00000005a6800000, 0x00000005a7000000, 0x00000005a7000000|100%| E|CS|TAMS 0x00000005a6800000, 0x00000005a6800000| Complete 
| 846|0x00000005a7000000, 0x00000005a7800000, 0x00000005a7800000|100%| E|CS|TAMS 0x00000005a7000000, 0x00000005a7000000| Complete 
| 847|0x00000005a7800000, 0x00000005a8000000, 0x00000005a8000000|100%| E|CS|TAMS 0x00000005a7800000, 0x00000005a7800000| Complete 
| 848|0x00000005a8000000, 0x00000005a8800000, 0x00000005a8800000|100%| E|CS|TAMS 0x00000005a8000000, 0x00000005a8000000| Complete 
| 849|0x00000005a8800000, 0x00000005a9000000, 0x00000005a9000000|100%| E|CS|TAMS 0x00000005a8800000, 0x00000005a8800000| Complete 
| 850|0x00000005a9000000, 0x00000005a9800000, 0x00000005a9800000|100%| E|CS|TAMS 0x00000005a9000000, 0x00000005a9000000| Complete 
| 851|0x00000005a9800000, 0x00000005aa000000, 0x00000005aa000000|100%| E|CS|TAMS 0x00000005a9800000, 0x00000005a9800000| Complete 
| 852|0x00000005aa000000, 0x00000005aa800000, 0x00000005aa800000|100%| E|CS|TAMS 0x00000005aa000000, 0x00000005aa000000| Complete 
| 853|0x00000005aa800000, 0x00000005ab000000, 0x00000005ab000000|100%| E|CS|TAMS 0x00000005aa800000, 0x00000005aa800000| Complete 
| 854|0x00000005ab000000, 0x00000005ab800000, 0x00000005ab800000|100%| E|CS|TAMS 0x00000005ab000000, 0x00000005ab000000| Complete 
| 855|0x00000005ab800000, 0x00000005ac000000, 0x00000005ac000000|100%| E|CS|TAMS 0x00000005ab800000, 0x00000005ab800000| Complete 
| 856|0x00000005ac000000, 0x00000005ac800000, 0x00000005ac800000|100%| E|CS|TAMS 0x00000005ac000000, 0x00000005ac000000| Complete 
| 857|0x00000005ac800000, 0x00000005ad000000, 0x00000005ad000000|100%| E|CS|TAMS 0x00000005ac800000, 0x00000005ac800000| Complete 
| 858|0x00000005ad000000, 0x00000005ad800000, 0x00000005ad800000|100%| E|CS|TAMS 0x00000005ad000000, 0x00000005ad000000| Complete 
| 859|0x00000005ad800000, 0x00000005ae000000, 0x00000005ae000000|100%| E|CS|TAMS 0x00000005ad800000, 0x00000005ad800000| Complete 
| 860|0x00000005ae000000, 0x00000005ae800000, 0x00000005ae800000|100%| E|CS|TAMS 0x00000005ae000000, 0x00000005ae000000| Complete 
| 861|0x00000005ae800000, 0x00000005af000000, 0x00000005af000000|100%| E|CS|TAMS 0x00000005ae800000, 0x00000005ae800000| Complete 
| 862|0x00000005af000000, 0x00000005af800000, 0x00000005af800000|100%| E|CS|TAMS 0x00000005af000000, 0x00000005af000000| Complete 
| 863|0x00000005af800000, 0x00000005b0000000, 0x00000005b0000000|100%| E|CS|TAMS 0x00000005af800000, 0x00000005af800000| Complete 
| 864|0x00000005b0000000, 0x00000005b0800000, 0x00000005b0800000|100%| E|CS|TAMS 0x00000005b0000000, 0x00000005b0000000| Complete 
| 865|0x00000005b0800000, 0x00000005b1000000, 0x00000005b1000000|100%| E|CS|TAMS 0x00000005b0800000, 0x00000005b0800000| Complete 
| 866|0x00000005b1000000, 0x00000005b1800000, 0x00000005b1800000|100%| E|CS|TAMS 0x00000005b1000000, 0x00000005b1000000| Complete 
| 867|0x00000005b1800000, 0x00000005b2000000, 0x00000005b2000000|100%| E|CS|TAMS 0x00000005b1800000, 0x00000005b1800000| Complete 
| 868|0x00000005b2000000, 0x00000005b2800000, 0x00000005b2800000|100%| E|CS|TAMS 0x00000005b2000000, 0x00000005b2000000| Complete 
| 869|0x00000005b2800000, 0x00000005b3000000, 0x00000005b3000000|100%| E|CS|TAMS 0x00000005b2800000, 0x00000005b2800000| Complete 
| 870|0x00000005b3000000, 0x00000005b3800000, 0x00000005b3800000|100%| E|CS|TAMS 0x00000005b3000000, 0x00000005b3000000| Complete 
| 871|0x00000005b3800000, 0x00000005b4000000, 0x00000005b4000000|100%| E|CS|TAMS 0x00000005b3800000, 0x00000005b3800000| Complete 
| 872|0x00000005b4000000, 0x00000005b4800000, 0x00000005b4800000|100%| E|CS|TAMS 0x00000005b4000000, 0x00000005b4000000| Complete 
| 873|0x00000005b4800000, 0x00000005b5000000, 0x00000005b5000000|100%| E|CS|TAMS 0x00000005b4800000, 0x00000005b4800000| Complete 
| 874|0x00000005b5000000, 0x00000005b5800000, 0x00000005b5800000|100%| E|CS|TAMS 0x00000005b5000000, 0x00000005b5000000| Complete 
| 875|0x00000005b5800000, 0x00000005b6000000, 0x00000005b6000000|100%| E|CS|TAMS 0x00000005b5800000, 0x00000005b5800000| Complete 
| 876|0x00000005b6000000, 0x00000005b6800000, 0x00000005b6800000|100%| E|CS|TAMS 0x00000005b6000000, 0x00000005b6000000| Complete 
| 877|0x00000005b6800000, 0x00000005b7000000, 0x00000005b7000000|100%| E|CS|TAMS 0x00000005b6800000, 0x00000005b6800000| Complete 
| 878|0x00000005b7000000, 0x00000005b7800000, 0x00000005b7800000|100%| E|CS|TAMS 0x00000005b7000000, 0x00000005b7000000| Complete 
| 879|0x00000005b7800000, 0x00000005b8000000, 0x00000005b8000000|100%| E|CS|TAMS 0x00000005b7800000, 0x00000005b7800000| Complete 
| 880|0x00000005b8000000, 0x00000005b8800000, 0x00000005b8800000|100%| E|CS|TAMS 0x00000005b8000000, 0x00000005b8000000| Complete 
| 881|0x00000005b8800000, 0x00000005b9000000, 0x00000005b9000000|100%| E|CS|TAMS 0x00000005b8800000, 0x00000005b8800000| Complete 
| 882|0x00000005b9000000, 0x00000005b9800000, 0x00000005b9800000|100%| E|CS|TAMS 0x00000005b9000000, 0x00000005b9000000| Complete 
| 883|0x00000005b9800000, 0x00000005ba000000, 0x00000005ba000000|100%| E|CS|TAMS 0x00000005b9800000, 0x00000005b9800000| Complete 
| 884|0x00000005ba000000, 0x00000005ba800000, 0x00000005ba800000|100%| E|CS|TAMS 0x00000005ba000000, 0x00000005ba000000| Complete 
| 885|0x00000005ba800000, 0x00000005bb000000, 0x00000005bb000000|100%| E|CS|TAMS 0x00000005ba800000, 0x00000005ba800000| Complete 
| 886|0x00000005bb000000, 0x00000005bb800000, 0x00000005bb800000|100%| E|CS|TAMS 0x00000005bb000000, 0x00000005bb000000| Complete 
| 887|0x00000005bb800000, 0x00000005bc000000, 0x00000005bc000000|100%| E|CS|TAMS 0x00000005bb800000, 0x00000005bb800000| Complete 
| 888|0x00000005bc000000, 0x00000005bc800000, 0x00000005bc800000|100%| E|CS|TAMS 0x00000005bc000000, 0x00000005bc000000| Complete 
| 889|0x00000005bc800000, 0x00000005bd000000, 0x00000005bd000000|100%| E|CS|TAMS 0x00000005bc800000, 0x00000005bc800000| Complete 
| 890|0x00000005bd000000, 0x00000005bd800000, 0x00000005bd800000|100%| E|CS|TAMS 0x00000005bd000000, 0x00000005bd000000| Complete 
| 891|0x00000005bd800000, 0x00000005be000000, 0x00000005be000000|100%| E|CS|TAMS 0x00000005bd800000, 0x00000005bd800000| Complete 
| 892|0x00000005be000000, 0x00000005be800000, 0x00000005be800000|100%| E|CS|TAMS 0x00000005be000000, 0x00000005be000000| Complete 
| 893|0x00000005be800000, 0x00000005bf000000, 0x00000005bf000000|100%| E|CS|TAMS 0x00000005be800000, 0x00000005be800000| Complete 
| 894|0x00000005bf000000, 0x00000005bf800000, 0x00000005bf800000|100%| E|CS|TAMS 0x00000005bf000000, 0x00000005bf000000| Complete 
| 895|0x00000005bf800000, 0x00000005c0000000, 0x00000005c0000000|100%| E|CS|TAMS 0x00000005bf800000, 0x00000005bf800000| Complete 
| 896|0x00000005c0000000, 0x00000005c0800000, 0x00000005c0800000|100%| E|CS|TAMS 0x00000005c0000000, 0x00000005c0000000| Complete 
| 897|0x00000005c0800000, 0x00000005c1000000, 0x00000005c1000000|100%| E|CS|TAMS 0x00000005c0800000, 0x00000005c0800000| Complete 
| 898|0x00000005c1000000, 0x00000005c1800000, 0x00000005c1800000|100%| E|CS|TAMS 0x00000005c1000000, 0x00000005c1000000| Complete 
| 899|0x00000005c1800000, 0x00000005c2000000, 0x00000005c2000000|100%| E|CS|TAMS 0x00000005c1800000, 0x00000005c1800000| Complete 
| 900|0x00000005c2000000, 0x00000005c2800000, 0x00000005c2800000|100%| E|CS|TAMS 0x00000005c2000000, 0x00000005c2000000| Complete 
| 901|0x00000005c2800000, 0x00000005c3000000, 0x00000005c3000000|100%| E|CS|TAMS 0x00000005c2800000, 0x00000005c2800000| Complete 
| 902|0x00000005c3000000, 0x00000005c3800000, 0x00000005c3800000|100%| E|CS|TAMS 0x00000005c3000000, 0x00000005c3000000| Complete 
| 903|0x00000005c3800000, 0x00000005c4000000, 0x00000005c4000000|100%| E|CS|TAMS 0x00000005c3800000, 0x00000005c3800000| Complete 
| 904|0x00000005c4000000, 0x00000005c4800000, 0x00000005c4800000|100%| E|CS|TAMS 0x00000005c4000000, 0x00000005c4000000| Complete 
| 905|0x00000005c4800000, 0x00000005c5000000, 0x00000005c5000000|100%| E|CS|TAMS 0x00000005c4800000, 0x00000005c4800000| Complete 
| 906|0x00000005c5000000, 0x00000005c5800000, 0x00000005c5800000|100%| E|CS|TAMS 0x00000005c5000000, 0x00000005c5000000| Complete 
| 907|0x00000005c5800000, 0x00000005c6000000, 0x00000005c6000000|100%| E|CS|TAMS 0x00000005c5800000, 0x00000005c5800000| Complete 
| 908|0x00000005c6000000, 0x00000005c6800000, 0x00000005c6800000|100%| E|CS|TAMS 0x00000005c6000000, 0x00000005c6000000| Complete 
| 909|0x00000005c6800000, 0x00000005c7000000, 0x00000005c7000000|100%| E|CS|TAMS 0x00000005c6800000, 0x00000005c6800000| Complete 
| 910|0x00000005c7000000, 0x00000005c7800000, 0x00000005c7800000|100%| E|CS|TAMS 0x00000005c7000000, 0x00000005c7000000| Complete 
| 911|0x00000005c7800000, 0x00000005c8000000, 0x00000005c8000000|100%| E|CS|TAMS 0x00000005c7800000, 0x00000005c7800000| Complete 
| 912|0x00000005c8000000, 0x00000005c8800000, 0x00000005c8800000|100%| E|CS|TAMS 0x00000005c8000000, 0x00000005c8000000| Complete 
| 913|0x00000005c8800000, 0x00000005c9000000, 0x00000005c9000000|100%| E|CS|TAMS 0x00000005c8800000, 0x00000005c8800000| Complete 
| 914|0x00000005c9000000, 0x00000005c9800000, 0x00000005c9800000|100%| E|CS|TAMS 0x00000005c9000000, 0x00000005c9000000| Complete 
| 915|0x00000005c9800000, 0x00000005ca000000, 0x00000005ca000000|100%| E|CS|TAMS 0x00000005c9800000, 0x00000005c9800000| Complete 
| 916|0x00000005ca000000, 0x00000005ca800000, 0x00000005ca800000|100%| E|CS|TAMS 0x00000005ca000000, 0x00000005ca000000| Complete 
| 917|0x00000005ca800000, 0x00000005cb000000, 0x00000005cb000000|100%| E|CS|TAMS 0x00000005ca800000, 0x00000005ca800000| Complete 
| 918|0x00000005cb000000, 0x00000005cb800000, 0x00000005cb800000|100%| E|CS|TAMS 0x00000005cb000000, 0x00000005cb000000| Complete 
| 919|0x00000005cb800000, 0x00000005cc000000, 0x00000005cc000000|100%| E|CS|TAMS 0x00000005cb800000, 0x00000005cb800000| Complete 
| 920|0x00000005cc000000, 0x00000005cc800000, 0x00000005cc800000|100%| E|CS|TAMS 0x00000005cc000000, 0x00000005cc000000| Complete 
| 921|0x00000005cc800000, 0x00000005cd000000, 0x00000005cd000000|100%| E|CS|TAMS 0x00000005cc800000, 0x00000005cc800000| Complete 
| 922|0x00000005cd000000, 0x00000005cd800000, 0x00000005cd800000|100%| E|CS|TAMS 0x00000005cd000000, 0x00000005cd000000| Complete 
| 923|0x00000005cd800000, 0x00000005ce000000, 0x00000005ce000000|100%| E|CS|TAMS 0x00000005cd800000, 0x00000005cd800000| Complete 
| 924|0x00000005ce000000, 0x00000005ce800000, 0x00000005ce800000|100%| E|CS|TAMS 0x00000005ce000000, 0x00000005ce000000| Complete 
| 925|0x00000005ce800000, 0x00000005cf000000, 0x00000005cf000000|100%| E|CS|TAMS 0x00000005ce800000, 0x00000005ce800000| Complete 
| 926|0x00000005cf000000, 0x00000005cf800000, 0x00000005cf800000|100%| E|CS|TAMS 0x00000005cf000000, 0x00000005cf000000| Complete 
| 927|0x00000005cf800000, 0x00000005d0000000, 0x00000005d0000000|100%| E|CS|TAMS 0x00000005cf800000, 0x00000005cf800000| Complete 
| 928|0x00000005d0000000, 0x00000005d0800000, 0x00000005d0800000|100%| E|CS|TAMS 0x00000005d0000000, 0x00000005d0000000| Complete 
| 929|0x00000005d0800000, 0x00000005d1000000, 0x00000005d1000000|100%| E|CS|TAMS 0x00000005d0800000, 0x00000005d0800000| Complete 
| 930|0x00000005d1000000, 0x00000005d1800000, 0x00000005d1800000|100%| E|CS|TAMS 0x00000005d1000000, 0x00000005d1000000| Complete 
| 931|0x00000005d1800000, 0x00000005d2000000, 0x00000005d2000000|100%| E|CS|TAMS 0x00000005d1800000, 0x00000005d1800000| Complete 
| 932|0x00000005d2000000, 0x00000005d2800000, 0x00000005d2800000|100%| E|CS|TAMS 0x00000005d2000000, 0x00000005d2000000| Complete 
| 933|0x00000005d2800000, 0x00000005d3000000, 0x00000005d3000000|100%| E|CS|TAMS 0x00000005d2800000, 0x00000005d2800000| Complete 
| 934|0x00000005d3000000, 0x00000005d3800000, 0x00000005d3800000|100%| E|CS|TAMS 0x00000005d3000000, 0x00000005d3000000| Complete 
| 935|0x00000005d3800000, 0x00000005d4000000, 0x00000005d4000000|100%| E|CS|TAMS 0x00000005d3800000, 0x00000005d3800000| Complete 
| 936|0x00000005d4000000, 0x00000005d4800000, 0x00000005d4800000|100%| E|CS|TAMS 0x00000005d4000000, 0x00000005d4000000| Complete 
| 937|0x00000005d4800000, 0x00000005d5000000, 0x00000005d5000000|100%| E|CS|TAMS 0x00000005d4800000, 0x00000005d4800000| Complete 
| 938|0x00000005d5000000, 0x00000005d5800000, 0x00000005d5800000|100%| E|CS|TAMS 0x00000005d5000000, 0x00000005d5000000| Complete 
| 939|0x00000005d5800000, 0x00000005d6000000, 0x00000005d6000000|100%| E|CS|TAMS 0x00000005d5800000, 0x00000005d5800000| Complete 
| 940|0x00000005d6000000, 0x00000005d6800000, 0x00000005d6800000|100%| E|CS|TAMS 0x00000005d6000000, 0x00000005d6000000| Complete 
|2047|0x00000007ff800000, 0x0000000800000000, 0x0000000800000000|100%| O|  |TAMS 0x0000000800000000, 0x00000007ff800000| Untracked 

Card table byte_map: [0x0000021579db0000,0x000002157bdb0000] _byte_map_base: 0x0000021577db0000

Marking Bits (Prev, Next): (CMBitMap*) 0x00000215649f9060, (CMBitMap*) 0x00000215649f9020
 Prev Bits: [0x0000021510000000, 0x0000021520000000)
 Next Bits: [0x0000021500000000, 0x0000021510000000)

Polling page: 0x00000215628c0000

Metaspace:

Usage:
  Non-class:    421.12 MB used.
      Class:    102.94 MB used.
       Both:    524.05 MB used.

Virtual space:
  Non-class space:      448.00 MB reserved,     423.06 MB ( 94%) committed,  7 nodes.
      Class space:        1.00 GB reserved,     104.56 MB ( 10%) committed,  1 nodes.
             Both:        1.44 GB reserved,     527.62 MB ( 36%) committed. 

Chunk freelists:
   Non-Class:  8.66 MB
       Class:  7.42 MB
        Both:  16.08 MB

MaxMetaspaceSize: unlimited
CompressedClassSpaceSize: 1.00 GB
Initial GC threshold: 21.00 MB
Current GC threshold: 539.06 MB
CDS: off
MetaspaceReclaimPolicy: balanced
 - commit_granule_bytes: 65536.
 - commit_granule_words: 8192.
 - virtual_space_node_default_size: 8388608.
 - enlarge_chunks_in_place: 1.
 - new_chunks_are_fully_committed: 0.
 - uncommit_free_chunks: 1.
 - use_allocation_guard: 0.
 - handle_deallocations: 1.


Internal statistics:

num_allocs_failed_limit: 554.
num_arena_births: 5938.
num_arena_deaths: 0.
num_vsnodes_births: 8.
num_vsnodes_deaths: 0.
num_space_committed: 8433.
num_space_uncommitted: 0.
num_chunks_returned_to_freelist: 554.
num_chunks_taken_from_freelist: 27662.
num_chunk_merges: 548.
num_chunk_splits: 20270.
num_chunks_enlarged: 15142.
num_inconsistent_stats: 0.

CodeHeap 'non-profiled nmethods': size=119168Kb used=62191Kb max_used=62191Kb free=56976Kb
 bounds [0x000002156fcb0000, 0x0000021573970000, 0x0000021577110000]
CodeHeap 'profiled nmethods': size=119104Kb used=94232Kb max_used=94551Kb free=24871Kb
 bounds [0x0000021568110000, 0x000002156dd70000, 0x000002156f560000]
CodeHeap 'non-nmethods': size=7488Kb used=5266Kb max_used=5403Kb free=2221Kb
 bounds [0x000002156f560000, 0x000002156fac0000, 0x000002156fcb0000]
 total_blobs=52835 nmethods=49295 adapters=3440
 compilation: enabled
              stopped_count=0, restarted_count=0
 full_count=0

Compilation events (20 events):
Event: 357.702 Thread 0x000002152105b160 69700       4       io.github.douira.glsl_transformer.ast.node.declaration.DeclarationMember::clone (5 bytes)
Event: 357.703 Thread 0x000002152105b160 nmethod 69700 0x000002157355e510 code [0x000002157355e6a0, 0x000002157355e748]
Event: 357.703 Thread 0x0000021664644640 69701       3       io.github.douira.glsl_transformer.ast.node.type.struct.StructSpecifier::typeSpecifierAccept (8 bytes)
Event: 357.703 Thread 0x000002154a05aa90 69702       3       io.github.douira.glsl_transformer.ast.node.type.struct.StructBody::accept (8 bytes)
Event: 357.703 Thread 0x0000021664644640 nmethod 69701 0x0000021569dc6a90 code [0x0000021569dc6c40, 0x0000021569dc6e28]
Event: 357.703 Thread 0x000002154a05aa90 nmethod 69702 0x0000021569eecb90 code [0x0000021569eecd40, 0x0000021569eecf28]
Event: 357.721 Thread 0x000002152105ba70 69703       1       net.irisshaders.iris.shadows.ShadowRenderTargets::getDepthTexture (5 bytes)
Event: 357.721 Thread 0x0000021664644640 69704       1       net.irisshaders.iris.shadows.ShadowRenderTargets::getDepthTextureNoTranslucents (5 bytes)
Event: 357.721 Thread 0x0000021664644640 nmethod 69704 0x000002157355e210 code [0x000002157355e3a0, 0x000002157355e478]
Event: 357.721 Thread 0x000002152105ba70 nmethod 69703 0x000002157355df10 code [0x000002157355e0a0, 0x000002157355e178]
Event: 357.730 Thread 0x0000021664643650 nmethod 69646% 0x000002157395d710 code [0x000002157395dee0, 0x0000021573966a60]
Event: 357.735 Thread 0x0000021664643650 69705       4       io.github.douira.glsl_transformer.ast.node.statement.ManyStatement::accept (24 bytes)
Event: 357.736 Thread 0x0000021664643650 nmethod 69705 0x000002157355db10 code [0x000002157355dca0, 0x000002157355ddb8]
Event: 357.742 Thread 0x0000021664643650 69706       4       top.leonx.irisflw.transformer.GlslTransformerShaderPatcher$ReassignMatcherVisitor::defaultResult (5 bytes)
Event: 357.742 Thread 0x0000021664643650 nmethod 69706 0x000002157355d810 code [0x000002157355d980, 0x000002157355d9f8]
Event: 357.745 Thread 0x000002152105ba70 69707       3       io.github.douira.glsl_transformer.ast.query.index.ExternalDeclarationIndex::<init> (7 bytes)
Event: 357.745 Thread 0x000002152105ba70 nmethod 69707 0x000002156a3faf10 code [0x000002156a3fb0c0, 0x000002156a3fb358]
Event: 357.751 Thread 0x000002152105b160 69708       4       io.github.douira.glsl_transformer.ast.node.type.qualifier.StorageQualifier::clone (5 bytes)
Event: 357.754 Thread 0x0000021664644640 69709       1       com.jozufozu.flywheel.backend.gl.GlObject::setHandle (6 bytes)
Event: 357.754 Thread 0x0000021664644640 nmethod 69709 0x000002157355d510 code [0x000002157355d6a0, 0x000002157355d778]

GC Heap History (20 events):
Event: 77.117 GC heap before
{Heap before GC invocations=80 (full 0):
 garbage-first heap   total 7716864K, used 6488064K [0x0000000400000000, 0x0000000800000000)
  region size 8192K, 524 young (4292608K), 7 survivors (57344K)
 Metaspace       used 463018K, committed 465984K, reserved 1441792K
  class space    used 95645K, committed 96960K, reserved 1048576K
}
Event: 77.162 GC heap after
{Heap after GC invocations=81 (full 0):
 garbage-first heap   total 7716864K, used 2327993K [0x0000000400000000, 0x0000000800000000)
  region size 8192K, 16 young (131072K), 16 survivors (131072K)
 Metaspace       used 463018K, committed 465984K, reserved 1441792K
  class space    used 95645K, committed 96960K, reserved 1048576K
}
Event: 84.294 GC heap before
{Heap before GC invocations=81 (full 0):
 garbage-first heap   total 7716864K, used 6448569K [0x0000000400000000, 0x0000000800000000)
  region size 8192K, 519 young (4251648K), 16 survivors (131072K)
 Metaspace       used 464473K, committed 467520K, reserved 1441792K
  class space    used 95799K, committed 97152K, reserved 1048576K
}
Event: 84.336 GC heap after
{Heap after GC invocations=82 (full 0):
 garbage-first heap   total 7716864K, used 2365014K [0x0000000400000000, 0x0000000800000000)
  region size 8192K, 20 young (163840K), 20 survivors (163840K)
 Metaspace       used 464473K, committed 467520K, reserved 1441792K
  class space    used 95799K, committed 97152K, reserved 1048576K
}
Event: 235.514 GC heap before
{Heap before GC invocations=82 (full 0):
 garbage-first heap   total 7716864K, used 6526550K [0x0000000400000000, 0x0000000800000000)
  region size 8192K, 529 young (4333568K), 20 survivors (163840K)
 Metaspace       used 477809K, committed 480960K, reserved 1441792K
  class space    used 97653K, committed 99072K, reserved 1048576K
}
Event: 235.594 GC heap after
{Heap after GC invocations=83 (full 0):
 garbage-first heap   total 7716864K, used 2547712K [0x0000000400000000, 0x0000000800000000)
  region size 8192K, 42 young (344064K), 42 survivors (344064K)
 Metaspace       used 477809K, committed 480960K, reserved 1441792K
  class space    used 97653K, committed 99072K, reserved 1048576K
}
Event: 297.744 GC heap before
{Heap before GC invocations=83 (full 0):
 garbage-first heap   total 7716864K, used 6455296K [0x0000000400000000, 0x0000000800000000)
  region size 8192K, 519 young (4251648K), 42 survivors (344064K)
 Metaspace       used 496172K, committed 499328K, reserved 1507328K
  class space    used 100369K, committed 101760K, reserved 1048576K
}
Event: 297.897 GC heap after
{Heap after GC invocations=84 (full 0):
 garbage-first heap   total 7716864K, used 2871621K [0x0000000400000000, 0x0000000800000000)
  region size 8192K, 65 young (532480K), 65 survivors (532480K)
 Metaspace       used 496172K, committed 499328K, reserved 1507328K
  class space    used 100369K, committed 101760K, reserved 1048576K
}
Event: 304.535 GC heap before
{Heap before GC invocations=84 (full 0):
 garbage-first heap   total 7716864K, used 6189381K [0x0000000400000000, 0x0000000800000000)
  region size 8192K, 470 young (3850240K), 65 survivors (532480K)
 Metaspace       used 505707K, committed 508992K, reserved 1507328K
  class space    used 101754K, committed 103232K, reserved 1048576K
}
Event: 304.705 GC heap after
{Heap after GC invocations=85 (full 0):
 garbage-first heap   total 7716864K, used 3024035K [0x0000000400000000, 0x0000000800000000)
  region size 8192K, 18 young (147456K), 18 survivors (147456K)
 Metaspace       used 505707K, committed 508992K, reserved 1507328K
  class space    used 101754K, committed 103232K, reserved 1048576K
}
Event: 317.327 GC heap before
{Heap before GC invocations=85 (full 0):
 garbage-first heap   total 7716864K, used 6366371K [0x0000000400000000, 0x0000000800000000)
  region size 8192K, 426 young (3489792K), 18 survivors (147456K)
 Metaspace       used 508440K, committed 511808K, reserved 1507328K
  class space    used 102065K, committed 103552K, reserved 1048576K
}
Event: 317.366 GC heap after
{Heap after GC invocations=86 (full 0):
 garbage-first heap   total 7716864K, used 3010406K [0x0000000400000000, 0x0000000800000000)
  region size 8192K, 17 young (139264K), 17 survivors (139264K)
 Metaspace       used 508440K, committed 511808K, reserved 1507328K
  class space    used 102065K, committed 103552K, reserved 1048576K
}
Event: 323.908 GC heap before
{Heap before GC invocations=86 (full 0):
 garbage-first heap   total 7716864K, used 6442854K [0x0000000400000000, 0x0000000800000000)
  region size 8192K, 436 young (3571712K), 17 survivors (139264K)
 Metaspace       used 516266K, committed 519680K, reserved 1507328K
  class space    used 103175K, committed 104704K, reserved 1048576K
}
Event: 324.051 GC heap after
{Heap after GC invocations=87 (full 0):
 garbage-first heap   total 7716864K, used 3375076K [0x0000000400000000, 0x0000000800000000)
  region size 8192K, 55 young (450560K), 55 survivors (450560K)
 Metaspace       used 516266K, committed 519680K, reserved 1507328K
  class space    used 103175K, committed 104704K, reserved 1048576K
}
Event: 331.603 GC heap before
{Heap before GC invocations=87 (full 0):
 garbage-first heap   total 7716864K, used 6201316K [0x0000000400000000, 0x0000000800000000)
  region size 8192K, 400 young (3276800K), 55 survivors (450560K)
 Metaspace       used 521182K, committed 524672K, reserved 1507328K
  class space    used 103800K, committed 105344K, reserved 1048576K
}
Event: 331.719 GC heap after
{Heap after GC invocations=88 (full 0):
 garbage-first heap   total 7716864K, used 3409514K [0x0000000400000000, 0x0000000800000000)
  region size 8192K, 17 young (139264K), 17 survivors (139264K)
 Metaspace       used 521182K, committed 524672K, reserved 1507328K
  class space    used 103800K, committed 105344K, reserved 1048576K
}
Event: 343.975 GC heap before
{Heap before GC invocations=88 (full 0):
 garbage-first heap   total 7716864K, used 6325866K [0x0000000400000000, 0x0000000800000000)
  region size 8192K, 373 young (3055616K), 17 survivors (139264K)
 Metaspace       used 532151K, committed 535744K, reserved 1507328K
  class space    used 105212K, committed 106816K, reserved 1048576K
}
Event: 344.040 GC heap after
{Heap after GC invocations=89 (full 0):
 garbage-first heap   total 7716864K, used 3470954K [0x0000000400000000, 0x0000000800000000)
  region size 8192K, 24 young (196608K), 24 survivors (196608K)
 Metaspace       used 532151K, committed 535744K, reserved 1507328K
  class space    used 105212K, committed 106816K, reserved 1048576K
}
Event: 355.413 GC heap before
{Heap before GC invocations=89 (full 0):
 garbage-first heap   total 7716864K, used 6395498K [0x0000000400000000, 0x0000000800000000)
  region size 8192K, 381 young (3121152K), 24 survivors (196608K)
 Metaspace       used 536583K, committed 540224K, reserved 1507328K
  class space    used 105404K, committed 107072K, reserved 1048576K
}
Event: 355.475 GC heap after
{Heap after GC invocations=90 (full 0):
 garbage-first heap   total 7716864K, used 3500002K [0x0000000400000000, 0x0000000800000000)
  region size 8192K, 28 young (229376K), 28 survivors (229376K)
 Metaspace       used 536583K, committed 540224K, reserved 1507328K
  class space    used 105404K, committed 107072K, reserved 1048576K
}

Dll operation events (20 events):
Event: 0.134 Loaded shared library \curseforge\minecraft\Install\runtime\java-runtime-gamma\windows-x64\java-runtime-gamma\bin\net.dll
Event: 0.135 Loaded shared library \curseforge\minecraft\Install\runtime\java-runtime-gamma\windows-x64\java-runtime-gamma\bin\nio.dll
Event: 0.140 Loaded shared library \curseforge\minecraft\Install\runtime\java-runtime-gamma\windows-x64\java-runtime-gamma\bin\zip.dll
Event: 0.198 Loaded shared library \curseforge\minecraft\Install\runtime\java-runtime-gamma\windows-x64\java-runtime-gamma\bin\jimage.dll
Event: 0.365 Loaded shared library \curseforge\minecraft\Install\runtime\java-runtime-gamma\windows-x64\java-runtime-gamma\bin\verify.dll
Event: 1.610 Loaded shared library \curseforge\minecraft\Install\runtime\java-runtime-gamma\windows-x64\java-runtime-gamma\bin\management.dll
Event: 1.612 Loaded shared library \curseforge\minecraft\Install\runtime\java-runtime-gamma\windows-x64\java-runtime-gamma\bin\management_ext.dll
Event: 3.706 Loaded shared library \curseforge\minecraft\Install\bin\2567d7e973f5d76f3d773bd5df2b62bb43bb5d0a\lwjgl.dll
Event: 3.919 Loaded shared library \curseforge\minecraft\Install\bin\2567d7e973f5d76f3d773bd5df2b62bb43bb5d0a\lwjgl_opengl.dll
Event: 3.993 Loaded shared library \curseforge\minecraft\Install\bin\2567d7e973f5d76f3d773bd5df2b62bb43bb5d0a\lwjgl_stb.dll
Event: 11.603 Loaded shared library \curseforge\minecraft\Install\bin\2567d7e973f5d76f3d773bd5df2b62bb43bb5d0a\jna721278449185180307.dll
Event: 22.739 Loaded shared library \curseforge\minecraft\Install\runtime\java-runtime-gamma\windows-x64\java-runtime-gamma\bin\sunmscapi.dll
Event: 26.834 Loaded shared library \curseforge\minecraft\Install\runtime\java-runtime-gamma\windows-x64\java-runtime-gamma\bin\awt.dll
Event: 51.245 Loaded shared library \AppData\Local\Temp\opus4j-425b9c66b27e08f7e8fc45c7a6f2c641\opus4j.dll
Event: 85.805 Loaded shared library \curseforge\minecraft\Instances\CSMP 4\mods\mcef-libraries\windows_amd64\d3dcompiler_47.dll
Event: 85.808 Loaded shared library \curseforge\minecraft\Instances\CSMP 4\mods\mcef-libraries\windows_amd64\libGLESv2.dll
Event: 85.809 Loaded shared library \curseforge\minecraft\Instances\CSMP 4\mods\mcef-libraries\windows_amd64\libEGL.dll
Event: 85.812 Loaded shared library \curseforge\minecraft\Instances\CSMP 4\mods\mcef-libraries\windows_amd64\chrome_elf.dll
Event: 85.821 Loaded shared library \curseforge\minecraft\Instances\CSMP 4\mods\mcef-libraries\windows_amd64\libcef.dll
Event: 85.823 Loaded shared library \curseforge\minecraft\Instances\CSMP 4\mods\mcef-libraries\windows_amd64\jcef.dll

Deoptimization events (20 events):
Event: 357.726 Thread 0x0000021564989c10 Uncommon trap: trap_request=0xffffffc6 fr.pc=0x00000215734779bc relative=0x00000000000000fc
Event: 357.726 Thread 0x0000021564989c10 Uncommon trap: reason=bimorphic_or_optimized_type_check action=maybe_recompile pc=0x00000215734779bc method=io.github.douira.glsl_transformer.ast.node.statement.CompoundStatement.statementAccept(Lio/github/douira/glsl_transformer/ast/traversal/ASTVisitor;
Event: 357.726 Thread 0x0000021564989c10 DEOPT PACKING pc=0x00000215734779bc sp=0x000000d1459fbdf0
Event: 357.726 Thread 0x0000021564989c10 DEOPT UNPACKING pc=0x000002156f5b69a3 sp=0x000000d1459fbd08 mode 2
Event: 357.737 Thread 0x0000021564989c10 Uncommon trap: trap_request=0xffffff45 fr.pc=0x00000215737ff924 relative=0x00000000000002c4
Event: 357.737 Thread 0x0000021564989c10 Uncommon trap: reason=unstable_if action=reinterpret pc=0x00000215737ff924 method=com.jozufozu.flywheel.light.GPULightVolume.uploadTexture()V @ 4 c2
Event: 357.737 Thread 0x0000021564989c10 DEOPT PACKING pc=0x00000215737ff924 sp=0x000000d1459fcbb0
Event: 357.737 Thread 0x0000021564989c10 DEOPT UNPACKING pc=0x000002156f5b69a3 sp=0x000000d1459fca88 mode 2
Event: 357.737 Thread 0x0000021564989c10 Uncommon trap: trap_request=0xffffff45 fr.pc=0x00000215737fe780 relative=0x0000000000000140
Event: 357.737 Thread 0x0000021564989c10 Uncommon trap: reason=unstable_if action=reinterpret pc=0x00000215737fe780 method=com.jozufozu.flywheel.light.GPULightVolume.uploadTexture()V @ 4 c2
Event: 357.737 Thread 0x0000021564989c10 DEOPT PACKING pc=0x00000215737fe780 sp=0x000000d1459fcb50
Event: 357.737 Thread 0x0000021564989c10 DEOPT UNPACKING pc=0x000002156f5b69a3 sp=0x000000d1459fca78 mode 2
Event: 357.742 Thread 0x0000021564989c10 Uncommon trap: trap_request=0xffffffc6 fr.pc=0x0000021573953618 relative=0x00000000000002b8
Event: 357.742 Thread 0x0000021564989c10 Uncommon trap: reason=bimorphic_or_optimized_type_check action=maybe_recompile pc=0x0000021573953618 method=io.github.douira.glsl_transformer.ast.traversal.ASTVisitor.visitGroupingExpression(Lio/github/douira/glsl_transformer/ast/node/expression/unary/Gro
Event: 357.742 Thread 0x0000021564989c10 DEOPT PACKING pc=0x0000021573953618 sp=0x000000d1459fb990
Event: 357.742 Thread 0x0000021564989c10 DEOPT UNPACKING pc=0x000002156f5b69a3 sp=0x000000d1459fb958 mode 2
Event: 357.742 Thread 0x0000021564989c10 Uncommon trap: trap_request=0xffffffc6 fr.pc=0x0000021573953618 relative=0x00000000000002b8
Event: 357.742 Thread 0x0000021564989c10 Uncommon trap: reason=bimorphic_or_optimized_type_check action=maybe_recompile pc=0x0000021573953618 method=io.github.douira.glsl_transformer.ast.traversal.ASTVisitor.visitGroupingExpression(Lio/github/douira/glsl_transformer/ast/node/expression/unary/Gro
Event: 357.742 Thread 0x0000021564989c10 DEOPT PACKING pc=0x0000021573953618 sp=0x000000d1459fb990
Event: 357.742 Thread 0x0000021564989c10 DEOPT UNPACKING pc=0x000002156f5b69a3 sp=0x000000d1459fb958 mode 2

Classes unloaded (0 events):
No events

Classes redefined (0 events):
No events

Internal exceptions (20 events):
Event: 355.808 Thread 0x0000021564989c10 Exception <a 'sun/nio/fs/WindowsException'{0x00000005cca86aa0}> (0x00000005cca86aa0) 
thrown [s\src\hotspot\share\prims\jni.cpp, line 516]
Event: 355.808 Thread 0x0000021564989c10 Exception <a 'sun/nio/fs/WindowsException'{0x00000005cca86cf8}> (0x00000005cca86cf8) 
thrown [s\src\hotspot\share\prims\jni.cpp, line 516]
Event: 355.809 Thread 0x0000021564989c10 Exception <a 'sun/nio/fs/WindowsException'{0x00000005ccaa4830}> (0x00000005ccaa4830) 
thrown [s\src\hotspot\share\prims\jni.cpp, line 516]
Event: 355.809 Thread 0x0000021564989c10 Exception <a 'sun/nio/fs/WindowsException'{0x00000005ccaa4a70}> (0x00000005ccaa4a70) 
thrown [s\src\hotspot\share\prims\jni.cpp, line 516]
Event: 355.811 Thread 0x0000021564989c10 Exception <a 'sun/nio/fs/WindowsException'{0x00000005ccac56a8}> (0x00000005ccac56a8) 
thrown [s\src\hotspot\share\prims\jni.cpp, line 516]
Event: 355.811 Thread 0x0000021564989c10 Exception <a 'sun/nio/fs/WindowsException'{0x00000005ccac5908}> (0x00000005ccac5908) 
thrown [s\src\hotspot\share\prims\jni.cpp, line 516]
Event: 355.812 Thread 0x0000021564989c10 Exception <a 'sun/nio/fs/WindowsException'{0x00000005ccae39b0}> (0x00000005ccae39b0) 
thrown [s\src\hotspot\share\prims\jni.cpp, line 516]
Event: 355.812 Thread 0x0000021564989c10 Exception <a 'sun/nio/fs/WindowsException'{0x00000005ccae3c10}> (0x00000005ccae3c10) 
thrown [s\src\hotspot\share\prims\jni.cpp, line 516]
Event: 355.816 Thread 0x0000021564989c10 Exception <a 'sun/nio/fs/WindowsException'{0x00000005ccb1ee30}> (0x00000005ccb1ee30) 
thrown [s\src\hotspot\share\prims\jni.cpp, line 516]
Event: 355.816 Thread 0x0000021564989c10 Exception <a 'sun/nio/fs/WindowsException'{0x00000005ccb1f0a8}> (0x00000005ccb1f0a8) 
thrown [s\src\hotspot\share\prims\jni.cpp, line 516]
Event: 355.817 Thread 0x0000021564989c10 Exception <a 'sun/nio/fs/WindowsException'{0x00000005ccb3d9f8}> (0x00000005ccb3d9f8) 
thrown [s\src\hotspot\share\prims\jni.cpp, line 516]
Event: 355.817 Thread 0x0000021564989c10 Exception <a 'sun/nio/fs/WindowsException'{0x00000005ccb3dc58}> (0x00000005ccb3dc58) 
thrown [s\src\hotspot\share\prims\jni.cpp, line 516]
Event: 355.818 Thread 0x0000021564989c10 Exception <a 'sun/nio/fs/WindowsException'{0x00000005ccb5bda0}> (0x00000005ccb5bda0) 
thrown [s\src\hotspot\share\prims\jni.cpp, line 516]
Event: 355.818 Thread 0x0000021564989c10 Exception <a 'sun/nio/fs/WindowsException'{0x00000005ccb5c010}> (0x00000005ccb5c010) 
thrown [s\src\hotspot\share\prims\jni.cpp, line 516]
Event: 355.820 Thread 0x0000021564989c10 Exception <a 'sun/nio/fs/WindowsException'{0x00000005ccb7a148}> (0x00000005ccb7a148) 
thrown [s\src\hotspot\share\prims\jni.cpp, line 516]
Event: 355.820 Thread 0x0000021564989c10 Exception <a 'sun/nio/fs/WindowsException'{0x00000005ccb7a3a0}> (0x00000005ccb7a3a0) 
thrown [s\src\hotspot\share\prims\jni.cpp, line 516]
Event: 355.821 Thread 0x0000021564989c10 Exception <a 'sun/nio/fs/WindowsException'{0x00000005ccb97a70}> (0x00000005ccb97a70) 
thrown [s\src\hotspot\share\prims\jni.cpp, line 516]
Event: 355.821 Thread 0x0000021564989c10 Exception <a 'sun/nio/fs/WindowsException'{0x00000005ccb97ce0}> (0x00000005ccb97ce0) 
thrown [s\src\hotspot\share\prims\jni.cpp, line 516]
Event: 355.822 Thread 0x0000021564989c10 Exception <a 'sun/nio/fs/WindowsException'{0x00000005ccbb5b90}> (0x00000005ccbb5b90) 
thrown [s\src\hotspot\share\prims\jni.cpp, line 516]
Event: 355.822 Thread 0x0000021564989c10 Exception <a 'sun/nio/fs/WindowsException'{0x00000005ccbb5de8}> (0x00000005ccbb5de8) 
thrown [s\src\hotspot\share\prims\jni.cpp, line 516]

VM Operations (20 events):
Event: 352.866 Executing VM operation: HandshakeAllThreads
Event: 352.866 Executing VM operation: HandshakeAllThreads done
Event: 353.229 Executing VM operation: ICBufferFull
Event: 353.229 Executing VM operation: ICBufferFull done
Event: 353.556 Executing VM operation: HandshakeAllThreads
Event: 353.556 Executing VM operation: HandshakeAllThreads done
Event: 354.195 Executing VM operation: ICBufferFull
Event: 354.195 Executing VM operation: ICBufferFull done
Event: 355.047 Executing VM operation: ICBufferFull
Event: 355.048 Executing VM operation: ICBufferFull done
Event: 355.141 Executing VM operation: HandshakeAllThreads
Event: 355.141 Executing VM operation: HandshakeAllThreads done
Event: 355.315 Executing VM operation: ICBufferFull
Event: 355.315 Executing VM operation: ICBufferFull done
Event: 355.413 Executing VM operation: G1CollectForAllocation
Event: 355.477 Executing VM operation: G1CollectForAllocation done
Event: 357.478 Executing VM operation: Cleanup
Event: 357.478 Executing VM operation: Cleanup done
Event: 357.544 Executing VM operation: HandshakeAllThreads
Event: 357.544 Executing VM operation: HandshakeAllThreads done

Events (20 events):
Event: 357.602 Thread 0x000002152105cb60 flushing nmethod 0x000002156d535f10
Event: 357.602 Thread 0x000002152105cb60 flushing nmethod 0x000002156d574d90
Event: 357.602 Thread 0x000002152105cb60 flushing nmethod 0x000002156d577210
Event: 357.602 Thread 0x000002152105cb60 flushing nmethod 0x000002156d5eb510
Event: 357.603 Thread 0x000002152105cb60 flushing nmethod 0x000002156d686d90
Event: 357.603 Thread 0x000002152105cb60 flushing nmethod 0x000002156d6fa110
Event: 357.603 Thread 0x000002152105cb60 flushing nmethod 0x000002156d726890
Event: 357.603 Thread 0x000002152105cb60 flushing nmethod 0x000002156d727210
Event: 357.603 Thread 0x000002152105cb60 flushing nmethod 0x000002156d748210
Event: 357.603 Thread 0x000002152105cb60 flushing nmethod 0x000002156d7c6390
Event: 357.603 Thread 0x000002152105cb60 flushing nmethod 0x000002156d7e2e10
Event: 357.603 Thread 0x000002152105cb60 flushing nmethod 0x000002156d85e990
Event: 357.603 Thread 0x000002152105cb60 flushing nmethod 0x000002156d8a9510
Event: 357.604 Thread 0x000002152105cb60 flushing nmethod 0x000002156d8d9f90
Event: 357.604 Thread 0x000002152105cb60 flushing nmethod 0x000002156d8dcb90
Event: 357.604 Thread 0x000002152105cb60 flushing nmethod 0x000002156d913610
Event: 357.605 Thread 0x000002152105cb60 flushing nmethod 0x000002156db3ed10
Event: 357.646 Thread 0x000002153cd9e5d0 Thread added: 0x000002153cd9e5d0
Event: 357.647 Thread 0x000002153cd9e5d0 Thread exited: 0x000002153cd9e5d0
Event: 357.721 Thread 0x0000021664644b90 Thread exited: 0x0000021664644b90


Dynamic libraries:
0x00007ff78cbf0000 - 0x00007ff78cbfe000 	\curseforge\minecraft\Install\runtime\java-runtime-gamma\windows-x64\java-runtime-gamma\bin\javaw.exe
0x00007ff82d350000 - 0x00007ff82d567000 	C:\Windows\SYSTEM32\ntdll.dll
0x00007ff82b390000 - 0x00007ff82b454000 	C:\Windows\System32\KERNEL32.DLL
0x00007ff82ac90000 - 0x00007ff82b04a000 	C:\Windows\System32\KERNELBASE.dll
0x00007ff82a7c0000 - 0x00007ff82a8d1000 	C:\Windows\System32\ucrtbase.dll
0x00007ff824b70000 - 0x00007ff824b87000 	\curseforge\minecraft\Install\runtime\java-runtime-gamma\windows-x64\java-runtime-gamma\bin\jli.dll
0x00007ff824320000 - 0x00007ff82433b000 	\curseforge\minecraft\Install\runtime\java-runtime-gamma\windows-x64\java-runtime-gamma\bin\VCRUNTIME140.dll
0x00007ff82cf00000 - 0x00007ff82d0ae000 	C:\Windows\System32\USER32.dll
0x00007ff82ac60000 - 0x00007ff82ac86000 	C:\Windows\System32\win32u.dll
0x00007ff81e540000 - 0x00007ff81e7d2000 	C:\Windows\WinSxS\amd64_microsoft.windows.common-controls_6595b64144ccf1df_6.0.22621.4541_none_2710d1c57384c085\COMCTL32.dll
0x00007ff82b560000 - 0x00007ff82b589000 	C:\Windows\System32\GDI32.dll
0x00007ff82cc10000 - 0x00007ff82ccb7000 	C:\Windows\System32\msvcrt.dll
0x00007ff82a620000 - 0x00007ff82a73b000 	C:\Windows\System32\gdi32full.dll
0x00007ff82a8e0000 - 0x00007ff82a97a000 	C:\Windows\System32\msvcp_win.dll
0x00007ff82c880000 - 0x00007ff82c8b1000 	C:\Windows\System32\IMM32.DLL
0x00007ff8253c0000 - 0x00007ff8253cc000 	\curseforge\minecraft\Install\runtime\java-runtime-gamma\windows-x64\java-runtime-gamma\bin\vcruntime140_1.dll
0x00007ff8050a0000 - 0x00007ff80512d000 	\curseforge\minecraft\Install\runtime\java-runtime-gamma\windows-x64\java-runtime-gamma\bin\msvcp140.dll
0x00007fff61d00000 - 0x00007fff62965000 	\curseforge\minecraft\Install\runtime\java-runtime-gamma\windows-x64\java-runtime-gamma\bin\server\jvm.dll
0x00007ff82cb40000 - 0x00007ff82cbf2000 	C:\Windows\System32\ADVAPI32.dll
0x00007ff82ce50000 - 0x00007ff82cef7000 	C:\Windows\System32\sechost.dll
0x00007ff82aac0000 - 0x00007ff82aae8000 	C:\Windows\System32\bcrypt.dll
0x00007ff82cd30000 - 0x00007ff82ce44000 	C:\Windows\System32\RPCRT4.dll
0x00007ff8294b0000 - 0x00007ff8294fd000 	C:\Windows\SYSTEM32\POWRPROF.dll
0x00007ff806290000 - 0x00007ff806299000 	C:\Windows\SYSTEM32\WSOCK32.dll
0x00007ff824500000 - 0x00007ff824534000 	C:\Windows\SYSTEM32\WINMM.dll
0x00007ff82c8c0000 - 0x00007ff82c931000 	C:\Windows\System32\WS2_32.dll
0x00007ff8234b0000 - 0x00007ff8234ba000 	C:\Windows\SYSTEM32\VERSION.dll
0x00007ff829490000 - 0x00007ff8294a3000 	C:\Windows\SYSTEM32\UMPDC.dll
0x00007ff829750000 - 0x00007ff829768000 	C:\Windows\SYSTEM32\kernel.appcore.dll
0x00007ff824b60000 - 0x00007ff824b6a000 	\curseforge\minecraft\Install\runtime\java-runtime-gamma\windows-x64\java-runtime-gamma\bin\jimage.dll
0x00007ff827c80000 - 0x00007ff827eb2000 	C:\Windows\SYSTEM32\DBGHELP.DLL
0x00007ff82ba70000 - 0x00007ff82bdff000 	C:\Windows\System32\combase.dll
0x00007ff82c940000 - 0x00007ff82ca17000 	C:\Windows\System32\OLEAUT32.dll
0x00007ff81a1b0000 - 0x00007ff81a1e2000 	C:\Windows\SYSTEM32\dbgcore.DLL
0x00007ff82a740000 - 0x00007ff82a7bb000 	C:\Windows\System32\bcryptPrimitives.dll
0x00007ff81f080000 - 0x00007ff81f0a5000 	\curseforge\minecraft\Install\runtime\java-runtime-gamma\windows-x64\java-runtime-gamma\bin\java.dll
0x00007ff813020000 - 0x00007ff813038000 	\curseforge\minecraft\Install\runtime\java-runtime-gamma\windows-x64\java-runtime-gamma\bin\zip.dll
0x00007ff804ca0000 - 0x00007ff804d77000 	\curseforge\minecraft\Install\runtime\java-runtime-gamma\windows-x64\java-runtime-gamma\bin\jsvml.dll
0x00007ff82be00000 - 0x00007ff82c678000 	C:\Windows\System32\SHELL32.dll
0x00007ff828570000 - 0x00007ff828e78000 	C:\Windows\SYSTEM32\windows.storage.dll
0x00007ff828430000 - 0x00007ff82856f000 	C:\Windows\SYSTEM32\wintypes.dll
0x00007ff82ca40000 - 0x00007ff82cb3a000 	C:\Windows\System32\SHCORE.dll
0x00007ff82ba10000 - 0x00007ff82ba6e000 	C:\Windows\System32\shlwapi.dll
0x00007ff82a550000 - 0x00007ff82a57b000 	C:\Windows\SYSTEM32\profapi.dll
0x00007ff812e00000 - 0x00007ff812e19000 	\curseforge\minecraft\Install\runtime\java-runtime-gamma\windows-x64\java-runtime-gamma\bin\net.dll
0x00007ff825bf0000 - 0x00007ff825d26000 	C:\Windows\SYSTEM32\WINHTTP.dll
0x00007ff829bd0000 - 0x00007ff829c39000 	C:\Windows\system32\mswsock.dll
0x00007ff812de0000 - 0x00007ff812df6000 	\curseforge\minecraft\Install\runtime\java-runtime-gamma\windows-x64\java-runtime-gamma\bin\nio.dll
0x00007ff8244d0000 - 0x00007ff8244e0000 	\curseforge\minecraft\Install\runtime\java-runtime-gamma\windows-x64\java-runtime-gamma\bin\verify.dll
0x00007ff825830000 - 0x00007ff825839000 	\curseforge\minecraft\Install\runtime\java-runtime-gamma\windows-x64\java-runtime-gamma\bin\management.dll
0x00007ff81f070000 - 0x00007ff81f07b000 	\curseforge\minecraft\Install\runtime\java-runtime-gamma\windows-x64\java-runtime-gamma\bin\management_ext.dll
0x00007ff82ccc0000 - 0x00007ff82ccc8000 	C:\Windows\System32\PSAPI.DLL
0x00007ff80df40000 - 0x00007ff80df57000 	C:\Windows\system32\napinsp.dll
0x00007fffc7e30000 - 0x00007fffc7e4b000 	C:\Windows\system32\pnrpnsp.dll
0x00007ff8291c0000 - 0x00007ff8292c2000 	C:\Windows\SYSTEM32\DNSAPI.dll
0x00007ff829150000 - 0x00007ff82917d000 	C:\Windows\SYSTEM32\IPHLPAPI.DLL
0x00007ff82cc00000 - 0x00007ff82cc09000 	C:\Windows\System32\NSI.dll
0x00007fffb5a30000 - 0x00007fffb5a41000 	C:\Windows\System32\winrnr.dll
0x00007ffff92b0000 - 0x00007ffff92c5000 	C:\Windows\system32\wshbth.dll
0x00007fffdb840000 - 0x00007fffdb867000 	C:\Windows\system32\nlansp_c.dll
0x00007ff823510000 - 0x00007ff82351a000 	C:\Windows\System32\rasadhlp.dll
0x00007ff824230000 - 0x00007ff8242b3000 	C:\Windows\System32\fwpuclnt.dll
0x00007ff80a390000 - 0x00007ff80a405000 	\curseforge\minecraft\Install\bin\2567d7e973f5d76f3d773bd5df2b62bb43bb5d0a\lwjgl.dll
0x00007ff804e70000 - 0x00007ff804ed1000 	\curseforge\minecraft\Install\bin\2567d7e973f5d76f3d773bd5df2b62bb43bb5d0a\glfw.dll
0x00007fffb5a50000 - 0x00007fffb5a96000 	C:\Windows\SYSTEM32\dinput8.dll
0x00007ff804fc0000 - 0x00007ff804fd1000 	C:\Windows\SYSTEM32\xinput1_4.dll
0x00007ff82a310000 - 0x00007ff82a35e000 	C:\Windows\SYSTEM32\cfgmgr32.dll
0x00007ff82a2e0000 - 0x00007ff82a30c000 	C:\Windows\SYSTEM32\DEVOBJ.dll
0x00007ff826d70000 - 0x00007ff826d9b000 	C:\Windows\SYSTEM32\dwmapi.dll
0x00007ff8122e0000 - 0x00007ff8124f4000 	C:\Windows\SYSTEM32\inputhost.dll
0x00007ff8258e0000 - 0x00007ff825a13000 	C:\Windows\SYSTEM32\CoreMessaging.dll
0x00007ff826be0000 - 0x00007ff826c91000 	C:\Windows\system32\uxtheme.dll
0x00007ff829e40000 - 0x00007ff829e4c000 	C:\Windows\SYSTEM32\CRYPTBASE.DLL
0x00007ff82c690000 - 0x00007ff82c7f1000 	C:\Windows\System32\MSCTF.dll
0x00007ffff6f10000 - 0x00007ffff7010000 	C:\Windows\SYSTEM32\opengl32.dll
0x00007ffff77c0000 - 0x00007ffff77ed000 	C:\Windows\SYSTEM32\GLU32.dll
0x00007ff827020000 - 0x00007ff827057000 	C:\Windows\SYSTEM32\dxcore.dll
0x00007ff82d0b0000 - 0x00007ff82d160000 	C:\Windows\System32\clbcatq.dll
0x00007fff6bbb0000 - 0x00007fff6e1e8000 	C:\Windows\System32\DriverStore\FileRepository\nv_dispi.inf_amd64_9425e4c3b1ac1c47\nvoglv64.dll
0x00007ff82b590000 - 0x00007ff82ba04000 	C:\Windows\System32\SETUPAPI.dll
0x00007ff82d160000 - 0x00007ff82d305000 	C:\Windows\System32\ole32.dll
0x00007ff829500000 - 0x00007ff829514000 	C:\Windows\SYSTEM32\WTSAPI32.dll
0x00007ff829e80000 - 0x00007ff829e92000 	C:\Windows\SYSTEM32\msasn1.dll
0x00007ff823470000 - 0x00007ff8234a2000 	C:\Windows\SYSTEM32\cryptnet.dll
0x00007ff82aaf0000 - 0x00007ff82ac56000 	C:\Windows\System32\CRYPT32.dll
0x00007ff829ef0000 - 0x00007ff829f3c000 	C:\Windows\SYSTEM32\wldp.dll
0x00007ff822520000 - 0x00007ff822682000 	C:\Windows\SYSTEM32\drvstore.dll
0x00007ff82aa40000 - 0x00007ff82aab2000 	C:\Windows\System32\WINTRUST.dll
0x00007ff829860000 - 0x00007ff829894000 	C:\Windows\SYSTEM32\ntmarta.dll
0x00007ff82b460000 - 0x00007ff82b47f000 	C:\Windows\System32\imagehlp.dll
0x00007ff829e20000 - 0x00007ff829e3b000 	C:\Windows\SYSTEM32\CRYPTSP.dll
0x00007ff8296b0000 - 0x00007ff8296e5000 	C:\Windows\system32\rsaenh.dll
0x00007ff81a910000 - 0x00007ff81d620000 	C:\Windows\System32\DriverStore\FileRepository\nv_dispi.inf_amd64_9425e4c3b1ac1c47\nvgpucomp64.dll
0x00007ff801690000 - 0x00007ff80198b000 	C:\Windows\system32\nvspcap64.dll
0x00007ff8290d0000 - 0x00007ff829136000 	C:\Windows\SYSTEM32\WINSTA.dll
0x00007ff804090000 - 0x00007ff8042e9000 	\curseforge\minecraft\Install\bin\2567d7e973f5d76f3d773bd5df2b62bb43bb5d0a\jemalloc.dll
0x00007ff81a7c0000 - 0x00007ff81a905000 	C:\Windows\SYSTEM32\textinputframework.dll
0x00007ff805da0000 - 0x00007ff805dfd000 	\curseforge\minecraft\Install\bin\2567d7e973f5d76f3d773bd5df2b62bb43bb5d0a\lwjgl_opengl.dll
0x00007ff804a00000 - 0x00007ff804a81000 	\curseforge\minecraft\Install\bin\2567d7e973f5d76f3d773bd5df2b62bb43bb5d0a\lwjgl_stb.dll
0x00007ff829cc0000 - 0x00007ff829ce8000 	C:\Windows\SYSTEM32\USERENV.dll
0x00007ff826330000 - 0x00007ff826349000 	C:\Windows\SYSTEM32\dhcpcsvc6.DLL
0x00007ff825b90000 - 0x00007ff825baf000 	C:\Windows\SYSTEM32\dhcpcsvc.DLL
0x00007ff812da0000 - 0x00007ff812de0000 	\curseforge\minecraft\Install\bin\2567d7e973f5d76f3d773bd5df2b62bb43bb5d0a\jna721278449185180307.dll
0x00007ff81f370000 - 0x00007ff81f38d000 	C:\Windows\SYSTEM32\amsi.dll
0x00007ff81f2e0000 - 0x00007ff81f363000 	C:\ProgramData\Microsoft\Windows Defender\Platform\4.18.24090.11-0\MpOav.dll
0x00007ff80ddc0000 - 0x00007ff80de10000 	C:\Windows\SYSTEM32\Pdh.dll
0x00007ff800230000 - 0x00007ff800240000 	C:\Windows\System32\perfos.dll
0x00007ff826df0000 - 0x00007ff826e00000 	C:\Windows\SYSTEM32\pfclient.dll
0x00007ff81e9a0000 - 0x00007ff81e9ae000 	\curseforge\minecraft\Install\runtime\java-runtime-gamma\windows-x64\java-runtime-gamma\bin\sunmscapi.dll
0x00007ff829fe0000 - 0x00007ff82a00d000 	C:\Windows\SYSTEM32\ncrypt.dll
0x00007ff829fa0000 - 0x00007ff829fd7000 	C:\Windows\SYSTEM32\NTASN1.dll
0x00007ff821860000 - 0x00007ff82191c000 	C:\Windows\SYSTEM32\mscms.dll
0x00007ff806050000 - 0x00007ff806099000 	C:\Windows\SYSTEM32\icm32.dll
0x00007ff808e80000 - 0x00007ff808eb4000 	\AppData\Local\Temp\watermedia\videolan\libvlc.dll
0x00007fffdbf40000 - 0x00007fffdc1f5000 	\AppData\Local\Temp\watermedia\videolan\libvlccore.dll
0x00007ffff8e50000 - 0x00007ffff8ef2000 	C:\Windows\SYSTEM32\DSOUND.dll
0x00007ff8115e0000 - 0x00007ff811609000 	C:\Windows\SYSTEM32\winmmbase.dll
0x00007ffff8d90000 - 0x00007ffff8e41000 	C:\Windows\SYSTEM32\ResampleDmo.DLL
0x00007fffdc880000 - 0x00007fffdc88b000 	C:\Windows\SYSTEM32\msdmo.dll
0x00007fff69c50000 - 0x00007fff69d5e000 	\AppData\Local\Temp\watermedia\videolan\plugins\misc\libxml_plugin.dll
0x00007fffc7aa0000 - 0x00007fffc7e30000 	\AppData\Local\Temp\watermedia\videolan\plugins\access\libaccess_srt_plugin.dll
0x00007fffc7800000 - 0x00007fffc7a96000 	\AppData\Local\Temp\watermedia\videolan\plugins\access\libdcp_plugin.dll
0x00007ff809ee0000 - 0x00007ff809ef8000 	\AppData\Local\Temp\watermedia\videolan\plugins\access\libfilesystem_plugin.dll
0x00007ff805010000 - 0x00007ff805036000 	\AppData\Local\Temp\watermedia\videolan\plugins\access\libftp_plugin.dll
0x00007ff804fe0000 - 0x00007ff80500d000 	\AppData\Local\Temp\watermedia\videolan\plugins\access\libhttps_plugin.dll
0x00007ff805080000 - 0x00007ff80509a000 	\AppData\Local\Temp\watermedia\videolan\plugins\access\libhttp_plugin.dll
0x00007ff804f50000 - 0x00007ff804f61000 	\AppData\Local\Temp\watermedia\videolan\plugins\access\libimem_plugin.dll
0x00007ff804920000 - 0x00007ff80496f000 	\AppData\Local\Temp\watermedia\videolan\plugins\access\libnfs_plugin.dll

dbghelp: loaded successfully - version: 4.0.5 - missing functions: none
symbol engine: initialized successfully - sym options: 0x614 - pdb path: .;\curseforge\minecraft\Install\runtime\java-runtime-gamma\windows-x64\java-runtime-gamma\bin;C:\Windows\SYSTEM32;C:\Windows\WinSxS\amd64_microsoft.windows.common-controls_6595b64144ccf1df_6.0.22621.4541_none_2710d1c57384c085;\curseforge\minecraft\Install\runtime\java-runtime-gamma\windows-x64\java-runtime-gamma\bin\server;\curseforge\minecraft\Install\bin\2567d7e973f5d76f3d773bd5df2b62bb43bb5d0a;C:\Windows\System32\DriverStore\FileRepository\nv_dispi.inf_amd64_9425e4c3b1ac1c47;C:\ProgramData\Microsoft\Windows Defender\Platform\4.18.24090.11-0;\AppData\Local\Temp\watermedia\videolan;\AppData\Local\Temp\watermedia\videolan\plugins\misc;\AppData\Local\Temp\watermedia\videolan\plugins\access;\AppData\Local\Temp\watermedia\videolan\plugins\audio_filter;\AppData\Local\Temp\watermedia\videolan\plugins\audio_mixer;\AppData\Local\Temp\watermedia\videolan\plugins\audio_output;\AppData\Local\Temp\watermedia\videolan\plugins\codec;\AppData\Local\Temp\watermedia\videolan\plugins\d3d11;\AppData\Local\Temp\watermedia\videolan\plugins\d3d9;\AppData\Local\Temp\watermedia\videolan\plugins\demux;\AppData\Local\Temp\watermedia\videolan\plugins\logger;\AppData\Local\Temp\watermedia\videolan\plugins\lua;\AppData\Local\Temp\watermedia\videolan\plugins\mux;\AppData\Local\Temp\watermedia\videolan\plugins\packetizer;\AppData\Local\Temp\watermedia\videolan\plugins\spu;\AppData\Local\Temp\watermedia\videolan\plugins\stream_filter;\AppData\Local\Temp\watermedia\videolan\plugins\video_chroma;\AppData\Local\Temp\watermedia\videolan\plugins\video_filter;\AppData\Local\Temp\watermedia\videolan\plugins\video_output;C:\Windows\System32\Speech\Common;\AppData\Local\Temp\opus4j-425b9c66b27e08f7e8fc45c7a6f2c641;\curseforge\minecraft\Instances\CSMP 4\mods\mcef-libraries\windows_amd64

VM Arguments:
jvm_args: -XX:HeapDumpPath=MojangTricksIntelDriversForPerformance_javaw.exe_minecraft.exe.heapdump -Xss1M -Djava.library.path=\curseforge\minecraft\Install\bin\2567d7e973f5d76f3d773bd5df2b62bb43bb5d0a -Djna.tmpdir=\curseforge\minecraft\Install\bin\2567d7e973f5d76f3d773bd5df2b62bb43bb5d0a -Dorg.lwjgl.system.SharedLibraryExtractPath=\curseforge\minecraft\Install\bin\2567d7e973f5d76f3d773bd5df2b62bb43bb5d0a -Dio.netty.native.workdir=\curseforge\minecraft\Install\bin\2567d7e973f5d76f3d773bd5df2b62bb43bb5d0a -Dminecraft.launcher.brand=minecraft-launcher -Dminecraft.launcher.version=3.6.2 -Djava.net.preferIPv6Addresses=system -DignoreList=bootstraplauncher,securejarhandler,asm-commons,asm-util,asm-analysis,asm-tree,asm,JarJarFileSystems,client-extra,fmlcore,javafmllanguage,lowcodelanguage,mclanguage,forge-,forge-47.3.12.jar,forge-47.3.12 -DmergeModules=jna-5.10.0.jar,jna-platform-5.10.0.jar -DlibraryDirectory=\curseforge\minecraft\Install\libraries --module-path=\curseforge\minecraft\Install\libraries/cpw/mods/bootstraplauncher/1.1.2/bootstraplauncher-1.1.2.jar;\curseforge\minecraft\Install\libraries/cpw/mods/securejarhandler/2.1.10/securejarhandler-2.1.10.jar;\curseforge\minecraft\Install\libraries/org/ow2/asm/asm-commons/9.7.1/asm-commons-9.7.1.jar;\curseforge\minecraft\Install\libraries/org/ow2/asm/asm-util/9.7.1/asm-util-9.7.1.jar;\curseforge\minecraft\Install\libraries/org/ow2/asm/asm-analysis/9.7.1/asm-analysis-9.7.1.jar;\curseforge\minecraft\Install\libraries/org/ow2/asm/asm-tree/9.7.1/asm-tree-9.7.1.jar;\curseforge\minecraft\Install\libraries/org/ow2/asm/asm/9.7.1/asm-9.7.1.jar;\curseforge\minecraft\Install\libraries/net/minecraftforge/JarJarFileSystems/0.3.19/JarJarFileSystems-0.3.19.jar --add-modules=ALL-MODULE-PATH --add-opens=java.base/java.util.jar=cpw.mods.securejarhandler --add-opens=java.base/java.lang.invoke=cpw.mods.securejarhandler --add-exports=java.base/sun.security.util=cpw.mods.securejarhandler --add-exports=jdk.naming.dns/com.sun.jndi.dns=java.naming -Xmx16384m -Xms256m -Dminecraft.applet.TargetDirectory=\curseforge\minecraft\Instances\CSMP 4 -Dfml.ignorePatchDiscrepancies=true -Dfml.ignoreInvalidMinecraftCertificates=true -Duser.language=en -Duser.country=US -DlibraryDirectory=\curseforge\minecraft\Install\libraries -Dlog4j.configurationFile=\curseforge\minecraft\Install\assets\log_configs\client-1.12.xml 
java_command: cpw.mods.bootstraplauncher.BootstrapLauncher --username Caiki --version forge-47.3.12 --gameDir \curseforge\minecraft\Instances\CSMP 4 --assetsDir \curseforge\minecraft\Install\assets --assetIndex 5 --uuid 2bdc9bafa3d6459583d95656b291e8fd -LZQ2f3iA5y8yx3g_zdhz0QbPssFBNH2nIdBwgo --clientId MDIxMGVjZGEtMTg0OS00YmI5LWEzYzQtODU4MjJlYTYzYTUz --xuid 2535410982947856 --userType msa --versionType release --width 1024 --height 768 --quickPlayPath \curseforge\minecraft\Install\quickPlay\java\1735667070744.json --launchTarget forgeclient --fml.forgeVersion 47.3.12 --fml.mcVersion 1.20.1 --fml.forgeGroup net.minecraftforge --fml.mcpVersion 20230612.114412
java_class_path (initial): \curseforge\minecraft\Install\libraries\cpw\mods\securejarhandler\2.1.10\securejarhandler-2.1.10.jar;\curseforge\minecraft\Install\libraries\org\ow2\asm\asm\9.7.1\asm-9.7.1.jar;\curseforge\minecraft\Install\libraries\org\ow2\asm\asm-commons\9.7.1\asm-commons-9.7.1.jar;\curseforge\minecraft\Install\libraries\org\ow2\asm\asm-tree\9.7.1\asm-tree-9.7.1.jar;\curseforge\minecraft\Install\libraries\org\ow2\asm\asm-util\9.7.1\asm-util-9.7.1.jar;\curseforge\minecraft\Install\libraries\org\ow2\asm\asm-analysis\9.7.1\asm-analysis-9.7.1.jar;\curseforge\minecraft\Install\libraries\net\minecraftforge\accesstransformers\8.0.4\accesstransformers-8.0.4.jar;\curseforge\minecraft\Install\libraries\org\antlr\antlr4-runtime\4.9.1\antlr4-runtime-4.9.1.jar;\curseforge\minecraft\Install\libraries\net\minecraftforge\eventbus\6.0.5\eventbus-6.0.5.jar;\curseforge\minecraft\Install\libraries\net\minecraftforge\forgespi\7.0.1\forgespi-7.0.1.jar;\curseforge\minecraft\Install\libraries\net\minecraftforge\coremods\5.2.1\coremods-5.2.1.jar;\curseforge\minecraft\Install\libraries\cpw\mods\modlauncher\10.0.9\modlauncher-10.0.9.jar;\curseforge\minecraft\Install\libraries\net\minecraftforge\unsafe\0.2.0\unsafe-0.2.0.jar;\curseforge\minecraft\Install\libraries\net\minecraftforge\mergetool\1.1.5\mergetool-1.1.5-api.jar;\curseforge\minecraft\Install\libraries\com\electronwill\night-config\core\3.6.4\core-3.6.4.jar;\curseforge\minecraft\Install\libraries\com\electronwill\night-config\toml\3.6.4\toml-3.6.4.jar;\curseforge\minecraft\Install\libraries\org\apache\maven\maven-artifact\3.8.5\maven-artifact-3.8.5.jar;\curseforge\minecraft\Install\libraries\net\jodah\typetools\0.6.3\typetools-0.6.3.jar;\curseforge\minecraft\
Launcher Type: SUN_STANDARD

[Global flags]
     intx CICompilerCount                          = 12                                        {product} {ergonomic}
     uint ConcGCThreads                            = 4                                         {product} {ergonomic}
     uint G1ConcRefinementThreads                  = 15                                        {product} {ergonomic}
   size_t G1HeapRegionSize                         = 8388608                                   {product} {ergonomic}
    uintx GCDrainStackTargetSize                   = 64                                        {product} {ergonomic}
    ccstr HeapDumpPath                             = MojangTricksIntelDriversForPerformance_javaw.exe_minecraft.exe.heapdump         {manageable} {command line}
   size_t InitialHeapSize                          = 268435456                                 {product} {command line}
   size_t MarkStackSize                            = 4194304                                   {product} {ergonomic}
   size_t MaxHeapSize                              = 17179869184                               {product} {command line}
   size_t MaxNewSize                               = 10301210624                               {product} {ergonomic}
   size_t MinHeapDeltaBytes                        = 8388608                                   {product} {ergonomic}
   size_t MinHeapSize                              = 268435456                                 {product} {command line}
    uintx NonNMethodCodeHeapSize                   = 7602480                                {pd product} {ergonomic}
    uintx NonProfiledCodeHeapSize                  = 122027880                              {pd product} {ergonomic}
    uintx ProfiledCodeHeapSize                     = 122027880                              {pd product} {ergonomic}
    uintx ReservedCodeCacheSize                    = 251658240                              {pd product} {ergonomic}
     bool SegmentedCodeCache                       = true                                      {product} {ergonomic}
   size_t SoftMaxHeapSize                          = 17179869184                            {manageable} {ergonomic}
     intx ThreadStackSize                          = 1024                                   {pd product} {command line}
     bool UseCompressedClassPointers               = true                           {product lp64_product} {ergonomic}
     bool UseCompressedOops                        = true                           {product lp64_product} {ergonomic}
     bool UseG1GC                                  = true                                      {product} {ergonomic}
     bool UseLargePagesIndividualAllocation        = false                                  {pd product} {ergonomic}

Logging:
Log output configuration:
 #0: stdout all=warning uptime,level,tags
 #1: stderr all=off uptime,level,tags

Environment Variables:
PATH=C:\Program Files\Common Files\Oracle\Java\javapath;C:\Windows\system32;C:\Windows;C:\Windows\System32\Wbem;C:\Windows\System32\WindowsPowerShell\v1.0\;C:\Windows\System32\OpenSSH\;C:\Program Files (x86)\NVIDIA Corporation\PhysX\Common;C:\Program Files\Git\cmd;C:\Program Files\nodejs\;C:\Program Files\Git LFS;C:\Program Files\dotnet\;C:\Program Files\NVIDIA Corporation\NVIDIA app\NvDLISR;C:\Program Files\apache-maven\bin;\AppData\Local\Programs\Python\Python312\Scripts\;\AppData\Local\Programs\Python\Python312\;\AppData\Local\Microsoft\WindowsApps;\AppData\Local\Programs\Microsoft VS Code\bin;\AppData\Local\GitHubDesktop\bin;\AppData\Roaming\npm;\AppData\Local\Microsoft\WinGet\Packages\Microsoft.devtunnel_Microsoft.Winget.Source_8wekyb3d8bbwe;;C:\Program Files\JetBrains\IntelliJ IDEA Community Edition 2024.3\bin;
USERNAME=%USERPROFILE%
OS=Windows_NT
PROCESSOR_IDENTIFIER=Intel64 Family 6 Model 165 Stepping 5, GenuineIntel
TMP=<TMP>
TEMP=<TEMP>



---------------  S Y S T E M  ---------------

OS:
 Windows 11 , 64 bit Build 22621 (10.0.22621.4391)
OS uptime: 0 days 0:48 hours

CPU: total 20 (initial active 20) (10 cores per cpu, 2 threads per core) family 6 model 165 stepping 5 microcode 0xf4, cx8, cmov, fxsr, ht, mmx, 3dnowpref, sse, sse2, sse3, ssse3, sse4.1, sse4.2, popcnt, lzcnt, tsc, tscinvbit, avx, avx2, aes, erms, clmul, bmi1, bmi2, adx, fma, vzeroupper, clflush, clflushopt
Processor Information for all 20 processors :
  Max Mhz: 2808, Current Mhz: 2808, Mhz Limit: 2808

Memory: 4k page, system-wide physical 32592M (12424M free)
TotalPageFile size 34640M (AvailPageFile size 6384M)
current process WorkingSet (physical memory assigned to process): 10801M, peak: 10943M
current process commit charge ("private bytes"): 13782M, peak: 14997M

vm_info: OpenJDK 64-Bit Server VM (17.0.8+7-LTS) for windows-amd64 JRE (17.0.8+7-LTS), built on Jul  7 2023 17:21:55 by "MicrosoftCorporation" with MS VC++ 16.10 / 16.11 (VS2019)

END.
